Date,SPO ID,Unit Type,University,Society,Member Count,Requirements Met,Members Met,Events Met,Officers Status,Overall Vitality
2026-08-13,SBA64411,Affinity Group,Antonio Narino University,WIE,38,2,Yes,No,Met,Not Met
2026-08-13,SBA60236869,Affinity Group,Corporación Universitaria del Huila – CORHUILA,WIE,8,2,Yes,No,Met,Not Met
2026-08-13,SBA27011,Affinity Group,Escuela Colombiana De Ingenieria Julio Garavito,WIE,3,0,No,No,Partial,Not Met
2026-08-13,SBA05421,Affinity Group,Escuela Colombiana de Carreras Industriales,WIE,16,3,Yes,Yes,Met,Met
2026-08-13,SBA13041,Affinity Group,Escuela Tecnologica Instituto Tecnico Central,WIE,5,1,No,No,Met,Not Met
2026-08-13,SBA63981,Affinity Group,Granada Univ Militar Nueva,WIE,7,1,Yes,No,Not Met,Not Met
2026-08-13,SBA02571,Affinity Group,Icesi University,WIE,11,3,Yes,Yes,Met,Met
2026-08-13,SBA03103,Affinity Group,Institucion Universitaria CESMAG,WIE,0,0,No,No,Not Met,Not Met
2026-08-13,SBA04591,Affinity Group,Pontificia Univ Javeriana Sede Bogota,WIE,6,2,Yes,Yes,Partial,Not Met
2026-08-13,SBA62391,Affinity Group,Univ Cooperativa De Colombia Sede Bogota,WIE,0,0,No,No,Not Met,Not Met
2026-08-13,SBA18011,Affinity Group,Univ Distrital Francisco Jose de Caldas - Bolivar,WIE,20,1,Yes,No,Not Met,Not Met
2026-08-13,SBA04331,Affinity Group,Universidad Distrital Francisco Jose de Caldas,WIE,18,1,Yes,No,Not Met,Not Met
2026-08-13,SBA60951,Affinity Group,Universidad El Bosque,WIE,0,0,No,No,Not Met,Not Met
2026-08-13,SBA61301,Affinity Group,Universidad Nacional sede Manizales,WIE,1,1,No,Yes,Not Met,Not Met
2026-08-13,SBA09021,Affinity Group,Univ Pontificia Bolivariana (UPB),WIE,0,0,No,No,Not Met,Not Met
2026-08-13,SBA09851,Affinity Group,Univ Santo Tomas De Aquino,WIE,0,0,No,No,Not Met,Not Met
2026-08-13,SBA04331S,Affinity Group,Universidad Distrital Francisco Jose de Caldas,SIGHT,43,1,Yes,No,Not Met,Not Met
2026-08-13,SBA29341,Affinity Group,Universidad Autonoma de Occidente,WIE,0,0,No,No,Not Met,Not Met
2026-08-13,SBA62201S,Affinity Group,Universidad Catolica de Colombia,SIGHT,0,0,No,No,Not Met,Not Met
2026-08-13,SBA62201,Affinity Group,Universidad Catolica de Colombia,WIE,0,0,No,No,Not Met,Not Met
2026-08-13,SBA10591,Affinity Group,Universidad Francisco de Paula Santander,WIE,1,0,No,No,Not Met,Not Met
2026-08-13,SBA10511,Affinity Group,Universidad Industrial de Santander,WIE,12,2,Yes,Yes,Not Met,Not Met
2026-08-13,SBA13071,Affinity Group,Universidad Nacional Abierta y a Distancia,WIE,8,2,Yes,No,Met,Not Met
2026-08-13,SBA06431,Affinity Group,Universidad Nacional De Colombia Sede Bogota,WIE,16,1,Yes,No,Not Met,Not Met
2026-08-13,SBA81721,Affinity Group,Universidad Piloto de Colombia,WIE,1,0,No,No,Not Met,Not Met
2026-08-13,SBA64461,Affinity Group,Universidad Santiago de Cali,WIE,14,2,Yes,Yes,Partial,Not Met
2026-08-13,SBA04081S,Affinity Group,Universidad Santo Tomas - Tunja,SIGHT,26,1,Yes,No,Partial,Not Met
2026-08-13,SBA04081,Affinity Group,Universidad Santo Tomas - Tunja,WIE,20,1,Yes,No,Partial,Not Met
2026-08-13,SBA01201,Affinity Group,Universidad Sergio Arboleda,WIE,0,0,No,No,Not Met,Not Met
2026-08-13,SBA16735,Affinity Group,Universidad Surcolombiana,WIE,19,1,Yes,No,Partial,Not Met
2026-08-13,SBA17431,Affinity Group,Universidad Tecnologica de Pereira,WIE,3,0,No,No,Partial,Not Met
2026-08-13,SBA64151,Affinity Group,Universidad de Narino,WIE,0,0,No,No,Not Met,Not Met
2026-08-13,SBA62571,Affinity Group,Universidad de San Buenaventura,WIE,0,0,No,No,Not Met,Not Met
2026-08-13,SBA12991,Affinity Group,Universidad de los Andes,WIE,41,2,Yes,Yes,Partial,Not Met
2026-08-13,SBA09161,Affinity Group,Universidad del Cauca,WIE,36,1,Yes,No,Not Met,Not Met
2026-08-13,SBA65911,Affinity Group,Universidad del Quindio,WIE,7,2,Yes,Yes,Partial,Not Met
2026-08-13,SBA95801,Affinity Group,Universidad del Valle,WIE,32,3,Yes,Yes,Met,Met
2026-08-13,STB64411A,Student Branch,Antonio Narino University,,48,3,Yes,Yes,Met,Met
2026-08-13,STB60103228,Student Branch,Corporacion Universitaria Minuto de Dios UNIMINUTO,,0,0,No,No,Not Met,Not Met
2026-08-13,STB18371,Student Branch,Corporacion Universitaria Unitec,,0,0,No,No,Not Met,Not Met
2026-08-13,STB60236869,Student Branch,Corporación Universitaria del Huila – CORHUILA,,32,3,Yes,Yes,Met,Met
2026-08-13,STB40010389,Student Branch,De La Salle University,,6,1,No,No,Met,Not Met
2026-08-13,STB27011,Student Branch,Escuela Colombiana De Ingenieria Julio Garavito,,9,1,No,No,Met,Not Met
2026-08-13,STB05421,Student Branch,Escuela Colombiana de Carreras Industriales,,18,2,Yes,No,Met,Not Met
2026-08-13,STB60204105,Student Branch,Escuela De Aviacion Del Ejercito,,0,0,No,No,Not Met,Not Met
2026-08-13,STB13041,Student Branch,Escuela Tecnologica Instituto Tecnico Central,,7,0,No,No,Partial,Not Met
2026-08-13,STB60222205,Student Branch,Fundacion Universitaria Compensar,,3,0,No,No,Not Met,Not Met
2026-08-13,STB63981,Student Branch,Granada Univ Militar Nueva,,8,1,No,No,Met,Not Met
2026-08-13,STB02571,Student Branch,Icesi University,,41,3,Yes,Yes,Met,Met
2026-08-13,STB03103,Student Branch,Institucion Universitaria CESMAG,,0,0,No,No,Not Met,Not Met
2026-08-13,STB12561,Student Branch,Instituto Tecnologico Metropolitano,,1,0,No,No,Not Met,Not Met
2026-08-13,STB04591,Student Branch,Pontificia Univ Javeriana Sede Bogota,,47,3,Yes,Yes,Met,Met
2026-08-13,STB60181,Student Branch,Pontificia Universidad Javeriana-Cali,,1,0,No,No,Not Met,Not Met
2026-08-13,STB09881,Student Branch,Servicio Nacional de Aprendizale - Antioquia,,5,0,No,No,Not Met,Not Met
2026-08-13,STB60137284,Student Branch,Unidades Tecnologicas de Santander,,15,2,Yes,No,Met,Not Met
2026-08-13,STB62391,Student Branch,Univ Cooperativa De Colombia Sede Bogota,,0,0,No,No,Not Met,Not Met
2026-08-13,STB62121,Student Branch,Univ De Ibague - Coruniversitaria,,0,0,No,No,Not Met,Not Met
2026-08-13,STB18011,Student Branch,Univ Distrital Francisco Jose de Caldas - Bolivar,,25,2,Yes,No,Met,Not Met
2026-08-13,STB09021,Student Branch,Univ Pontificia Bolivariana (UPB),,5,0,No,No,Not Met,Not Met
2026-08-13,STB09851,Student Branch,Univ Santo Tomas De Aquino,,1,0,No,No,Not Met,Not Met
2026-08-13,STB65361,Student Branch,Universidad Autonoma de Bucaramanga,,0,0,No,No,Not Met,Not Met
2026-08-13,STB29341,Student Branch,Universidad Autonoma de Occidente,,1,0,No,No,Not Met,Not Met
2026-08-13,STB62201,Student Branch,Universidad Catolica de Colombia,,2,0,No,No,Not Met,Not Met
2026-08-13,STB65251,Student Branch,Universidad Central,,11,0,No,No,Partial,Not Met
2026-08-13,STB04331,Student Branch,Universidad Distrital Francisco Jose de Caldas,,80,3,Yes,Yes,Met,Met
2026-08-13,STB64421,Student Branch,Universidad EAFIT,,4,0,No,No,Not Met,Not Met
2026-08-13,STB10591,Student Branch,Universidad Francisco de Paula Santander,,2,1,No,No,Met,Not Met
2026-08-13,STB03411,Student Branch,Universidad INCCA de Colombia,,0,0,No,No,Not Met,Not Met
2026-08-13,STB10511,Student Branch,Universidad Industrial de Santander,,68,3,Yes,Yes,Met,Met
2026-08-13,STB65061A,Student Branch,Universidad Jorge Tadeo Lozano,,20,3,Yes,Yes,Met,Met
2026-08-13,STB14023,Student Branch,Universidad Mariana,,0,0,No,No,Not Met,Not Met
2026-08-13,STB13071,Student Branch,Universidad Nacional Abierta y a Distancia,,27,2,Yes,No,Met,Not Met
2026-08-13,STB06431,Student Branch,Universidad Nacional De Colombia Sede Bogota,,43,3,Yes,Yes,Met,Met
2026-08-13,STB66021,Student Branch,Universidad Nacional de Colombia Sede Medellin,,10,0,No,No,Not Met,Not Met
2026-08-13,STB61301,Student Branch,Universidad Nacional sede Manizales,,7,1,No,No,Met,Not Met
2026-08-13,STB08221,Student Branch,Universidad Pedagogica Nacional,,0,0,No,No,Not Met,Not Met
2026-08-13,STB60931,Student Branch,Universidad Pedagogica Y Tec de Colombia,,1,0,No,No,Not Met,Not Met
2026-08-13,STB81721,Student Branch,Universidad Piloto de Colombia,,14,3,Yes,Yes,Met,Met
2026-08-13,STB64461,Student Branch,Universidad Santiago de Cali,,26,1,Yes,No,Partial,Not Met
2026-08-13,STB04081,Student Branch,Universidad Santo Tomas - Tunja,,20,1,Yes,No,Partial,Not Met
2026-08-13,STB60232106,Student Branch,Universidad Santo Tomas-Bucaramanga,,32,2,Yes,No,Met,Not Met
2026-08-13,STB01201,Student Branch,Universidad Sergio Arboleda,,0,0,No,No,Not Met,Not Met
2026-08-13,STB16735,Student Branch,Universidad Surcolombiana,,25,2,Yes,No,Met,Not Met
2026-08-13,STB17431,Student Branch,Universidad Tecnologica de Pereira,,20,2,Yes,No,Met,Not Met
2026-08-13,STB14361,Student Branch,Universidad de Antioquia,,6,1,No,No,Met,Not Met
2026-08-13,STB64431,Student Branch,Universidad de Cundinamarca,,0,0,No,No,Not Met,Not Met
2026-08-13,STB64635,Student Branch,Universidad de Investigacion y Desarrollo,,0,0,No,No,Not Met,Not Met
2026-08-13,STB07871,Student Branch,Universidad de Medellin,,0,0,No,No,Not Met,Not Met
2026-08-13,STB64151,Student Branch,Universidad de Narino,,5,0,No,No,Not Met,Not Met
2026-08-13,STB62571,Student Branch,Universidad de San Buenaventura,,0,0,No,No,Not Met,Not Met
2026-08-13,STB07901,Student Branch,Universidad de San Buenaventura - Cali,,0,0,No,No,Not Met,Not Met
2026-08-13,STB66041,Student Branch,Universidad de la Sabana,,31,1,Yes,No,Partial,Not Met
2026-08-13,STB12991,Student Branch,Universidad de los Andes,,132,3,Yes,Yes,Met,Met
2026-08-13,STB02331,Student Branch,Universidad de los Llanos,,0,0,No,No,Not Met,Not Met
2026-08-13,STB09161,Student Branch,Universidad del Cauca,,53,3,Yes,Yes,Met,Met
2026-08-13,STB65911,Student Branch,Universidad del Quindio,,9,2,No,Yes,Met,Not Met
2026-08-13,STB99411,Student Branch,Universidad del Rosario,,12,2,Yes,No,Met,Not Met
2026-08-13,STB95801,Student Branch,Universidad del Valle,,107,3,Yes,Yes,Met,Met
2026-08-13,STB60951,Student Branch,Universidad El Bosque,,10,0,No,No,Partial,Not Met
2026-08-13,STB41556639,Student Branch,University of Pamplona,,43,1,Yes,No,Partial,Not Met
2026-08-13,STB03171,Student Branch,University of San Buenaventura,,2,0,No,No,Not Met,Not Met
2026-08-13,SBC64411D,Student Branch Chapter,Antonio Narino University,COM19,18,2,Yes,No,Met,Not Met
2026-08-13,SBC64411C,Student Branch Chapter,Antonio Narino University,EMB18,12,2,Yes,No,Met,Not Met
2026-08-13,SBC64411B,Student Branch Chapter,Antonio Narino University,RA24,25,2,Yes,No,Met,Not Met
2026-08-13,SBC64411A,Student Branch Chapter,Antonio Narino University,TEM14,20,2,Yes,No,Met,Not Met
2026-08-13,SBC60236869,Student Branch Chapter,Corporación Universitaria del Huila – CORHUILA,RA24,10,2,Yes,No,Met,Not Met
2026-08-13,SBC40010389B,Student Branch Chapter,De La Salle University,AES10,0,0,No,No,Not Met,Not Met
2026-08-13,SBC40010389A,Student Branch Chapter,De La Salle University,PE31,1,0,No,No,Partial,Not Met
2026-08-13,SBC40010389,Student Branch Chapter,De La Salle University,RA24,2,0,No,No,Not Met,Not Met
2026-08-13,SBC27011B,Student Branch Chapter,Escuela Colombiana De Ingenieria Julio Garavito,AES10,1,0,No,No,Partial,Not Met
2026-08-13,SBC05421A,Student Branch Chapter,Escuela Colombiana de Carreras Industriales,AES10,3,0,No,No,Not Met,Not Met
2026-08-13,SBC05421B,Student Branch Chapter,Escuela Colombiana de Carreras Industriales,COM19,0,0,No,No,Not Met,Not Met
2026-08-13,SBC05421,Student Branch Chapter,Escuela Colombiana de Carreras Industriales,RA24,12,2,Yes,Yes,Partial,Not Met
2026-08-13,SBC05421C,Student Branch Chapter,Escuela Colombiana de Carreras Industriales,EMB18,1,0,No,No,Not Met,Not Met
2026-08-13,SBC27011A,Student Branch Chapter,Escuela Colombiana De Ingenieria Julio Garavito,PE31,0,0,No,No,Not Met,Not Met
2026-08-13,SBC13041A,Student Branch Chapter,Escuela Tecnologica Instituto Tecnico Central,C16,1,0,No,No,Partial,Not Met
2026-08-13,SBC13041B,Student Branch Chapter,Escuela Tecnologica Instituto Tecnico Central,RA24,6,1,Yes,No,Partial,Not Met
2026-08-13,SBC13041C,Student Branch Chapter,Escuela Tecnologica Instituto Tecnico Central,AES10,1,0,No,No,Not Met,Not Met
2026-08-13,SBC13041D,Student Branch Chapter,Escuela Tecnologica Instituto Tecnico Central,OE22,0,0,No,No,Not Met,Not Met
2026-08-13,SBC0433N,Student Branch Chapter,Universidad Distrital Francisco Jose de Caldas,ED15,15,1,Yes,No,Not Met,Not Met
2026-08-13,SBC0433J,Student Branch Chapter,Universidad Distrital Francisco Jose de Caldas,IA34,15,1,Yes,No,Partial,Not Met
2026-08-13,SBC0433I,Student Branch Chapter,Universidad Distrital Francisco Jose de Caldas,RA24,33,1,Yes,No,Partial,Not Met
2026-08-13,SBC0433M,Student Branch Chapter,Universidad Distrital Francisco Jose de Caldas,TEM14,0,0,No,No,Not Met,Not Met
2026-08-13,SBC0433O,Student Branch Chapter,Universidad Distrital Francisco Jose de Caldas,E25,6,1,Yes,No,Not Met,Not Met
2026-08-13,SBC1051A,Student Branch Chapter,Universidad Industrial de Santander,C16,20,1,Yes,No,Not Met,Not Met
2026-08-13,SBC1051B,Student Branch Chapter,Universidad Industrial de Santander,CS23,6,1,Yes,No,Not Met,Not Met
2026-08-13,SBC63981E,Student Branch Chapter,Granada Univ Militar Nueva,AP03,0,0,No,No,Not Met,Not Met
2026-08-13,SBC6398A,Student Branch Chapter,Granada Univ Militar Nueva,C16,0,0,No,No,Not Met,Not Met
2026-08-13,SBC63981,Student Branch Chapter,Granada Univ Militar Nueva,COM19,0,0,No,No,Not Met,Not Met
2026-08-13,SBC63981C,Student Branch Chapter,Granada Univ Militar Nueva,CS23,0,0,No,No,Not Met,Not Met
2026-08-13,SBC6398C,Student Branch Chapter,Granada Univ Militar Nueva,IA34,0,0,No,No,Not Met,Not Met
2026-08-13,SBC6398B,Student Branch Chapter,Granada Univ Militar Nueva,RA24,0,0,No,No,Not Met,Not Met
2026-08-13,SBC6398E,Student Branch Chapter,Granada Univ Militar Nueva,TEM14,0,0,No,No,Not Met,Not Met
2026-08-13,SBC63981F,Student Branch Chapter,Granada Univ Militar Nueva,AES10,0,0,No,No,Not Met,Not Met
2026-08-13,SBC63981D,Student Branch Chapter,Granada Univ Militar Nueva,VT06,1,0,No,No,Not Met,Not Met
2026-08-13,SBC02571A,Student Branch Chapter,Icesi University,COM19,10,2,Yes,Yes,Partial,Not Met
2026-08-13,SBC02571B,Student Branch Chapter,Icesi University,C16,11,3,Yes,Yes,Met,Met
2026-08-13,SBC02571C,Student Branch Chapter,Icesi University,CIS11,9,2,Yes,No,Met,Not Met
2026-08-13,SBC03103A,Student Branch Chapter,Institucion Universitaria CESMAG,PE31,0,0,No,No,Not Met,Not Met
2026-08-13,SBC03103,Student Branch Chapter,Institucion Universitaria CESMAG,RA24,0,0,No,No,Not Met,Not Met
2026-08-13,SBC02331,Student Branch Chapter,Universidad de los Llanos,IA34,0,0,No,No,Not Met,Not Met
2026-08-13,SBC04591H,Student Branch Chapter,Pontificia Univ Javeriana Sede Bogota,PE31,2,0,No,No,Not Met,Not Met
2026-08-13,SBC04591F,Student Branch Chapter,Pontificia Univ Javeriana Sede Bogota,AES10,4,1,No,Yes,Partial,Not Met
2026-08-13,SBC04591C,Student Branch Chapter,Pontificia Univ Javeriana Sede Bogota,C16,8,2,Yes,Yes,Partial,Not Met
2026-08-13,SBC04591A,Student Branch Chapter,Pontificia Univ Javeriana Sede Bogota,CS23,1,0,No,No,Not Met,Not Met
2026-08-13,SBC04591E,Student Branch Chapter,Pontificia Univ Javeriana Sede Bogota,ED15,7,2,Yes,No,Met,Not Met
2026-08-13,SBC04591D,Student Branch Chapter,Pontificia Univ Javeriana Sede Bogota,EMB18,8,3,Yes,Yes,Met,Met
2026-08-13,SBC04591B,Student Branch Chapter,Pontificia Univ Javeriana Sede Bogota,IA34,0,0,No,No,Not Met,Not Met
2026-08-13,SBC04591K,Student Branch Chapter,Pontificia Univ Javeriana Sede Bogota,PE31,2,0,No,No,Not Met,Not Met
2026-08-13,SBC04591J,Student Branch Chapter,Pontificia Univ Javeriana Sede Bogota,PHO36,3,1,No,Yes,Partial,Not Met
2026-08-13,SBC04591G,Student Branch Chapter,Pontificia Univ Javeriana Sede Bogota,RA24,10,3,Yes,Yes,Met,Met
2026-08-13,SBC04591I,Student Branch Chapter,Pontificia Univ Javeriana Sede Bogota,SP01,0,0,No,No,Not Met,Not Met
2026-08-13,SBC06431H,Student Branch Chapter,Universidad Nacional De Colombia Sede Bogota,EMC27/NANO42/SEN39,4,0,No,No,Not Met,Not Met
2026-08-13,SBC62121A,Student Branch Chapter,Univ De Ibague - Coruniversitaria,IA34,0,0,No,No,Not Met,Not Met
2026-08-13,SBC18011A,Student Branch Chapter,Univ Distrital Francisco Jose de Caldas - Bolivar,RA24,4,0,No,No,Partial,Not Met
2026-08-13,SBC18011C,Student Branch Chapter,Univ Distrital Francisco Jose de Caldas - Bolivar,C16,3,0,No,No,Not Met,Not Met
2026-08-13,SBC18011B,Student Branch Chapter,Univ Distrital Francisco Jose de Caldas - Bolivar,COM19,22,1,Yes,No,Not Met,Not Met
2026-08-13,SBC18011,Student Branch Chapter,Univ Distrital Francisco Jose de Caldas - Bolivar,PE31,1,0,No,No,Not Met,Not Met
2026-08-13,SBC0433K,Student Branch Chapter,Universidad Distrital Francisco Jose de Caldas,AES10,2,0,No,No,Not Met,Not Met
2026-08-13,SBC0433D,Student Branch Chapter,Universidad Distrital Francisco Jose de Caldas,CAS04,24,1,Yes,No,Partial,Not Met
2026-08-13,SBC0433C,Student Branch Chapter,Universidad Distrital Francisco Jose de Caldas,CS23,4,0,No,No,Not Met,Not Met
2026-08-13,SBC0433L,Student Branch Chapter,Universidad Distrital Francisco Jose de Caldas,PEL35,12,3,Yes,Yes,Met,Met
2026-08-13,SBC0433A,Student Branch Chapter,Universidad Distrital Francisco Jose de Caldas,SP01,0,0,No,No,Not Met,Not Met
2026-08-13,SBC04331,Student Branch Chapter,Universidad Distrital Francisco Jose de Caldas,C16,13,1,Yes,No,Not Met,Not Met
2026-08-13,SBC0433B,Student Branch Chapter,Universidad Distrital Francisco Jose de Caldas,COM19,15,1,Yes,No,Not Met,Not Met
2026-08-13,SBC0433F,Student Branch Chapter,Universidad Distrital Francisco Jose de Caldas,EMB18,13,1,Yes,No,Partial,Not Met
2026-08-13,SBC0433E,Student Branch Chapter,Universidad Distrital Francisco Jose de Caldas,GRS29,9,2,Yes,No,Met,Not Met
2026-08-13,SBC0433H,Student Branch Chapter,Universidad Distrital Francisco Jose de Caldas,PE31,16,2,Yes,No,Met,Not Met
2026-08-13,SBC60951,Student Branch Chapter,Universidad El Bosque,COM19,0,0,No,No,Not Met,Not Met
2026-08-13,SBC60951G,Student Branch Chapter,Universidad El Bosque,IA34,0,0,No,No,Not Met,Not Met
2026-08-13,SBC60951F,Student Branch Chapter,Universidad El Bosque,SIT30,2,0,No,No,Not Met,Not Met
2026-08-13,SBC61301A,Student Branch Chapter,Universidad Nacional sede Manizales,PE31,0,0,No,No,Not Met,Not Met
2026-08-13,SBC61301B,Student Branch Chapter,Universidad Nacional sede Manizales,ED15,0,0,No,No,Not Met,Not Met
2026-08-13,SBC090211,Student Branch Chapter,Univ Pontificia Bolivariana (UPB),COM19,0,0,No,No,Not Met,Not Met
2026-08-13,SBC0985A,Student Branch Chapter,Univ Santo Tomas De Aquino,C16,0,0,No,No,Not Met,Not Met
2026-08-13,SBC09851,Student Branch Chapter,Univ Santo Tomas De Aquino,COM19,0,0,No,No,Not Met,Not Met
2026-08-13,SBC09851B,Student Branch Chapter,Univ Santo Tomas De Aquino,PE31,0,0,No,No,Not Met,Not Met
2026-08-13,SBC0985B,Student Branch Chapter,Univ Santo Tomas De Aquino,RA24,1,0,No,No,Not Met,Not Met
2026-08-13,SBC09851A,Student Branch Chapter,Univ Santo Tomas De Aquino,SP01,0,0,No,No,Not Met,Not Met
2026-08-13,SBC17431B,Student Branch Chapter,Universidad Tecnologica de Pereira,CS23/SEN39/CSC41,1,0,No,No,Not Met,Not Met
2026-08-13,SBC65361,Student Branch Chapter,Universidad Autonoma de Bucaramanga,EMB18,0,0,No,No,Not Met,Not Met
2026-08-13,SBC65681,Student Branch Chapter,Universidad del Quindio,IA34,0,0,No,No,Not Met,Not Met
2026-08-13,SBC62201A,Student Branch Chapter,Universidad Catolica de Colombia,C16,0,0,No,No,Not Met,Not Met
2026-08-13,SBC62201,Student Branch Chapter,Universidad Catolica de Colombia,COM19,0,0,No,No,Not Met,Not Met
2026-08-13,SBC62201B,Student Branch Chapter,Universidad Catolica de Colombia,ED15/NANO42,0,0,No,No,Not Met,Not Met
2026-08-13,SBC62201C,Student Branch Chapter,Universidad Catolica de Colombia,PHO36,0,0,No,No,Not Met,Not Met
2026-08-13,SBC60951D,Student Branch Chapter,Universidad El Bosque,PE31,0,0,No,No,Not Met,Not Met
2026-08-13,SBC10591A,Student Branch Chapter,Universidad Francisco de Paula Santander,COM19,0,0,No,No,Not Met,Not Met
2026-08-13,SBC10591B,Student Branch Chapter,Universidad Francisco de Paula Santander,PE31,1,0,No,No,Not Met,Not Met
2026-08-13,SBC10591C,Student Branch Chapter,Universidad Francisco de Paula Santander,RA24,0,0,No,No,Not Met,Not Met
2026-08-13,SBC10591D,Student Branch Chapter,Universidad Francisco de Paula Santander,SP01,0,0,No,No,Not Met,Not Met
2026-08-13,SBC034111,Student Branch Chapter,Universidad INCCA de Colombia,RA24,0,0,No,No,Not Met,Not Met
2026-08-13,SBC10511E,Student Branch Chapter,Universidad Industrial de Santander,AES10,0,0,No,No,Not Met,Not Met
2026-08-13,SBC10511I,Student Branch Chapter,Universidad Industrial de Santander,C16,20,3,Yes,Yes,Met,Met
2026-08-13,SBC10511H,Student Branch Chapter,Universidad Industrial de Santander,CS23,6,2,Yes,No,Met,Not Met
2026-08-13,SBC10511J,Student Branch Chapter,Universidad Industrial de Santander,E25,10,3,Yes,Yes,Met,Met
2026-08-13,SBC10511D,Student Branch Chapter,Universidad Industrial de Santander,ED15,20,1,Yes,No,Not Met,Not Met
2026-08-13,SBC10511C,Student Branch Chapter,Universidad Industrial de Santander,EMB18,15,2,Yes,No,Met,Not Met
2026-08-13,SBC1015A,Student Branch Chapter,Universidad Industrial de Santander,PE31,6,3,Yes,Yes,Met,Met
2026-08-13,SBC10511G,Student Branch Chapter,Universidad Industrial de Santander,RA24,6,2,Yes,No,Met,Not Met
2026-08-13,SBC10511,Student Branch Chapter,Universidad Industrial de Santander,SP01,8,1,Yes,No,Not Met,Not Met
2026-08-13,SBC10511F,Student Branch Chapter,Universidad Industrial de Santander,SSC37,11,3,Yes,Yes,Met,Met
2026-08-13,SBC13071A,Student Branch Chapter,Universidad Nacional Abierta y a Distancia,AES10,7,2,Yes,No,Met,Not Met
2026-08-13,SBC13071,Student Branch Chapter,Universidad Nacional Abierta y a Distancia,C16,9,2,Yes,No,Met,Not Met
2026-08-13,SBC06431I,Student Branch Chapter,Universidad Nacional De Colombia Sede Bogota,AES10,2,0,No,No,Not Met,Not Met
2026-08-13,SBC06431G,Student Branch Chapter,Universidad Nacional De Colombia Sede Bogota,AP03,15,3,Yes,Yes,Met,Met
2026-08-13,SBC06431F,Student Branch Chapter,Universidad Nacional De Colombia Sede Bogota,C16,2,2,No,Yes,Met,Not Met
2026-08-13,SBC06431A,Student Branch Chapter,Universidad Nacional De Colombia Sede Bogota,CAS04,8,2,Yes,No,Met,Not Met
2026-08-13,SBC06431C,Student Branch Chapter,Universidad Nacional De Colombia Sede Bogota,COM19,2,0,No,No,Not Met,Not Met
2026-08-13,SBC06431J,Student Branch Chapter,Universidad Nacional De Colombia Sede Bogota,ED15,4,0,No,No,Partial,Not Met
2026-08-13,SBC06431E,Student Branch Chapter,Universidad Nacional De Colombia Sede Bogota,EMB18,5,0,No,No,Partial,Not Met
2026-08-13,SBC06431B,Student Branch Chapter,Universidad Nacional De Colombia Sede Bogota,IA34,1,0,No,No,Not Met,Not Met
2026-08-13,SBC064311,Student Branch Chapter,Universidad Nacional De Colombia Sede Bogota,PE31,5,1,No,No,Met,Not Met
2026-08-13,SBC06431D,Student Branch Chapter,Universidad Nacional De Colombia Sede Bogota,RA24,9,2,Yes,No,Met,Not Met
2026-08-13,SBC06431K,Student Branch Chapter,Universidad Nacional De Colombia Sede Bogota,TEM14,5,1,No,No,Met,Not Met
2026-08-13,SBC61301,Student Branch Chapter,Universidad Nacional sede Manizales,IA34,7,2,Yes,No,Met,Not Met
2026-08-13,SBC08221,Student Branch Chapter,Universidad Pedagogica Nacional,E25,0,0,No,No,Not Met,Not Met
2026-08-13,SBC64461,Student Branch Chapter,Universidad Santiago de Cali,C16,7,2,Yes,Yes,Partial,Not Met
2026-08-13,SBC64461B,Student Branch Chapter,Universidad Santiago de Cali,EMB18,8,2,Yes,No,Met,Not Met
2026-08-13,SBC64461A,Student Branch Chapter,Universidad Santiago de Cali,RA24,8,3,Yes,Yes,Met,Met
2026-08-13,SBC64461C,Student Branch Chapter,Universidad Santiago de Cali,SP01,6,1,Yes,No,Not Met,Not Met
2026-08-13,SBC04081C,Student Branch Chapter,Universidad Santo Tomas - Tunja,AES10,6,1,Yes,No,Partial,Not Met
2026-08-13,SBC04081A,Student Branch Chapter,Universidad Santo Tomas - Tunja,ED15,7,1,Yes,No,Not Met,Not Met
2026-08-13,SBC04081B,Student Branch Chapter,Universidad Santo Tomas - Tunja,RA24,8,2,Yes,No,Met,Not Met
2026-08-13,SBC60232106A,Student Branch Chapter,Universidad Santo Tomas-Bucaramanga,COM19,14,2,Yes,No,Met,Not Met
2026-08-13,SBC60232106,Student Branch Chapter,Universidad Santo Tomas-Bucaramanga,RA24,16,2,Yes,No,Met,Not Met
2026-08-13,SBC01201,Student Branch Chapter,Universidad Sergio Arboleda,EMB18/RA24,0,0,No,No,Not Met,Not Met
2026-08-13,SBC16735A,Student Branch Chapter,Universidad Surcolombiana,CS23,0,0,No,No,Not Met,Not Met
2026-08-13,SBC16735,Student Branch Chapter,Universidad Surcolombiana,RA24,8,2,Yes,Yes,Partial,Not Met
2026-08-13,SBC16735B,Student Branch Chapter,Universidad Surcolombiana,PE31,16,2,Yes,No,Met,Not Met
2026-08-13,SBC17431,Student Branch Chapter,Universidad Tecnologica de Pereira,PE31,2,0,No,No,Not Met,Not Met
2026-08-13,SBC17431A,Student Branch Chapter,Universidad Tecnologica de Pereira,PEL35,5,0,No,No,Not Met,Not Met
2026-08-13,SBC17431E,Student Branch Chapter,Universidad Tecnologica de Pereira,AES10,0,0,No,No,Not Met,Not Met
2026-08-13,SBC17431F,Student Branch Chapter,Universidad Tecnologica de Pereira,CAS04,11,3,Yes,Yes,Met,Met
2026-08-13,SBC17431C,Student Branch Chapter,Universidad Tecnologica de Pereira,IA34,0,0,No,No,Not Met,Not Met
2026-08-13,SBC17431D,Student Branch Chapter,Universidad Tecnologica de Pereira,RA24,1,0,No,No,Not Met,Not Met
2026-08-13,SBC14361A,Student Branch Chapter,Universidad de Antioquia,PE31,0,0,No,No,Not Met,Not Met
2026-08-13,SBC64151,Student Branch Chapter,Universidad de Narino,CIS11,0,0,No,No,Not Met,Not Met
2026-08-13,SBC64151B,Student Branch Chapter,Universidad de Narino,RA24,2,0,No,No,Not Met,Not Met
2026-08-13,SBC64151A,Student Branch Chapter,Universidad de Narino,PE31,0,0,No,No,Not Met,Not Met
2026-08-13,SBC07901A,Student Branch Chapter,Universidad de San Buenaventura - Cali,C16,0,0,No,No,Not Met,Not Met
2026-08-13,SBC07901B,Student Branch Chapter,Universidad de San Buenaventura - Cali,ED15,0,0,No,No,Not Met,Not Met
2026-08-13,SBC62571,Student Branch Chapter,Universidad de San Buenaventura,COM19,0,0,No,No,Not Met,Not Met
2026-08-13,SBC62571F,Student Branch Chapter,Universidad de San Buenaventura,CS23,0,0,No,No,Not Met,Not Met
2026-08-13,SBC62571A,Student Branch Chapter,Universidad de San Buenaventura,CT08,0,0,No,No,Not Met,Not Met
2026-08-13,SBC62571E,Student Branch Chapter,Universidad de San Buenaventura,ED15,0,0,No,No,Not Met,Not Met
2026-08-13,SBC6257D,Student Branch Chapter,Universidad de San Buenaventura,EMB18,0,0,No,No,Not Met,Not Met
2026-08-13,SBC6257C,Student Branch Chapter,Universidad de San Buenaventura,IA34,0,0,No,No,Not Met,Not Met
2026-08-13,SBC6257A,Student Branch Chapter,Universidad de San Buenaventura,PE31,0,0,No,No,Not Met,Not Met
2026-08-13,SBC6257B,Student Branch Chapter,Universidad de San Buenaventura,RA24,0,0,No,No,Not Met,Not Met
2026-08-13,SBC62571D,Student Branch Chapter,Universidad de San Buenaventura,SMC28,0,0,No,No,Not Met,Not Met
2026-08-13,SBC66041A,Student Branch Chapter,Universidad de la Sabana,C16,3,0,No,No,Partial,Not Met
2026-08-13,SBC66041B,Student Branch Chapter,Universidad de la Sabana,RA24,7,1,Yes,No,Not Met,Not Met
2026-08-13,SBC12991K,Student Branch Chapter,Universidad de los Andes,AES10,2,1,No,No,Met,Not Met
2026-08-13,SBC12991H,Student Branch Chapter,Universidad de los Andes,C16,23,2,Yes,No,Met,Not Met
2026-08-13,SBC12991C,Student Branch Chapter,Universidad de los Andes,CAS04,13,3,Yes,Yes,Met,Met
2026-08-13,SBC12991E,Student Branch Chapter,Universidad de los Andes,CIS11,11,2,Yes,No,Met,Not Met
2026-08-13,SBC12991B,Student Branch Chapter,Universidad de los Andes,COM19,13,2,Yes,Yes,Partial,Not Met
2026-08-13,SBC12991A,Student Branch Chapter,Universidad de los Andes,CS23,6,3,Yes,Yes,Met,Met
2026-08-13,SBC12991M,Student Branch Chapter,Universidad de los Andes,E25,17,3,Yes,Yes,Met,Met
2026-08-13,SBC12991J,Student Branch Chapter,Universidad de los Andes,ED15,16,1,Yes,No,Partial,Not Met
2026-08-13,SBC12991L,Student Branch Chapter,Universidad de los Andes,EMB18,20,3,Yes,Yes,Met,Met
2026-08-13,SBC12991G,Student Branch Chapter,Universidad de los Andes,IA34,20,2,Yes,No,Met,Not Met
2026-08-13,SBC12991F,Student Branch Chapter,Universidad de los Andes,PE31,22,2,Yes,No,Met,Not Met
2026-08-13,SBC12991O,Student Branch Chapter,Universidad de los Andes,PEL35,18,3,Yes,Yes,Met,Met
2026-08-13,SBC12991I,Student Branch Chapter,Universidad de los Andes,RA24,20,3,Yes,Yes,Met,Met
2026-08-13,SBC12991D,Student Branch Chapter,Universidad de los Andes,SP01,0,0,No,No,Not Met,Not Met
2026-08-13,SBC12991P,Student Branch Chapter,Universidad de los Andes,SSC37,7,2,Yes,Yes,Partial,Not Met
2026-08-13,SBC12991N,Student Branch Chapter,Universidad de los Andes,VT06,3,0,No,No,Not Met,Not Met
2026-08-13,SBC09161C,Student Branch Chapter,Universidad del Cauca,AES10,9,3,Yes,Yes,Met,Met
2026-08-13,SBC09161B,Student Branch Chapter,Universidad del Cauca,C16,10,1,Yes,No,Not Met,Not Met
2026-08-13,SBC09161,Student Branch Chapter,Universidad del Cauca,C16/COM19,20,1,Yes,No,Not Met,Not Met
2026-08-13,SBC09161A,Student Branch Chapter,Universidad del Cauca,COM19,16,1,Yes,No,Not Met,Not Met
2026-08-13,SBC09161D,Student Branch Chapter,Universidad del Cauca,ED15,19,1,Yes,No,Not Met,Not Met
2026-08-13,SBC09161E,Student Branch Chapter,Universidad del Cauca,RA24,17,2,Yes,No,Met,Not Met
2026-08-13,SBC65911,Student Branch Chapter,Universidad del Quindio,ED15,7,3,Yes,Yes,Met,Met
2026-08-13,SBC99411C,Student Branch Chapter,Universidad del Rosario,C16,5,1,No,No,Met,Not Met
2026-08-13,SBC99411B,Student Branch Chapter,Universidad del Rosario,CIS11,2,0,No,No,Partial,Not Met
2026-08-13,SBC99411,Student Branch Chapter,Universidad del Rosario,EMB18,4,0,No,No,Not Met,Not Met
2026-08-13,SBC99411A,Student Branch Chapter,Universidad del Rosario,RA24,2,0,No,No,Not Met,Not Met
2026-08-13,SBC95801,Student Branch Chapter,Universidad del Valle,CAS04,39,3,Yes,Yes,Met,Met
2026-08-13,SBC95801A,Student Branch Chapter,Universidad del Valle,RA24,26,1,Yes,No,Partial,Not Met
2026-08-13,SBC95801C,Student Branch Chapter,Universidad del Valle,AES10,10,1,Yes,No,Partial,Not Met
2026-08-13,SBC95801G,Student Branch Chapter,Universidad del Valle,C16,27,3,Yes,Yes,Met,Met
2026-08-13,SBC95801D,Student Branch Chapter,Universidad del Valle,CS23,11,2,Yes,No,Met,Not Met
2026-08-13,SBC95801F,Student Branch Chapter,Universidad del Valle,IM09,16,3,Yes,Yes,Met,Met
2026-08-13,SBC95801B,Student Branch Chapter,Universidad del Valle,PE31,18,2,Yes,Yes,Partial,Not Met
2026-08-13,SBC95801E,Student Branch Chapter,Universidad del Valle,PHO36,1,0,No,No,Not Met,Not Met
2026-08-13,SBC60951A,Student Branch Chapter,Universidad El Bosque,C16,2,0,No,No,Not Met,Not Met
2026-08-13,SBC60951B,Student Branch Chapter,Universidad El Bosque,CS23,0,0,No,No,Not Met,Not Met
2026-08-13,SBC60951C,Student Branch Chapter,Universidad El Bosque,EMB18,4,1,No,No,Met,Not Met
2026-08-13,SBC60951E,Student Branch Chapter,Universidad El Bosque,RA24,1,0,No,No,Not Met,Not Met
2026-08-13,SBC41556639,Student Branch Chapter,University of Pamplona,CIS11,12,1,Yes,No,Not Met,Not Met
2026-08-13,SBC41556639A,Student Branch Chapter,University of Pamplona,PE31,6,1,Yes,No,Partial,Not Met
2026-08-23,SBA64411,Affinity Group,Antonio Narino University,WIE,38,2,Yes,No,Met,Not Met
2026-08-23,SBA60236869,Affinity Group,Corporación Universitaria del Huila – CORHUILA,WIE,8,2,Yes,No,Met,Not Met
2026-08-23,SBA27011,Affinity Group,Escuela Colombiana De Ingenieria Julio Garavito,WIE,3,0,No,No,Partial,Not Met
2026-08-23,SBA05421,Affinity Group,Escuela Colombiana de Carreras Industriales,WIE,15,3,Yes,Yes,Met,Met
2026-08-23,SBA13041,Affinity Group,Escuela Tecnologica Instituto Tecnico Central,WIE,5,1,No,No,Met,Not Met
2026-08-23,SBA63981,Affinity Group,Granada Univ Militar Nueva,WIE,7,1,Yes,No,Not Met,Not Met
2026-08-23,SBA02571,Affinity Group,Icesi University,WIE,11,3,Yes,Yes,Met,Met
2026-08-23,SBA03103,Affinity Group,Institucion Universitaria CESMAG,WIE,0,0,No,No,Not Met,Not Met
2026-08-23,SBA04591,Affinity Group,Pontificia Univ Javeriana Sede Bogota,WIE,6,2,Yes,Yes,Partial,Not Met
2026-08-23,SBA62391,Affinity Group,Univ Cooperativa De Colombia Sede Bogota,WIE,0,0,No,No,Not Met,Not Met
2026-08-23,SBA18011,Affinity Group,Univ Distrital Francisco Jose de Caldas - Bolivar,WIE,20,1,Yes,No,Not Met,Not Met
2026-08-23,SBA04331,Affinity Group,Universidad Distrital Francisco Jose de Caldas,WIE,18,1,Yes,No,Not Met,Not Met
2026-08-23,SBA60951,Affinity Group,Universidad El Bosque,WIE,0,0,No,No,Not Met,Not Met
2026-08-23,SBA61301,Affinity Group,Universidad Nacional sede Manizales,WIE,1,1,No,Yes,Not Met,Not Met
2026-08-23,SBA09021,Affinity Group,Univ Pontificia Bolivariana (UPB),WIE,0,0,No,No,Not Met,Not Met
2026-08-23,SBA09851,Affinity Group,Univ Santo Tomas De Aquino,WIE,0,0,No,No,Not Met,Not Met
2026-08-23,SBA04331S,Affinity Group,Universidad Distrital Francisco Jose de Caldas,SIGHT,43,1,Yes,No,Not Met,Not Met
2026-08-23,SBA29341,Affinity Group,Universidad Autonoma de Occidente,WIE,0,0,No,No,Not Met,Not Met
2026-08-23,SBA62201S,Affinity Group,Universidad Catolica de Colombia,SIGHT,0,0,No,No,Not Met,Not Met
2026-08-23,SBA62201,Affinity Group,Universidad Catolica de Colombia,WIE,0,0,No,No,Not Met,Not Met
2026-08-23,SBA10591,Affinity Group,Universidad Francisco de Paula Santander,WIE,1,0,No,No,Not Met,Not Met
2026-08-23,SBA10511,Affinity Group,Universidad Industrial de Santander,WIE,12,2,Yes,Yes,Not Met,Not Met
2026-08-23,SBA13071,Affinity Group,Universidad Nacional Abierta y a Distancia,WIE,9,3,Yes,Yes,Met,Met
2026-08-23,SBA06431,Affinity Group,Universidad Nacional De Colombia Sede Bogota,WIE,17,2,Yes,No,Met,Not Met
2026-08-23,SBA81721,Affinity Group,Universidad Piloto de Colombia,WIE,1,0,No,No,Not Met,Not Met
2026-08-23,SBA64461,Affinity Group,Universidad Santiago de Cali,WIE,14,2,Yes,Yes,Partial,Not Met
2026-08-23,SBA04081S,Affinity Group,Universidad Santo Tomas - Tunja,SIGHT,26,1,Yes,No,Partial,Not Met
2026-08-23,SBA04081,Affinity Group,Universidad Santo Tomas - Tunja,WIE,20,1,Yes,No,Partial,Not Met
2026-08-23,SBA01201,Affinity Group,Universidad Sergio Arboleda,WIE,0,0,No,No,Not Met,Not Met
2026-08-23,SBA16735,Affinity Group,Universidad Surcolombiana,WIE,19,1,Yes,No,Partial,Not Met
2026-08-23,SBA17431,Affinity Group,Universidad Tecnologica de Pereira,WIE,3,0,No,No,Partial,Not Met
2026-08-23,SBA64151,Affinity Group,Universidad de Narino,WIE,0,0,No,No,Not Met,Not Met
2026-08-23,SBA62571,Affinity Group,Universidad de San Buenaventura,WIE,0,0,No,No,Not Met,Not Met
2026-08-23,SBA12991,Affinity Group,Universidad de los Andes,WIE,40,2,Yes,Yes,Partial,Not Met
2026-08-23,SBA09161,Affinity Group,Universidad del Cauca,WIE,36,1,Yes,No,Not Met,Not Met
2026-08-23,SBA65911,Affinity Group,Universidad del Quindio,WIE,7,2,Yes,Yes,Partial,Not Met
2026-08-23,SBA95801,Affinity Group,Universidad del Valle,WIE,32,3,Yes,Yes,Met,Met
2026-08-23,STB64411A,Student Branch,Antonio Narino University,,48,3,Yes,Yes,Met,Met
2026-08-23,STB60103228,Student Branch,Corporacion Universitaria Minuto de Dios UNIMINUTO,,0,0,No,No,Not Met,Not Met
2026-08-23,STB18371,Student Branch,Corporacion Universitaria Unitec,,0,0,No,No,Not Met,Not Met
2026-08-23,STB60236869,Student Branch,Corporación Universitaria del Huila – CORHUILA,,32,3,Yes,Yes,Met,Met
2026-08-23,STB40010389,Student Branch,De La Salle University,,6,1,No,No,Met,Not Met
2026-08-23,STB27011,Student Branch,Escuela Colombiana De Ingenieria Julio Garavito,,10,1,No,No,Met,Not Met
2026-08-23,STB05421,Student Branch,Escuela Colombiana de Carreras Industriales,,17,2,Yes,No,Met,Not Met
2026-08-23,STB60204105,Student Branch,Escuela De Aviacion Del Ejercito,,0,0,No,No,Not Met,Not Met
2026-08-23,STB13041,Student Branch,Escuela Tecnologica Instituto Tecnico Central,,7,0,No,No,Partial,Not Met
2026-08-23,STB60222205,Student Branch,Fundacion Universitaria Compensar,,3,0,No,No,Not Met,Not Met
2026-08-23,STB63981,Student Branch,Granada Univ Militar Nueva,,8,1,No,No,Met,Not Met
2026-08-23,STB02571,Student Branch,Icesi University,,43,3,Yes,Yes,Met,Met
2026-08-23,STB03103,Student Branch,Institucion Universitaria CESMAG,,0,0,No,No,Not Met,Not Met
2026-08-23,STB12561,Student Branch,Instituto Tecnologico Metropolitano,,1,0,No,No,Not Met,Not Met
2026-08-23,STB04591,Student Branch,Pontificia Univ Javeriana Sede Bogota,,48,3,Yes,Yes,Met,Met
2026-08-23,STB60181,Student Branch,Pontificia Universidad Javeriana-Cali,,1,0,No,No,Not Met,Not Met
2026-08-23,STB09881,Student Branch,Servicio Nacional de Aprendizale - Antioquia,,5,0,No,No,Not Met,Not Met
2026-08-23,STB60137284,Student Branch,Unidades Tecnologicas de Santander,,16,2,Yes,No,Met,Not Met
2026-08-23,STB62391,Student Branch,Univ Cooperativa De Colombia Sede Bogota,,0,0,No,No,Not Met,Not Met
2026-08-23,STB62121,Student Branch,Univ De Ibague - Coruniversitaria,,0,0,No,No,Not Met,Not Met
2026-08-23,STB18011,Student Branch,Univ Distrital Francisco Jose de Caldas - Bolivar,,25,2,Yes,No,Met,Not Met
2026-08-23,STB09021,Student Branch,Univ Pontificia Bolivariana (UPB),,5,0,No,No,Not Met,Not Met
2026-08-23,STB09851,Student Branch,Univ Santo Tomas De Aquino,,1,0,No,No,Not Met,Not Met
2026-08-23,STB65361,Student Branch,Universidad Autonoma de Bucaramanga,,0,0,No,No,Not Met,Not Met
2026-08-23,STB29341,Student Branch,Universidad Autonoma de Occidente,,1,0,No,No,Not Met,Not Met
2026-08-23,STB62201,Student Branch,Universidad Catolica de Colombia,,2,0,No,No,Not Met,Not Met
2026-08-23,STB65251,Student Branch,Universidad Central,,11,0,No,No,Partial,Not Met
2026-08-23,STB04331,Student Branch,Universidad Distrital Francisco Jose de Caldas,,80,3,Yes,Yes,Met,Met
2026-08-23,STB64421,Student Branch,Universidad EAFIT,,4,0,No,No,Not Met,Not Met
2026-08-23,STB10591,Student Branch,Universidad Francisco de Paula Santander,,2,1,No,No,Met,Not Met
2026-08-23,STB03411,Student Branch,Universidad INCCA de Colombia,,0,0,No,No,Not Met,Not Met
2026-08-23,STB10511,Student Branch,Universidad Industrial de Santander,,73,3,Yes,Yes,Met,Met
2026-08-23,STB65061A,Student Branch,Universidad Jorge Tadeo Lozano,,20,3,Yes,Yes,Met,Met
2026-08-23,STB14023,Student Branch,Universidad Mariana,,0,0,No,No,Not Met,Not Met
2026-08-23,STB13071,Student Branch,Universidad Nacional Abierta y a Distancia,,28,2,Yes,No,Met,Not Met
2026-08-23,STB06431,Student Branch,Universidad Nacional De Colombia Sede Bogota,,45,3,Yes,Yes,Met,Met
2026-08-23,STB66021,Student Branch,Universidad Nacional de Colombia Sede Medellin,,10,0,No,No,Not Met,Not Met
2026-08-23,STB61301,Student Branch,Universidad Nacional sede Manizales,,7,1,No,No,Met,Not Met
2026-08-23,STB08221,Student Branch,Universidad Pedagogica Nacional,,0,0,No,No,Not Met,Not Met
2026-08-23,STB60931,Student Branch,Universidad Pedagogica Y Tec de Colombia,,1,0,No,No,Not Met,Not Met
2026-08-23,STB81721,Student Branch,Universidad Piloto de Colombia,,14,3,Yes,Yes,Met,Met
2026-08-23,STB64461,Student Branch,Universidad Santiago de Cali,,26,1,Yes,No,Partial,Not Met
2026-08-23,STB04081,Student Branch,Universidad Santo Tomas - Tunja,,20,1,Yes,No,Partial,Not Met
2026-08-23,STB60232106,Student Branch,Universidad Santo Tomas-Bucaramanga,,32,3,Yes,Yes,Met,Met
2026-08-23,STB01201,Student Branch,Universidad Sergio Arboleda,,0,0,No,No,Not Met,Not Met
2026-08-23,STB16735,Student Branch,Universidad Surcolombiana,,25,2,Yes,No,Met,Not Met
2026-08-23,STB17431,Student Branch,Universidad Tecnologica de Pereira,,20,2,Yes,No,Met,Not Met
2026-08-23,STB14361,Student Branch,Universidad de Antioquia,,6,1,No,No,Met,Not Met
2026-08-23,STB64431,Student Branch,Universidad de Cundinamarca,,0,0,No,No,Not Met,Not Met
2026-08-23,STB64635,Student Branch,Universidad de Investigacion y Desarrollo,,0,0,No,No,Not Met,Not Met
2026-08-23,STB07871,Student Branch,Universidad de Medellin,,0,0,No,No,Not Met,Not Met
2026-08-23,STB64151,Student Branch,Universidad de Narino,,5,0,No,No,Not Met,Not Met
2026-08-23,STB62571,Student Branch,Universidad de San Buenaventura,,0,0,No,No,Not Met,Not Met
2026-08-23,STB07901,Student Branch,Universidad de San Buenaventura - Cali,,0,0,No,No,Not Met,Not Met
2026-08-23,STB66041,Student Branch,Universidad de la Sabana,,32,1,Yes,No,Partial,Not Met
2026-08-23,STB12991,Student Branch,Universidad de los Andes,,132,3,Yes,Yes,Met,Met
2026-08-23,STB02331,Student Branch,Universidad de los Llanos,,0,0,No,No,Not Met,Not Met
2026-08-23,STB09161,Student Branch,Universidad del Cauca,,54,3,Yes,Yes,Met,Met
2026-08-23,STB65911,Student Branch,Universidad del Quindio,,9,2,No,Yes,Met,Not Met
2026-08-23,STB99411,Student Branch,Universidad del Rosario,,12,2,Yes,No,Met,Not Met
2026-08-23,STB95801,Student Branch,Universidad del Valle,,107,3,Yes,Yes,Met,Met
2026-08-23,STB60951,Student Branch,Universidad El Bosque,,10,0,No,No,Partial,Not Met
2026-08-23,STB41556639,Student Branch,University of Pamplona,,43,1,Yes,No,Partial,Not Met
2026-08-23,STB03171,Student Branch,University of San Buenaventura,,2,0,No,No,Not Met,Not Met
2026-08-23,SBC64411D,Student Branch Chapter,Antonio Narino University,COM19,18,2,Yes,No,Met,Not Met
2026-08-23,SBC64411C,Student Branch Chapter,Antonio Narino University,EMB18,12,2,Yes,No,Met,Not Met
2026-08-23,SBC64411B,Student Branch Chapter,Antonio Narino University,RA24,25,2,Yes,No,Met,Not Met
2026-08-23,SBC64411A,Student Branch Chapter,Antonio Narino University,TEM14,20,2,Yes,No,Met,Not Met
2026-08-23,SBC60236869,Student Branch Chapter,Corporación Universitaria del Huila – CORHUILA,RA24,10,2,Yes,No,Met,Not Met
2026-08-23,SBC40010389B,Student Branch Chapter,De La Salle University,AES10,0,0,No,No,Not Met,Not Met
2026-08-23,SBC40010389A,Student Branch Chapter,De La Salle University,PE31,1,0,No,No,Partial,Not Met
2026-08-23,SBC40010389,Student Branch Chapter,De La Salle University,RA24,2,0,No,No,Not Met,Not Met
2026-08-23,SBC27011B,Student Branch Chapter,Escuela Colombiana De Ingenieria Julio Garavito,AES10,5,1,No,No,Met,Not Met
2026-08-23,SBC05421A,Student Branch Chapter,Escuela Colombiana de Carreras Industriales,AES10,2,0,No,No,Not Met,Not Met
2026-08-23,SBC05421B,Student Branch Chapter,Escuela Colombiana de Carreras Industriales,COM19,0,0,No,No,Not Met,Not Met
2026-08-23,SBC05421,Student Branch Chapter,Escuela Colombiana de Carreras Industriales,RA24,12,2,Yes,Yes,Partial,Not Met
2026-08-23,SBC05421C,Student Branch Chapter,Escuela Colombiana de Carreras Industriales,EMB18,1,0,No,No,Not Met,Not Met
2026-08-23,SBC27011A,Student Branch Chapter,Escuela Colombiana De Ingenieria Julio Garavito,PE31,0,0,No,No,Partial,Not Met
2026-08-23,SBC13041A,Student Branch Chapter,Escuela Tecnologica Instituto Tecnico Central,C16,1,0,No,No,Partial,Not Met
2026-08-23,SBC13041B,Student Branch Chapter,Escuela Tecnologica Instituto Tecnico Central,RA24,6,1,Yes,No,Partial,Not Met
2026-08-23,SBC13041C,Student Branch Chapter,Escuela Tecnologica Instituto Tecnico Central,AES10,1,0,No,No,Not Met,Not Met
2026-08-23,SBC13041D,Student Branch Chapter,Escuela Tecnologica Instituto Tecnico Central,OE22,0,0,No,No,Not Met,Not Met
2026-08-23,SBC0433N,Student Branch Chapter,Universidad Distrital Francisco Jose de Caldas,ED15,15,1,Yes,No,Not Met,Not Met
2026-08-23,SBC0433J,Student Branch Chapter,Universidad Distrital Francisco Jose de Caldas,IA34,15,1,Yes,No,Partial,Not Met
2026-08-23,SBC0433I,Student Branch Chapter,Universidad Distrital Francisco Jose de Caldas,RA24,33,1,Yes,No,Partial,Not Met
2026-08-23,SBC0433M,Student Branch Chapter,Universidad Distrital Francisco Jose de Caldas,TEM14,0,0,No,No,Not Met,Not Met
2026-08-23,SBC0433O,Student Branch Chapter,Universidad Distrital Francisco Jose de Caldas,E25,6,1,Yes,No,Not Met,Not Met
2026-08-23,SBC1051A,Student Branch Chapter,Universidad Industrial de Santander,C16,20,1,Yes,No,Not Met,Not Met
2026-08-23,SBC1051B,Student Branch Chapter,Universidad Industrial de Santander,CS23,6,1,Yes,No,Not Met,Not Met
2026-08-23,SBC63981E,Student Branch Chapter,Granada Univ Militar Nueva,AP03,0,0,No,No,Not Met,Not Met
2026-08-23,SBC6398A,Student Branch Chapter,Granada Univ Militar Nueva,C16,0,0,No,No,Not Met,Not Met
2026-08-23,SBC63981,Student Branch Chapter,Granada Univ Militar Nueva,COM19,0,0,No,No,Not Met,Not Met
2026-08-23,SBC63981C,Student Branch Chapter,Granada Univ Militar Nueva,CS23,0,0,No,No,Not Met,Not Met
2026-08-23,SBC6398C,Student Branch Chapter,Granada Univ Militar Nueva,IA34,0,0,No,No,Not Met,Not Met
2026-08-23,SBC6398B,Student Branch Chapter,Granada Univ Militar Nueva,RA24,0,0,No,No,Not Met,Not Met
2026-08-23,SBC6398E,Student Branch Chapter,Granada Univ Militar Nueva,TEM14,0,0,No,No,Not Met,Not Met
2026-08-23,SBC63981F,Student Branch Chapter,Granada Univ Militar Nueva,AES10,0,0,No,No,Not Met,Not Met
2026-08-23,SBC63981D,Student Branch Chapter,Granada Univ Militar Nueva,VT06,1,0,No,No,Not Met,Not Met
2026-08-23,SBC02571A,Student Branch Chapter,Icesi University,COM19,10,3,Yes,Yes,Met,Met
2026-08-23,SBC02571B,Student Branch Chapter,Icesi University,C16,11,3,Yes,Yes,Met,Met
2026-08-23,SBC02571C,Student Branch Chapter,Icesi University,CIS11,10,2,Yes,No,Met,Not Met
2026-08-23,SBC03103A,Student Branch Chapter,Institucion Universitaria CESMAG,PE31,0,0,No,No,Not Met,Not Met
2026-08-23,SBC03103,Student Branch Chapter,Institucion Universitaria CESMAG,RA24,0,0,No,No,Not Met,Not Met
2026-08-23,SBC02331,Student Branch Chapter,Universidad de los Llanos,IA34,0,0,No,No,Not Met,Not Met
2026-08-23,SBC04591H,Student Branch Chapter,Pontificia Univ Javeriana Sede Bogota,PE31,2,0,No,No,Partial,Not Met
2026-08-23,SBC04591F,Student Branch Chapter,Pontificia Univ Javeriana Sede Bogota,AES10,4,1,No,Yes,Partial,Not Met
2026-08-23,SBC04591C,Student Branch Chapter,Pontificia Univ Javeriana Sede Bogota,C16,8,2,Yes,Yes,Partial,Not Met
2026-08-23,SBC04591A,Student Branch Chapter,Pontificia Univ Javeriana Sede Bogota,CS23,1,0,No,No,Not Met,Not Met
2026-08-23,SBC04591E,Student Branch Chapter,Pontificia Univ Javeriana Sede Bogota,ED15,8,3,Yes,Yes,Met,Met
2026-08-23,SBC04591D,Student Branch Chapter,Pontificia Univ Javeriana Sede Bogota,EMB18,8,3,Yes,Yes,Met,Met
2026-08-23,SBC04591B,Student Branch Chapter,Pontificia Univ Javeriana Sede Bogota,IA34,1,0,No,No,Not Met,Not Met
2026-08-23,SBC04591K,Student Branch Chapter,Pontificia Univ Javeriana Sede Bogota,PE31,2,0,No,No,Partial,Not Met
2026-08-23,SBC04591J,Student Branch Chapter,Pontificia Univ Javeriana Sede Bogota,PHO36,4,2,No,Yes,Met,Not Met
2026-08-23,SBC04591G,Student Branch Chapter,Pontificia Univ Javeriana Sede Bogota,RA24,10,3,Yes,Yes,Met,Met
2026-08-23,SBC04591I,Student Branch Chapter,Pontificia Univ Javeriana Sede Bogota,SP01,0,0,No,No,Not Met,Not Met
2026-08-23,SBC06431H,Student Branch Chapter,Universidad Nacional De Colombia Sede Bogota,EMC27/NANO42/SEN39,4,0,No,No,Not Met,Not Met
2026-08-23,SBC62121A,Student Branch Chapter,Univ De Ibague - Coruniversitaria,IA34,0,0,No,No,Not Met,Not Met
2026-08-23,SBC18011A,Student Branch Chapter,Univ Distrital Francisco Jose de Caldas - Bolivar,RA24,4,0,No,No,Partial,Not Met
2026-08-23,SBC18011C,Student Branch Chapter,Univ Distrital Francisco Jose de Caldas - Bolivar,C16,3,0,No,No,Not Met,Not Met
2026-08-23,SBC18011B,Student Branch Chapter,Univ Distrital Francisco Jose de Caldas - Bolivar,COM19,22,1,Yes,No,Not Met,Not Met
2026-08-23,SBC18011,Student Branch Chapter,Univ Distrital Francisco Jose de Caldas - Bolivar,PE31,1,0,No,No,Not Met,Not Met
2026-08-23,SBC0433K,Student Branch Chapter,Universidad Distrital Francisco Jose de Caldas,AES10,2,0,No,No,Not Met,Not Met
2026-08-23,SBC0433D,Student Branch Chapter,Universidad Distrital Francisco Jose de Caldas,CAS04,24,1,Yes,No,Partial,Not Met
2026-08-23,SBC0433C,Student Branch Chapter,Universidad Distrital Francisco Jose de Caldas,CS23,4,0,No,No,Not Met,Not Met
2026-08-23,SBC0433L,Student Branch Chapter,Universidad Distrital Francisco Jose de Caldas,PEL35,12,3,Yes,Yes,Met,Met
2026-08-23,SBC0433A,Student Branch Chapter,Universidad Distrital Francisco Jose de Caldas,SP01,0,0,No,No,Not Met,Not Met
2026-08-23,SBC04331,Student Branch Chapter,Universidad Distrital Francisco Jose de Caldas,C16,13,1,Yes,No,Not Met,Not Met
2026-08-23,SBC0433B,Student Branch Chapter,Universidad Distrital Francisco Jose de Caldas,COM19,15,1,Yes,No,Not Met,Not Met
2026-08-23,SBC0433F,Student Branch Chapter,Universidad Distrital Francisco Jose de Caldas,EMB18,13,1,Yes,No,Partial,Not Met
2026-08-23,SBC0433E,Student Branch Chapter,Universidad Distrital Francisco Jose de Caldas,GRS29,9,2,Yes,No,Met,Not Met
2026-08-23,SBC0433H,Student Branch Chapter,Universidad Distrital Francisco Jose de Caldas,PE31,16,2,Yes,No,Met,Not Met
2026-08-23,SBC60951,Student Branch Chapter,Universidad El Bosque,COM19,0,0,No,No,Not Met,Not Met
2026-08-23,SBC60951G,Student Branch Chapter,Universidad El Bosque,IA34,0,0,No,No,Not Met,Not Met
2026-08-23,SBC60951F,Student Branch Chapter,Universidad El Bosque,SIT30,2,0,No,No,Not Met,Not Met
2026-08-23,SBC61301A,Student Branch Chapter,Universidad Nacional sede Manizales,PE31,0,0,No,No,Not Met,Not Met
2026-08-23,SBC61301B,Student Branch Chapter,Universidad Nacional sede Manizales,ED15,0,0,No,No,Not Met,Not Met
2026-08-23,SBC090211,Student Branch Chapter,Univ Pontificia Bolivariana (UPB),COM19,0,0,No,No,Not Met,Not Met
2026-08-23,SBC0985A,Student Branch Chapter,Univ Santo Tomas De Aquino,C16,0,0,No,No,Not Met,Not Met
2026-08-23,SBC09851,Student Branch Chapter,Univ Santo Tomas De Aquino,COM19,0,0,No,No,Not Met,Not Met
2026-08-23,SBC09851B,Student Branch Chapter,Univ Santo Tomas De Aquino,PE31,0,0,No,No,Not Met,Not Met
2026-08-23,SBC0985B,Student Branch Chapter,Univ Santo Tomas De Aquino,RA24,1,0,No,No,Not Met,Not Met
2026-08-23,SBC09851A,Student Branch Chapter,Univ Santo Tomas De Aquino,SP01,0,0,No,No,Not Met,Not Met
2026-08-23,SBC17431B,Student Branch Chapter,Universidad Tecnologica de Pereira,CS23/SEN39/CSC41,1,0,No,No,Not Met,Not Met
2026-08-23,SBC65361,Student Branch Chapter,Universidad Autonoma de Bucaramanga,EMB18,0,0,No,No,Not Met,Not Met
2026-08-23,SBC65681,Student Branch Chapter,Universidad del Quindio,IA34,0,0,No,No,Not Met,Not Met
2026-08-23,SBC62201A,Student Branch Chapter,Universidad Catolica de Colombia,C16,0,0,No,No,Not Met,Not Met
2026-08-23,SBC62201,Student Branch Chapter,Universidad Catolica de Colombia,COM19,0,0,No,No,Not Met,Not Met
2026-08-23,SBC62201B,Student Branch Chapter,Universidad Catolica de Colombia,ED15/NANO42,0,0,No,No,Not Met,Not Met
2026-08-23,SBC62201C,Student Branch Chapter,Universidad Catolica de Colombia,PHO36,0,0,No,No,Not Met,Not Met
2026-08-23,SBC60951D,Student Branch Chapter,Universidad El Bosque,PE31,0,0,No,No,Not Met,Not Met
2026-08-23,SBC10591A,Student Branch Chapter,Universidad Francisco de Paula Santander,COM19,0,0,No,No,Not Met,Not Met
2026-08-23,SBC10591B,Student Branch Chapter,Universidad Francisco de Paula Santander,PE31,1,0,No,No,Not Met,Not Met
2026-08-23,SBC10591C,Student Branch Chapter,Universidad Francisco de Paula Santander,RA24,0,0,No,No,Not Met,Not Met
2026-08-23,SBC10591D,Student Branch Chapter,Universidad Francisco de Paula Santander,SP01,0,0,No,No,Not Met,Not Met
2026-08-23,SBC034111,Student Branch Chapter,Universidad INCCA de Colombia,RA24,0,0,No,No,Not Met,Not Met
2026-08-23,SBC10511E,Student Branch Chapter,Universidad Industrial de Santander,AES10,0,0,No,No,Partial,Not Met
2026-08-23,SBC10511I,Student Branch Chapter,Universidad Industrial de Santander,C16,20,3,Yes,Yes,Met,Met
2026-08-23,SBC10511H,Student Branch Chapter,Universidad Industrial de Santander,CS23,6,2,Yes,No,Met,Not Met
2026-08-23,SBC10511J,Student Branch Chapter,Universidad Industrial de Santander,E25,10,3,Yes,Yes,Met,Met
2026-08-23,SBC10511D,Student Branch Chapter,Universidad Industrial de Santander,ED15,22,1,Yes,No,Not Met,Not Met
2026-08-23,SBC10511C,Student Branch Chapter,Universidad Industrial de Santander,EMB18,15,2,Yes,No,Met,Not Met
2026-08-23,SBC1015A,Student Branch Chapter,Universidad Industrial de Santander,PE31,8,3,Yes,Yes,Met,Met
2026-08-23,SBC10511G,Student Branch Chapter,Universidad Industrial de Santander,RA24,6,2,Yes,No,Met,Not Met
2026-08-23,SBC10511,Student Branch Chapter,Universidad Industrial de Santander,SP01,8,1,Yes,No,Not Met,Not Met
2026-08-23,SBC10511F,Student Branch Chapter,Universidad Industrial de Santander,SSC37,11,3,Yes,Yes,Met,Met
2026-08-23,SBC13071A,Student Branch Chapter,Universidad Nacional Abierta y a Distancia,AES10,8,3,Yes,Yes,Met,Met
2026-08-23,SBC13071,Student Branch Chapter,Universidad Nacional Abierta y a Distancia,C16,9,3,Yes,Yes,Met,Met
2026-08-23,SBC06431I,Student Branch Chapter,Universidad Nacional De Colombia Sede Bogota,AES10,2,0,No,No,Not Met,Not Met
2026-08-23,SBC06431G,Student Branch Chapter,Universidad Nacional De Colombia Sede Bogota,AP03,16,3,Yes,Yes,Met,Met
2026-08-23,SBC06431F,Student Branch Chapter,Universidad Nacional De Colombia Sede Bogota,C16,2,2,No,Yes,Met,Not Met
2026-08-23,SBC06431A,Student Branch Chapter,Universidad Nacional De Colombia Sede Bogota,CAS04,8,2,Yes,No,Met,Not Met
2026-08-23,SBC06431C,Student Branch Chapter,Universidad Nacional De Colombia Sede Bogota,COM19,2,0,No,No,Not Met,Not Met
2026-08-23,SBC06431J,Student Branch Chapter,Universidad Nacional De Colombia Sede Bogota,ED15,4,0,No,No,Partial,Not Met
2026-08-23,SBC06431E,Student Branch Chapter,Universidad Nacional De Colombia Sede Bogota,EMB18,5,0,No,No,Partial,Not Met
2026-08-23,SBC06431B,Student Branch Chapter,Universidad Nacional De Colombia Sede Bogota,IA34,1,0,No,No,Not Met,Not Met
2026-08-23,SBC064311,Student Branch Chapter,Universidad Nacional De Colombia Sede Bogota,PE31,5,1,No,No,Met,Not Met
2026-08-23,SBC06431D,Student Branch Chapter,Universidad Nacional De Colombia Sede Bogota,RA24,9,2,Yes,No,Met,Not Met
2026-08-23,SBC06431K,Student Branch Chapter,Universidad Nacional De Colombia Sede Bogota,TEM14,5,1,No,No,Met,Not Met
2026-08-23,SBC61301,Student Branch Chapter,Universidad Nacional sede Manizales,IA34,7,3,Yes,Yes,Met,Met
2026-08-23,SBC08221,Student Branch Chapter,Universidad Pedagogica Nacional,E25,0,0,No,No,Not Met,Not Met
2026-08-23,SBC64461,Student Branch Chapter,Universidad Santiago de Cali,C16,7,2,Yes,Yes,Partial,Not Met
2026-08-23,SBC64461B,Student Branch Chapter,Universidad Santiago de Cali,EMB18,8,3,Yes,Yes,Met,Met
2026-08-23,SBC64461A,Student Branch Chapter,Universidad Santiago de Cali,RA24,8,3,Yes,Yes,Met,Met
2026-08-23,SBC64461C,Student Branch Chapter,Universidad Santiago de Cali,SP01,6,1,Yes,No,Not Met,Not Met
2026-08-23,SBC04081C,Student Branch Chapter,Universidad Santo Tomas - Tunja,AES10,6,1,Yes,No,Partial,Not Met
2026-08-23,SBC04081A,Student Branch Chapter,Universidad Santo Tomas - Tunja,ED15,8,1,Yes,No,Not Met,Not Met
2026-08-23,SBC04081B,Student Branch Chapter,Universidad Santo Tomas - Tunja,RA24,9,2,Yes,No,Met,Not Met
2026-08-23,SBC60232106A,Student Branch Chapter,Universidad Santo Tomas-Bucaramanga,COM19,14,2,Yes,No,Met,Not Met
2026-08-23,SBC60232106,Student Branch Chapter,Universidad Santo Tomas-Bucaramanga,RA24,16,2,Yes,No,Met,Not Met
2026-08-23,SBC01201,Student Branch Chapter,Universidad Sergio Arboleda,EMB18/RA24,0,0,No,No,Not Met,Not Met
2026-08-23,SBC16735A,Student Branch Chapter,Universidad Surcolombiana,CS23,0,0,No,No,Not Met,Not Met
2026-08-23,SBC16735,Student Branch Chapter,Universidad Surcolombiana,RA24,8,2,Yes,Yes,Partial,Not Met
2026-08-23,SBC16735B,Student Branch Chapter,Universidad Surcolombiana,PE31,16,2,Yes,No,Met,Not Met
2026-08-23,SBC17431,Student Branch Chapter,Universidad Tecnologica de Pereira,PE31,2,0,No,No,Not Met,Not Met
2026-08-23,SBC17431A,Student Branch Chapter,Universidad Tecnologica de Pereira,PEL35,5,0,No,No,Not Met,Not Met
2026-08-23,SBC17431E,Student Branch Chapter,Universidad Tecnologica de Pereira,AES10,0,0,No,No,Not Met,Not Met
2026-08-23,SBC17431F,Student Branch Chapter,Universidad Tecnologica de Pereira,CAS04,11,3,Yes,Yes,Met,Met
2026-08-23,SBC17431C,Student Branch Chapter,Universidad Tecnologica de Pereira,IA34,0,0,No,No,Not Met,Not Met
2026-08-23,SBC17431D,Student Branch Chapter,Universidad Tecnologica de Pereira,RA24,1,0,No,No,Not Met,Not Met
2026-08-23,SBC14361A,Student Branch Chapter,Universidad de Antioquia,PE31,0,0,No,No,Not Met,Not Met
2026-08-23,SBC64151,Student Branch Chapter,Universidad de Narino,CIS11,0,0,No,No,Not Met,Not Met
2026-08-23,SBC64151B,Student Branch Chapter,Universidad de Narino,RA24,2,0,No,No,Not Met,Not Met
2026-08-23,SBC64151A,Student Branch Chapter,Universidad de Narino,PE31,0,0,No,No,Not Met,Not Met
2026-08-23,SBC07901A,Student Branch Chapter,Universidad de San Buenaventura - Cali,C16,0,0,No,No,Not Met,Not Met
2026-08-23,SBC07901B,Student Branch Chapter,Universidad de San Buenaventura - Cali,ED15,0,0,No,No,Not Met,Not Met
2026-08-23,SBC62571,Student Branch Chapter,Universidad de San Buenaventura,COM19,0,0,No,No,Not Met,Not Met
2026-08-23,SBC62571F,Student Branch Chapter,Universidad de San Buenaventura,CS23,0,0,No,No,Not Met,Not Met
2026-08-23,SBC62571A,Student Branch Chapter,Universidad de San Buenaventura,CT08,0,0,No,No,Not Met,Not Met
2026-08-23,SBC62571E,Student Branch Chapter,Universidad de San Buenaventura,ED15,0,0,No,No,Not Met,Not Met
2026-08-23,SBC6257D,Student Branch Chapter,Universidad de San Buenaventura,EMB18,0,0,No,No,Not Met,Not Met
2026-08-23,SBC6257C,Student Branch Chapter,Universidad de San Buenaventura,IA34,0,0,No,No,Not Met,Not Met
2026-08-23,SBC6257A,Student Branch Chapter,Universidad de San Buenaventura,PE31,0,0,No,No,Not Met,Not Met
2026-08-23,SBC6257B,Student Branch Chapter,Universidad de San Buenaventura,RA24,0,0,No,No,Not Met,Not Met
2026-08-23,SBC62571D,Student Branch Chapter,Universidad de San Buenaventura,SMC28,0,0,No,No,Not Met,Not Met
2026-08-23,SBC66041A,Student Branch Chapter,Universidad de la Sabana,C16,3,0,No,No,Partial,Not Met
2026-08-23,SBC66041B,Student Branch Chapter,Universidad de la Sabana,RA24,7,1,Yes,No,Not Met,Not Met
2026-08-23,SBC12991K,Student Branch Chapter,Universidad de los Andes,AES10,2,1,No,No,Met,Not Met
2026-08-23,SBC12991H,Student Branch Chapter,Universidad de los Andes,C16,22,3,Yes,Yes,Met,Met
2026-08-23,SBC12991C,Student Branch Chapter,Universidad de los Andes,CAS04,13,3,Yes,Yes,Met,Met
2026-08-23,SBC12991E,Student Branch Chapter,Universidad de los Andes,CIS11,11,2,Yes,No,Met,Not Met
2026-08-23,SBC12991B,Student Branch Chapter,Universidad de los Andes,COM19,12,2,Yes,Yes,Partial,Not Met
2026-08-23,SBC12991A,Student Branch Chapter,Universidad de los Andes,CS23,6,3,Yes,Yes,Met,Met
2026-08-23,SBC12991M,Student Branch Chapter,Universidad de los Andes,E25,16,3,Yes,Yes,Met,Met
2026-08-23,SBC12991J,Student Branch Chapter,Universidad de los Andes,ED15,16,2,Yes,No,Met,Not Met
2026-08-23,SBC12991L,Student Branch Chapter,Universidad de los Andes,EMB18,20,3,Yes,Yes,Met,Met
2026-08-23,SBC12991G,Student Branch Chapter,Universidad de los Andes,IA34,20,3,Yes,Yes,Met,Met
2026-08-23,SBC12991F,Student Branch Chapter,Universidad de los Andes,PE31,22,3,Yes,Yes,Met,Met
2026-08-23,SBC12991O,Student Branch Chapter,Universidad de los Andes,PEL35,18,3,Yes,Yes,Met,Met
2026-08-23,SBC12991I,Student Branch Chapter,Universidad de los Andes,RA24,19,3,Yes,Yes,Met,Met
2026-08-23,SBC12991D,Student Branch Chapter,Universidad de los Andes,SP01,0,0,No,No,Not Met,Not Met
2026-08-23,SBC12991P,Student Branch Chapter,Universidad de los Andes,SSC37,8,2,Yes,Yes,Partial,Not Met
2026-08-23,SBC12991N,Student Branch Chapter,Universidad de los Andes,VT06,3,0,No,No,Not Met,Not Met
2026-08-23,SBC09161C,Student Branch Chapter,Universidad del Cauca,AES10,10,3,Yes,Yes,Met,Met
2026-08-23,SBC09161B,Student Branch Chapter,Universidad del Cauca,C16,10,1,Yes,No,Not Met,Not Met
2026-08-23,SBC09161,Student Branch Chapter,Universidad del Cauca,C16/COM19,20,1,Yes,No,Not Met,Not Met
2026-08-23,SBC09161A,Student Branch Chapter,Universidad del Cauca,COM19,16,1,Yes,No,Not Met,Not Met
2026-08-23,SBC09161D,Student Branch Chapter,Universidad del Cauca,ED15,19,1,Yes,No,Not Met,Not Met
2026-08-23,SBC09161E,Student Branch Chapter,Universidad del Cauca,RA24,17,2,Yes,No,Met,Not Met
2026-08-23,SBC65911,Student Branch Chapter,Universidad del Quindio,ED15,7,3,Yes,Yes,Met,Met
2026-08-23,SBC99411C,Student Branch Chapter,Universidad del Rosario,C16,5,1,No,No,Met,Not Met
2026-08-23,SBC99411B,Student Branch Chapter,Universidad del Rosario,CIS11,2,0,No,No,Partial,Not Met
2026-08-23,SBC99411,Student Branch Chapter,Universidad del Rosario,EMB18,4,0,No,No,Not Met,Not Met
2026-08-23,SBC99411A,Student Branch Chapter,Universidad del Rosario,RA24,2,0,No,No,Not Met,Not Met
2026-08-23,SBC95801,Student Branch Chapter,Universidad del Valle,CAS04,39,3,Yes,Yes,Met,Met
2026-08-23,SBC95801A,Student Branch Chapter,Universidad del Valle,RA24,26,2,Yes,Yes,Partial,Not Met
2026-08-23,SBC95801C,Student Branch Chapter,Universidad del Valle,AES10,10,2,Yes,Yes,Partial,Not Met
2026-08-23,SBC95801G,Student Branch Chapter,Universidad del Valle,C16,27,3,Yes,Yes,Met,Met
2026-08-23,SBC95801H,Student Branch Chapter,Universidad del Valle,COM19,16,2,Yes,No,Met,Not Met
2026-08-23,SBC95801D,Student Branch Chapter,Universidad del Valle,CS23,11,2,Yes,No,Met,Not Met
2026-08-23,SBC95801F,Student Branch Chapter,Universidad del Valle,IM09,16,3,Yes,Yes,Met,Met
2026-08-23,SBC95801B,Student Branch Chapter,Universidad del Valle,PE31,18,2,Yes,Yes,Partial,Not Met
2026-08-23,SBC95801E,Student Branch Chapter,Universidad del Valle,PHO36,1,0,No,No,Not Met,Not Met
2026-08-23,SBC60951A,Student Branch Chapter,Universidad El Bosque,C16,2,0,No,No,Not Met,Not Met
2026-08-23,SBC60951B,Student Branch Chapter,Universidad El Bosque,CS23,0,0,No,No,Not Met,Not Met
2026-08-23,SBC60951C,Student Branch Chapter,Universidad El Bosque,EMB18,4,1,No,No,Met,Not Met
2026-08-23,SBC60951E,Student Branch Chapter,Universidad El Bosque,RA24,1,0,No,No,Not Met,Not Met
2026-08-23,SBC41556639,Student Branch Chapter,University of Pamplona,CIS11,12,1,Yes,No,Partial,Not Met
2026-08-23,SBC41556639A,Student Branch Chapter,University of Pamplona,PE31,6,1,Yes,No,Partial,Not Met
2026-08-25,SBA64411,Affinity Group,Antonio Narino University,WIE,38,2,Yes,No,Met,Not Met
2026-08-25,SBA60236869,Affinity Group,Corporación Universitaria del Huila – CORHUILA,WIE,8,2,Yes,No,Met,Not Met
2026-08-25,SBA27011,Affinity Group,Escuela Colombiana De Ingenieria Julio Garavito,WIE,3,0,No,No,Partial,Not Met
2026-08-25,SBA05421,Affinity Group,Escuela Colombiana de Carreras Industriales,WIE,15,3,Yes,Yes,Met,Met
2026-08-25,SBA13041,Affinity Group,Escuela Tecnologica Instituto Tecnico Central,WIE,5,1,No,No,Met,Not Met
2026-08-25,SBA63981,Affinity Group,Granada Univ Militar Nueva,WIE,7,1,Yes,No,Not Met,Not Met
2026-08-25,SBA02571,Affinity Group,Icesi University,WIE,11,3,Yes,Yes,Met,Met
2026-08-25,SBA03103,Affinity Group,Institucion Universitaria CESMAG,WIE,0,0,No,No,Not Met,Not Met
2026-08-25,SBA04591,Affinity Group,Pontificia Univ Javeriana Sede Bogota,WIE,7,2,Yes,Yes,Partial,Not Met
2026-08-25,SBA62391,Affinity Group,Univ Cooperativa De Colombia Sede Bogota,WIE,0,0,No,No,Not Met,Not Met
2026-08-25,SBA18011,Affinity Group,Univ Distrital Francisco Jose de Caldas - Bolivar,WIE,20,1,Yes,No,Not Met,Not Met
2026-08-25,SBA04331,Affinity Group,Universidad Distrital Francisco Jose de Caldas,WIE,18,1,Yes,No,Not Met,Not Met
2026-08-25,SBA60951,Affinity Group,Universidad El Bosque,WIE,0,0,No,No,Not Met,Not Met
2026-08-25,SBA61301,Affinity Group,Universidad Nacional sede Manizales,WIE,1,1,No,Yes,Not Met,Not Met
2026-08-25,SBA09021,Affinity Group,Univ Pontificia Bolivariana (UPB),WIE,0,0,No,No,Not Met,Not Met
2026-08-25,SBA09851,Affinity Group,Univ Santo Tomas De Aquino,WIE,0,0,No,No,Not Met,Not Met
2026-08-25,SBA04331S,Affinity Group,Universidad Distrital Francisco Jose de Caldas,SIGHT,43,1,Yes,No,Not Met,Not Met
2026-08-25,SBA29341,Affinity Group,Universidad Autonoma de Occidente,WIE,0,0,No,No,Not Met,Not Met
2026-08-25,SBA62201S,Affinity Group,Universidad Catolica de Colombia,SIGHT,0,0,No,No,Not Met,Not Met
2026-08-25,SBA62201,Affinity Group,Universidad Catolica de Colombia,WIE,0,0,No,No,Not Met,Not Met
2026-08-25,SBA10591,Affinity Group,Universidad Francisco de Paula Santander,WIE,1,0,No,No,Not Met,Not Met
2026-08-25,SBA10511,Affinity Group,Universidad Industrial de Santander,WIE,12,2,Yes,Yes,Not Met,Not Met
2026-08-25,SBA13071,Affinity Group,Universidad Nacional Abierta y a Distancia,WIE,9,3,Yes,Yes,Met,Met
2026-08-25,SBA06431,Affinity Group,Universidad Nacional De Colombia Sede Bogota,WIE,17,2,Yes,No,Met,Not Met
2026-08-25,SBA81721,Affinity Group,Universidad Piloto de Colombia,WIE,1,0,No,No,Not Met,Not Met
2026-08-25,SBA64461,Affinity Group,Universidad Santiago de Cali,WIE,14,2,Yes,Yes,Partial,Not Met
2026-08-25,SBA04081S,Affinity Group,Universidad Santo Tomas - Tunja,SIGHT,26,1,Yes,No,Partial,Not Met
2026-08-25,SBA04081,Affinity Group,Universidad Santo Tomas - Tunja,WIE,20,1,Yes,No,Partial,Not Met
2026-08-25,SBA01201,Affinity Group,Universidad Sergio Arboleda,WIE,0,0,No,No,Not Met,Not Met
2026-08-25,SBA16735,Affinity Group,Universidad Surcolombiana,WIE,19,1,Yes,No,Partial,Not Met
2026-08-25,SBA17431,Affinity Group,Universidad Tecnologica de Pereira,WIE,3,0,No,No,Partial,Not Met
2026-08-25,SBA64151,Affinity Group,Universidad de Narino,WIE,0,0,No,No,Not Met,Not Met
2026-08-25,SBA62571,Affinity Group,Universidad de San Buenaventura,WIE,0,0,No,No,Not Met,Not Met
2026-08-25,SBA12991,Affinity Group,Universidad de los Andes,WIE,40,2,Yes,Yes,Partial,Not Met
2026-08-25,SBA09161,Affinity Group,Universidad del Cauca,WIE,36,1,Yes,No,Not Met,Not Met
2026-08-25,SBA65911,Affinity Group,Universidad del Quindio,WIE,7,2,Yes,Yes,Partial,Not Met
2026-08-25,SBA95801,Affinity Group,Universidad del Valle,WIE,32,3,Yes,Yes,Met,Met
2026-08-25,STB64411A,Student Branch,Antonio Narino University,,48,3,Yes,Yes,Met,Met
2026-08-25,STB60103228,Student Branch,Corporacion Universitaria Minuto de Dios UNIMINUTO,,0,0,No,No,Not Met,Not Met
2026-08-25,STB18371,Student Branch,Corporacion Universitaria Unitec,,0,0,No,No,Not Met,Not Met
2026-08-25,STB60236869,Student Branch,Corporación Universitaria del Huila – CORHUILA,,32,3,Yes,Yes,Met,Met
2026-08-25,STB40010389,Student Branch,De La Salle University,,6,1,No,No,Met,Not Met
2026-08-25,STB27011,Student Branch,Escuela Colombiana De Ingenieria Julio Garavito,,10,1,No,No,Met,Not Met
2026-08-25,STB05421,Student Branch,Escuela Colombiana de Carreras Industriales,,17,2,Yes,No,Met,Not Met
2026-08-25,STB60204105,Student Branch,Escuela De Aviacion Del Ejercito,,0,0,No,No,Not Met,Not Met
2026-08-25,STB13041,Student Branch,Escuela Tecnologica Instituto Tecnico Central,,7,0,No,No,Partial,Not Met
2026-08-25,STB60222205,Student Branch,Fundacion Universitaria Compensar,,3,0,No,No,Not Met,Not Met
2026-08-25,STB63981,Student Branch,Granada Univ Militar Nueva,,8,1,No,No,Met,Not Met
2026-08-25,STB02571,Student Branch,Icesi University,,43,3,Yes,Yes,Met,Met
2026-08-25,STB03103,Student Branch,Institucion Universitaria CESMAG,,0,0,No,No,Not Met,Not Met
2026-08-25,STB12561,Student Branch,Instituto Tecnologico Metropolitano,,1,0,No,No,Not Met,Not Met
2026-08-25,STB04591,Student Branch,Pontificia Univ Javeriana Sede Bogota,,49,3,Yes,Yes,Met,Met
2026-08-25,STB60181,Student Branch,Pontificia Universidad Javeriana-Cali,,1,0,No,No,Not Met,Not Met
2026-08-25,STB09881,Student Branch,Servicio Nacional de Aprendizale - Antioquia,,5,0,No,No,Not Met,Not Met
2026-08-25,STB60137284,Student Branch,Unidades Tecnologicas de Santander,,16,2,Yes,No,Met,Not Met
2026-08-25,STB62391,Student Branch,Univ Cooperativa De Colombia Sede Bogota,,0,0,No,No,Not Met,Not Met
2026-08-25,STB62121,Student Branch,Univ De Ibague - Coruniversitaria,,0,0,No,No,Not Met,Not Met
2026-08-25,STB18011,Student Branch,Univ Distrital Francisco Jose de Caldas - Bolivar,,25,2,Yes,No,Met,Not Met
2026-08-25,STB09021,Student Branch,Univ Pontificia Bolivariana (UPB),,5,0,No,No,Not Met,Not Met
2026-08-25,STB09851,Student Branch,Univ Santo Tomas De Aquino,,1,0,No,No,Not Met,Not Met
2026-08-25,STB65361,Student Branch,Universidad Autonoma de Bucaramanga,,0,0,No,No,Not Met,Not Met
2026-08-25,STB29341,Student Branch,Universidad Autonoma de Occidente,,1,0,No,No,Not Met,Not Met
2026-08-25,STB62201,Student Branch,Universidad Catolica de Colombia,,2,0,No,No,Not Met,Not Met
2026-08-25,STB65251,Student Branch,Universidad Central,,11,0,No,No,Partial,Not Met
2026-08-25,STB04331,Student Branch,Universidad Distrital Francisco Jose de Caldas,,80,3,Yes,Yes,Met,Met
2026-08-25,STB64421,Student Branch,Universidad EAFIT,,4,0,No,No,Not Met,Not Met
2026-08-25,STB10591,Student Branch,Universidad Francisco de Paula Santander,,2,1,No,No,Met,Not Met
2026-08-25,STB03411,Student Branch,Universidad INCCA de Colombia,,0,0,No,No,Not Met,Not Met
2026-08-25,STB10511,Student Branch,Universidad Industrial de Santander,,73,3,Yes,Yes,Met,Met
2026-08-25,STB65061A,Student Branch,Universidad Jorge Tadeo Lozano,,20,3,Yes,Yes,Met,Met
2026-08-25,STB14023,Student Branch,Universidad Mariana,,0,0,No,No,Not Met,Not Met
2026-08-25,STB13071,Student Branch,Universidad Nacional Abierta y a Distancia,,28,2,Yes,No,Met,Not Met
2026-08-25,STB06431,Student Branch,Universidad Nacional De Colombia Sede Bogota,,45,3,Yes,Yes,Met,Met
2026-08-25,STB66021,Student Branch,Universidad Nacional de Colombia Sede Medellin,,10,0,No,No,Not Met,Not Met
2026-08-25,STB61301,Student Branch,Universidad Nacional sede Manizales,,7,1,No,No,Met,Not Met
2026-08-25,STB08221,Student Branch,Universidad Pedagogica Nacional,,0,0,No,No,Not Met,Not Met
2026-08-25,STB60931,Student Branch,Universidad Pedagogica Y Tec de Colombia,,1,0,No,No,Not Met,Not Met
2026-08-25,STB81721,Student Branch,Universidad Piloto de Colombia,,14,3,Yes,Yes,Met,Met
2026-08-25,STB64461,Student Branch,Universidad Santiago de Cali,,26,1,Yes,No,Partial,Not Met
2026-08-25,STB04081,Student Branch,Universidad Santo Tomas - Tunja,,20,1,Yes,No,Partial,Not Met
2026-08-25,STB60232106,Student Branch,Universidad Santo Tomas-Bucaramanga,,32,3,Yes,Yes,Met,Met
2026-08-25,STB01201,Student Branch,Universidad Sergio Arboleda,,0,0,No,No,Not Met,Not Met
2026-08-25,STB16735,Student Branch,Universidad Surcolombiana,,25,2,Yes,No,Met,Not Met
2026-08-25,STB17431,Student Branch,Universidad Tecnologica de Pereira,,20,2,Yes,No,Met,Not Met
2026-08-25,STB14361,Student Branch,Universidad de Antioquia,,6,1,No,No,Met,Not Met
2026-08-25,STB64431,Student Branch,Universidad de Cundinamarca,,0,0,No,No,Not Met,Not Met
2026-08-25,STB64635,Student Branch,Universidad de Investigacion y Desarrollo,,0,0,No,No,Not Met,Not Met
2026-08-25,STB07871,Student Branch,Universidad de Medellin,,0,0,No,No,Not Met,Not Met
2026-08-25,STB64151,Student Branch,Universidad de Narino,,5,0,No,No,Not Met,Not Met
2026-08-25,STB62571,Student Branch,Universidad de San Buenaventura,,0,0,No,No,Not Met,Not Met
2026-08-25,STB07901,Student Branch,Universidad de San Buenaventura - Cali,,0,0,No,No,Not Met,Not Met
2026-08-25,STB66041,Student Branch,Universidad de la Sabana,,32,1,Yes,No,Partial,Not Met
2026-08-25,STB12991,Student Branch,Universidad de los Andes,,132,3,Yes,Yes,Met,Met
2026-08-25,STB02331,Student Branch,Universidad de los Llanos,,0,0,No,No,Not Met,Not Met
2026-08-25,STB09161,Student Branch,Universidad del Cauca,,54,3,Yes,Yes,Met,Met
2026-08-25,STB65911,Student Branch,Universidad del Quindio,,9,2,No,Yes,Met,Not Met
2026-08-25,STB99411,Student Branch,Universidad del Rosario,,12,2,Yes,No,Met,Not Met
2026-08-25,STB95801,Student Branch,Universidad del Valle,,107,3,Yes,Yes,Met,Met
2026-08-25,STB60951,Student Branch,Universidad El Bosque,,10,0,No,No,Partial,Not Met
2026-08-25,STB41556639,Student Branch,University of Pamplona,,43,1,Yes,No,Partial,Not Met
2026-08-25,STB03171,Student Branch,University of San Buenaventura,,2,0,No,No,Not Met,Not Met
2026-08-25,SBC64411D,Student Branch Chapter,Antonio Narino University,COM19,18,2,Yes,No,Met,Not Met
2026-08-25,SBC64411C,Student Branch Chapter,Antonio Narino University,EMB18,12,2,Yes,No,Met,Not Met
2026-08-25,SBC64411B,Student Branch Chapter,Antonio Narino University,RA24,25,2,Yes,No,Met,Not Met
2026-08-25,SBC64411A,Student Branch Chapter,Antonio Narino University,TEM14,20,2,Yes,No,Met,Not Met
2026-08-25,SBC60236869,Student Branch Chapter,Corporación Universitaria del Huila – CORHUILA,RA24,10,2,Yes,No,Met,Not Met
2026-08-25,SBC40010389B,Student Branch Chapter,De La Salle University,AES10,0,0,No,No,Not Met,Not Met
2026-08-25,SBC40010389A,Student Branch Chapter,De La Salle University,PE31,1,0,No,No,Partial,Not Met
2026-08-25,SBC40010389,Student Branch Chapter,De La Salle University,RA24,2,0,No,No,Not Met,Not Met
2026-08-25,SBC27011B,Student Branch Chapter,Escuela Colombiana De Ingenieria Julio Garavito,AES10,5,1,No,No,Met,Not Met
2026-08-25,SBC05421A,Student Branch Chapter,Escuela Colombiana de Carreras Industriales,AES10,2,0,No,No,Not Met,Not Met
2026-08-25,SBC05421B,Student Branch Chapter,Escuela Colombiana de Carreras Industriales,COM19,0,0,No,No,Not Met,Not Met
2026-08-25,SBC05421,Student Branch Chapter,Escuela Colombiana de Carreras Industriales,RA24,12,2,Yes,Yes,Partial,Not Met
2026-08-25,SBC05421C,Student Branch Chapter,Escuela Colombiana de Carreras Industriales,EMB18,1,0,No,No,Not Met,Not Met
2026-08-25,SBC27011A,Student Branch Chapter,Escuela Colombiana De Ingenieria Julio Garavito,PE31,0,0,No,No,Partial,Not Met
2026-08-25,SBC13041A,Student Branch Chapter,Escuela Tecnologica Instituto Tecnico Central,C16,1,0,No,No,Partial,Not Met
2026-08-25,SBC13041B,Student Branch Chapter,Escuela Tecnologica Instituto Tecnico Central,RA24,6,1,Yes,No,Partial,Not Met
2026-08-25,SBC13041C,Student Branch Chapter,Escuela Tecnologica Instituto Tecnico Central,AES10,1,0,No,No,Not Met,Not Met
2026-08-25,SBC13041D,Student Branch Chapter,Escuela Tecnologica Instituto Tecnico Central,OE22,0,0,No,No,Not Met,Not Met
2026-08-25,SBC0433N,Student Branch Chapter,Universidad Distrital Francisco Jose de Caldas,ED15,15,1,Yes,No,Not Met,Not Met
2026-08-25,SBC0433J,Student Branch Chapter,Universidad Distrital Francisco Jose de Caldas,IA34,15,1,Yes,No,Partial,Not Met
2026-08-25,SBC0433I,Student Branch Chapter,Universidad Distrital Francisco Jose de Caldas,RA24,33,1,Yes,No,Partial,Not Met
2026-08-25,SBC0433M,Student Branch Chapter,Universidad Distrital Francisco Jose de Caldas,TEM14,0,0,No,No,Not Met,Not Met
2026-08-25,SBC0433O,Student Branch Chapter,Universidad Distrital Francisco Jose de Caldas,E25,6,1,Yes,No,Not Met,Not Met
2026-08-25,SBC1051A,Student Branch Chapter,Universidad Industrial de Santander,C16,20,1,Yes,No,Not Met,Not Met
2026-08-25,SBC1051B,Student Branch Chapter,Universidad Industrial de Santander,CS23,6,1,Yes,No,Not Met,Not Met
2026-08-25,SBC63981E,Student Branch Chapter,Granada Univ Militar Nueva,AP03,0,0,No,No,Not Met,Not Met
2026-08-25,SBC6398A,Student Branch Chapter,Granada Univ Militar Nueva,C16,0,0,No,No,Not Met,Not Met
2026-08-25,SBC63981,Student Branch Chapter,Granada Univ Militar Nueva,COM19,0,0,No,No,Not Met,Not Met
2026-08-25,SBC63981C,Student Branch Chapter,Granada Univ Militar Nueva,CS23,0,0,No,No,Not Met,Not Met
2026-08-25,SBC6398C,Student Branch Chapter,Granada Univ Militar Nueva,IA34,0,0,No,No,Not Met,Not Met
2026-08-25,SBC6398B,Student Branch Chapter,Granada Univ Militar Nueva,RA24,0,0,No,No,Not Met,Not Met
2026-08-25,SBC6398E,Student Branch Chapter,Granada Univ Militar Nueva,TEM14,0,0,No,No,Not Met,Not Met
2026-08-25,SBC63981F,Student Branch Chapter,Granada Univ Militar Nueva,AES10,0,0,No,No,Not Met,Not Met
2026-08-25,SBC63981D,Student Branch Chapter,Granada Univ Militar Nueva,VT06,1,0,No,No,Not Met,Not Met
2026-08-25,SBC02571A,Student Branch Chapter,Icesi University,COM19,10,3,Yes,Yes,Met,Met
2026-08-25,SBC02571B,Student Branch Chapter,Icesi University,C16,11,3,Yes,Yes,Met,Met
2026-08-25,SBC02571C,Student Branch Chapter,Icesi University,CIS11,10,2,Yes,No,Met,Not Met
2026-08-25,SBC03103A,Student Branch Chapter,Institucion Universitaria CESMAG,PE31,0,0,No,No,Not Met,Not Met
2026-08-25,SBC03103,Student Branch Chapter,Institucion Universitaria CESMAG,RA24,0,0,No,No,Not Met,Not Met
2026-08-25,SBC02331,Student Branch Chapter,Universidad de los Llanos,IA34,0,0,No,No,Not Met,Not Met
2026-08-25,SBC04591H,Student Branch Chapter,Pontificia Univ Javeriana Sede Bogota,PE31,2,0,No,No,Partial,Not Met
2026-08-25,SBC04591F,Student Branch Chapter,Pontificia Univ Javeriana Sede Bogota,AES10,4,1,No,Yes,Partial,Not Met
2026-08-25,SBC04591C,Student Branch Chapter,Pontificia Univ Javeriana Sede Bogota,C16,8,2,Yes,Yes,Partial,Not Met
2026-08-25,SBC04591A,Student Branch Chapter,Pontificia Univ Javeriana Sede Bogota,CS23,1,0,No,No,Not Met,Not Met
2026-08-25,SBC04591E,Student Branch Chapter,Pontificia Univ Javeriana Sede Bogota,ED15,8,3,Yes,Yes,Met,Met
2026-08-25,SBC04591D,Student Branch Chapter,Pontificia Univ Javeriana Sede Bogota,EMB18,8,3,Yes,Yes,Met,Met
2026-08-25,SBC04591B,Student Branch Chapter,Pontificia Univ Javeriana Sede Bogota,IA34,1,0,No,No,Not Met,Not Met
2026-08-25,SBC04591K,Student Branch Chapter,Pontificia Univ Javeriana Sede Bogota,PE31,2,0,No,No,Partial,Not Met
2026-08-25,SBC04591J,Student Branch Chapter,Pontificia Univ Javeriana Sede Bogota,PHO36,4,2,No,Yes,Met,Not Met
2026-08-25,SBC04591G,Student Branch Chapter,Pontificia Univ Javeriana Sede Bogota,RA24,10,3,Yes,Yes,Met,Met
2026-08-25,SBC04591I,Student Branch Chapter,Pontificia Univ Javeriana Sede Bogota,SP01,0,0,No,No,Not Met,Not Met
2026-08-25,SBC06431H,Student Branch Chapter,Universidad Nacional De Colombia Sede Bogota,EMC27/NANO42/SEN39,10,1,Yes,No,Not Met,Not Met
2026-08-25,SBC62121A,Student Branch Chapter,Univ De Ibague - Coruniversitaria,IA34,0,0,No,No,Not Met,Not Met
2026-08-25,SBC18011A,Student Branch Chapter,Univ Distrital Francisco Jose de Caldas - Bolivar,RA24,4,0,No,No,Partial,Not Met
2026-08-25,SBC18011C,Student Branch Chapter,Univ Distrital Francisco Jose de Caldas - Bolivar,C16,3,0,No,No,Not Met,Not Met
2026-08-25,SBC18011B,Student Branch Chapter,Univ Distrital Francisco Jose de Caldas - Bolivar,COM19,22,1,Yes,No,Not Met,Not Met
2026-08-25,SBC18011,Student Branch Chapter,Univ Distrital Francisco Jose de Caldas - Bolivar,PE31,1,0,No,No,Not Met,Not Met
2026-08-25,SBC0433K,Student Branch Chapter,Universidad Distrital Francisco Jose de Caldas,AES10,2,0,No,No,Not Met,Not Met
2026-08-25,SBC0433D,Student Branch Chapter,Universidad Distrital Francisco Jose de Caldas,CAS04,24,1,Yes,No,Partial,Not Met
2026-08-25,SBC0433C,Student Branch Chapter,Universidad Distrital Francisco Jose de Caldas,CS23,4,0,No,No,Not Met,Not Met
2026-08-25,SBC0433L,Student Branch Chapter,Universidad Distrital Francisco Jose de Caldas,PEL35,12,3,Yes,Yes,Met,Met
2026-08-25,SBC0433A,Student Branch Chapter,Universidad Distrital Francisco Jose de Caldas,SP01,0,0,No,No,Not Met,Not Met
2026-08-25,SBC04331,Student Branch Chapter,Universidad Distrital Francisco Jose de Caldas,C16,13,1,Yes,No,Not Met,Not Met
2026-08-25,SBC0433B,Student Branch Chapter,Universidad Distrital Francisco Jose de Caldas,COM19,15,1,Yes,No,Not Met,Not Met
2026-08-25,SBC0433F,Student Branch Chapter,Universidad Distrital Francisco Jose de Caldas,EMB18,13,1,Yes,No,Partial,Not Met
2026-08-25,SBC0433E,Student Branch Chapter,Universidad Distrital Francisco Jose de Caldas,GRS29,9,2,Yes,No,Met,Not Met
2026-08-25,SBC0433H,Student Branch Chapter,Universidad Distrital Francisco Jose de Caldas,PE31,16,2,Yes,No,Met,Not Met
2026-08-25,SBC60951,Student Branch Chapter,Universidad El Bosque,COM19,0,0,No,No,Not Met,Not Met
2026-08-25,SBC60951G,Student Branch Chapter,Universidad El Bosque,IA34,0,0,No,No,Not Met,Not Met
2026-08-25,SBC60951F,Student Branch Chapter,Universidad El Bosque,SIT30,2,0,No,No,Not Met,Not Met
2026-08-25,SBC61301A,Student Branch Chapter,Universidad Nacional sede Manizales,PE31,0,0,No,No,Not Met,Not Met
2026-08-25,SBC61301B,Student Branch Chapter,Universidad Nacional sede Manizales,ED15,0,0,No,No,Not Met,Not Met
2026-08-25,SBC090211,Student Branch Chapter,Univ Pontificia Bolivariana (UPB),COM19,0,0,No,No,Not Met,Not Met
2026-08-25,SBC0985A,Student Branch Chapter,Univ Santo Tomas De Aquino,C16,0,0,No,No,Not Met,Not Met
2026-08-25,SBC09851,Student Branch Chapter,Univ Santo Tomas De Aquino,COM19,0,0,No,No,Not Met,Not Met
2026-08-25,SBC09851B,Student Branch Chapter,Univ Santo Tomas De Aquino,PE31,0,0,No,No,Not Met,Not Met
2026-08-25,SBC0985B,Student Branch Chapter,Univ Santo Tomas De Aquino,RA24,1,0,No,No,Not Met,Not Met
2026-08-25,SBC09851A,Student Branch Chapter,Univ Santo Tomas De Aquino,SP01,0,0,No,No,Not Met,Not Met
2026-08-25,SBC17431B,Student Branch Chapter,Universidad Tecnologica de Pereira,CS23/SEN39/CSC41,1,0,No,No,Not Met,Not Met
2026-08-25,SBC65361,Student Branch Chapter,Universidad Autonoma de Bucaramanga,EMB18,0,0,No,No,Not Met,Not Met
2026-08-25,SBC65681,Student Branch Chapter,Universidad del Quindio,IA34,0,0,No,No,Not Met,Not Met
2026-08-25,SBC62201A,Student Branch Chapter,Universidad Catolica de Colombia,C16,0,0,No,No,Not Met,Not Met
2026-08-25,SBC62201,Student Branch Chapter,Universidad Catolica de Colombia,COM19,0,0,No,No,Not Met,Not Met
2026-08-25,SBC62201B,Student Branch Chapter,Universidad Catolica de Colombia,ED15/NANO42,0,0,No,No,Not Met,Not Met
2026-08-25,SBC62201C,Student Branch Chapter,Universidad Catolica de Colombia,PHO36,0,0,No,No,Not Met,Not Met
2026-08-25,SBC60951D,Student Branch Chapter,Universidad El Bosque,PE31,0,0,No,No,Not Met,Not Met
2026-08-25,SBC10591A,Student Branch Chapter,Universidad Francisco de Paula Santander,COM19,0,0,No,No,Not Met,Not Met
2026-08-25,SBC10591B,Student Branch Chapter,Universidad Francisco de Paula Santander,PE31,1,0,No,No,Not Met,Not Met
2026-08-25,SBC10591C,Student Branch Chapter,Universidad Francisco de Paula Santander,RA24,0,0,No,No,Not Met,Not Met
2026-08-25,SBC10591D,Student Branch Chapter,Universidad Francisco de Paula Santander,SP01,0,0,No,No,Not Met,Not Met
2026-08-25,SBC034111,Student Branch Chapter,Universidad INCCA de Colombia,RA24,0,0,No,No,Not Met,Not Met
2026-08-25,SBC10511E,Student Branch Chapter,Universidad Industrial de Santander,AES10,0,0,No,No,Partial,Not Met
2026-08-25,SBC10511I,Student Branch Chapter,Universidad Industrial de Santander,C16,20,3,Yes,Yes,Met,Met
2026-08-25,SBC10511H,Student Branch Chapter,Universidad Industrial de Santander,CS23,6,2,Yes,No,Met,Not Met
2026-08-25,SBC10511J,Student Branch Chapter,Universidad Industrial de Santander,E25,10,3,Yes,Yes,Met,Met
2026-08-25,SBC10511D,Student Branch Chapter,Universidad Industrial de Santander,ED15,22,1,Yes,No,Not Met,Not Met
2026-08-25,SBC10511C,Student Branch Chapter,Universidad Industrial de Santander,EMB18,15,2,Yes,No,Met,Not Met
2026-08-25,SBC1015A,Student Branch Chapter,Universidad Industrial de Santander,PE31,8,3,Yes,Yes,Met,Met
2026-08-25,SBC10511G,Student Branch Chapter,Universidad Industrial de Santander,RA24,6,2,Yes,No,Met,Not Met
2026-08-25,SBC10511,Student Branch Chapter,Universidad Industrial de Santander,SP01,8,1,Yes,No,Not Met,Not Met
2026-08-25,SBC10511F,Student Branch Chapter,Universidad Industrial de Santander,SSC37,11,3,Yes,Yes,Met,Met
2026-08-25,SBC13071A,Student Branch Chapter,Universidad Nacional Abierta y a Distancia,AES10,8,3,Yes,Yes,Met,Met
2026-08-25,SBC13071,Student Branch Chapter,Universidad Nacional Abierta y a Distancia,C16,9,3,Yes,Yes,Met,Met
2026-08-25,SBC06431I,Student Branch Chapter,Universidad Nacional De Colombia Sede Bogota,AES10,2,0,No,No,Not Met,Not Met
2026-08-25,SBC06431G,Student Branch Chapter,Universidad Nacional De Colombia Sede Bogota,AP03,16,3,Yes,Yes,Met,Met
2026-08-25,SBC06431F,Student Branch Chapter,Universidad Nacional De Colombia Sede Bogota,C16,2,2,No,Yes,Met,Not Met
2026-08-25,SBC06431A,Student Branch Chapter,Universidad Nacional De Colombia Sede Bogota,CAS04,8,2,Yes,No,Met,Not Met
2026-08-25,SBC06431C,Student Branch Chapter,Universidad Nacional De Colombia Sede Bogota,COM19,2,0,No,No,Not Met,Not Met
2026-08-25,SBC06431J,Student Branch Chapter,Universidad Nacional De Colombia Sede Bogota,ED15,4,0,No,No,Partial,Not Met
2026-08-25,SBC06431E,Student Branch Chapter,Universidad Nacional De Colombia Sede Bogota,EMB18,5,0,No,No,Partial,Not Met
2026-08-25,SBC06431B,Student Branch Chapter,Universidad Nacional De Colombia Sede Bogota,IA34,1,0,No,No,Not Met,Not Met
2026-08-25,SBC064311,Student Branch Chapter,Universidad Nacional De Colombia Sede Bogota,PE31,5,1,No,No,Met,Not Met
2026-08-25,SBC06431D,Student Branch Chapter,Universidad Nacional De Colombia Sede Bogota,RA24,9,2,Yes,No,Met,Not Met
2026-08-25,SBC06431K,Student Branch Chapter,Universidad Nacional De Colombia Sede Bogota,TEM14,5,1,No,No,Met,Not Met
2026-08-25,SBC61301,Student Branch Chapter,Universidad Nacional sede Manizales,IA34,7,3,Yes,Yes,Met,Met
2026-08-25,SBC08221,Student Branch Chapter,Universidad Pedagogica Nacional,E25,0,0,No,No,Not Met,Not Met
2026-08-25,SBC64461,Student Branch Chapter,Universidad Santiago de Cali,C16,7,2,Yes,Yes,Partial,Not Met
2026-08-25,SBC64461B,Student Branch Chapter,Universidad Santiago de Cali,EMB18,8,3,Yes,Yes,Met,Met
2026-08-25,SBC64461A,Student Branch Chapter,Universidad Santiago de Cali,RA24,8,3,Yes,Yes,Met,Met
2026-08-25,SBC64461C,Student Branch Chapter,Universidad Santiago de Cali,SP01,6,1,Yes,No,Not Met,Not Met
2026-08-25,SBC04081C,Student Branch Chapter,Universidad Santo Tomas - Tunja,AES10,6,1,Yes,No,Partial,Not Met
2026-08-25,SBC04081A,Student Branch Chapter,Universidad Santo Tomas - Tunja,ED15,8,1,Yes,No,Not Met,Not Met
2026-08-25,SBC04081B,Student Branch Chapter,Universidad Santo Tomas - Tunja,RA24,9,2,Yes,No,Met,Not Met
2026-08-25,SBC60232106A,Student Branch Chapter,Universidad Santo Tomas-Bucaramanga,COM19,14,2,Yes,No,Met,Not Met
2026-08-25,SBC60232106,Student Branch Chapter,Universidad Santo Tomas-Bucaramanga,RA24,16,2,Yes,No,Met,Not Met
2026-08-25,SBC01201,Student Branch Chapter,Universidad Sergio Arboleda,EMB18/RA24,0,0,No,No,Not Met,Not Met
2026-08-25,SBC16735A,Student Branch Chapter,Universidad Surcolombiana,CS23,0,0,No,No,Not Met,Not Met
2026-08-25,SBC16735,Student Branch Chapter,Universidad Surcolombiana,RA24,8,2,Yes,Yes,Partial,Not Met
2026-08-25,SBC16735B,Student Branch Chapter,Universidad Surcolombiana,PE31,16,2,Yes,No,Met,Not Met
2026-08-25,SBC17431,Student Branch Chapter,Universidad Tecnologica de Pereira,PE31,2,0,No,No,Not Met,Not Met
2026-08-25,SBC17431A,Student Branch Chapter,Universidad Tecnologica de Pereira,PEL35,5,0,No,No,Not Met,Not Met
2026-08-25,SBC17431E,Student Branch Chapter,Universidad Tecnologica de Pereira,AES10,0,0,No,No,Not Met,Not Met
2026-08-25,SBC17431F,Student Branch Chapter,Universidad Tecnologica de Pereira,CAS04,11,3,Yes,Yes,Met,Met
2026-08-25,SBC17431C,Student Branch Chapter,Universidad Tecnologica de Pereira,IA34,0,0,No,No,Not Met,Not Met
2026-08-25,SBC17431D,Student Branch Chapter,Universidad Tecnologica de Pereira,RA24,1,0,No,No,Not Met,Not Met
2026-08-25,SBC14361A,Student Branch Chapter,Universidad de Antioquia,PE31,0,0,No,No,Not Met,Not Met
2026-08-25,SBC64151,Student Branch Chapter,Universidad de Narino,CIS11,0,0,No,No,Not Met,Not Met
2026-08-25,SBC64151B,Student Branch Chapter,Universidad de Narino,RA24,2,0,No,No,Not Met,Not Met
2026-08-25,SBC64151A,Student Branch Chapter,Universidad de Narino,PE31,0,0,No,No,Not Met,Not Met
2026-08-25,SBC07901A,Student Branch Chapter,Universidad de San Buenaventura - Cali,C16,0,0,No,No,Not Met,Not Met
2026-08-25,SBC07901B,Student Branch Chapter,Universidad de San Buenaventura - Cali,ED15,0,0,No,No,Not Met,Not Met
2026-08-25,SBC62571,Student Branch Chapter,Universidad de San Buenaventura,COM19,0,0,No,No,Not Met,Not Met
2026-08-25,SBC62571F,Student Branch Chapter,Universidad de San Buenaventura,CS23,0,0,No,No,Not Met,Not Met
2026-08-25,SBC62571A,Student Branch Chapter,Universidad de San Buenaventura,CT08,0,0,No,No,Not Met,Not Met
2026-08-25,SBC62571E,Student Branch Chapter,Universidad de San Buenaventura,ED15,0,0,No,No,Not Met,Not Met
2026-08-25,SBC6257D,Student Branch Chapter,Universidad de San Buenaventura,EMB18,0,0,No,No,Not Met,Not Met
2026-08-25,SBC6257C,Student Branch Chapter,Universidad de San Buenaventura,IA34,0,0,No,No,Not Met,Not Met
2026-08-25,SBC6257A,Student Branch Chapter,Universidad de San Buenaventura,PE31,0,0,No,No,Not Met,Not Met
2026-08-25,SBC6257B,Student Branch Chapter,Universidad de San Buenaventura,RA24,0,0,No,No,Not Met,Not Met
2026-08-25,SBC62571D,Student Branch Chapter,Universidad de San Buenaventura,SMC28,0,0,No,No,Not Met,Not Met
2026-08-25,SBC66041A,Student Branch Chapter,Universidad de la Sabana,C16,3,0,No,No,Partial,Not Met
2026-08-25,SBC66041B,Student Branch Chapter,Universidad de la Sabana,RA24,7,1,Yes,No,Not Met,Not Met
2026-08-25,SBC12991K,Student Branch Chapter,Universidad de los Andes,AES10,2,1,No,No,Met,Not Met
2026-08-25,SBC12991H,Student Branch Chapter,Universidad de los Andes,C16,22,3,Yes,Yes,Met,Met
2026-08-25,SBC12991C,Student Branch Chapter,Universidad de los Andes,CAS04,13,3,Yes,Yes,Met,Met
2026-08-25,SBC12991E,Student Branch Chapter,Universidad de los Andes,CIS11,11,2,Yes,No,Met,Not Met
2026-08-25,SBC12991B,Student Branch Chapter,Universidad de los Andes,COM19,12,2,Yes,Yes,Partial,Not Met
2026-08-25,SBC12991A,Student Branch Chapter,Universidad de los Andes,CS23,6,3,Yes,Yes,Met,Met
2026-08-25,SBC12991M,Student Branch Chapter,Universidad de los Andes,E25,16,3,Yes,Yes,Met,Met
2026-08-25,SBC12991J,Student Branch Chapter,Universidad de los Andes,ED15,16,2,Yes,No,Met,Not Met
2026-08-25,SBC12991L,Student Branch Chapter,Universidad de los Andes,EMB18,20,3,Yes,Yes,Met,Met
2026-08-25,SBC12991G,Student Branch Chapter,Universidad de los Andes,IA34,20,3,Yes,Yes,Met,Met
2026-08-25,SBC12991F,Student Branch Chapter,Universidad de los Andes,PE31,22,3,Yes,Yes,Met,Met
2026-08-25,SBC12991O,Student Branch Chapter,Universidad de los Andes,PEL35,18,3,Yes,Yes,Met,Met
2026-08-25,SBC12991I,Student Branch Chapter,Universidad de los Andes,RA24,19,3,Yes,Yes,Met,Met
2026-08-25,SBC12991D,Student Branch Chapter,Universidad de los Andes,SP01,0,0,No,No,Not Met,Not Met
2026-08-25,SBC12991P,Student Branch Chapter,Universidad de los Andes,SSC37,8,2,Yes,Yes,Partial,Not Met
2026-08-25,SBC12991N,Student Branch Chapter,Universidad de los Andes,VT06,3,0,No,No,Not Met,Not Met
2026-08-25,SBC09161C,Student Branch Chapter,Universidad del Cauca,AES10,10,3,Yes,Yes,Met,Met
2026-08-25,SBC09161B,Student Branch Chapter,Universidad del Cauca,C16,10,1,Yes,No,Not Met,Not Met
2026-08-25,SBC09161,Student Branch Chapter,Universidad del Cauca,C16/COM19,20,1,Yes,No,Not Met,Not Met
2026-08-25,SBC09161A,Student Branch Chapter,Universidad del Cauca,COM19,16,1,Yes,No,Not Met,Not Met
2026-08-25,SBC09161D,Student Branch Chapter,Universidad del Cauca,ED15,19,1,Yes,No,Not Met,Not Met
2026-08-25,SBC09161E,Student Branch Chapter,Universidad del Cauca,RA24,17,2,Yes,No,Met,Not Met
2026-08-25,SBC65911,Student Branch Chapter,Universidad del Quindio,ED15,7,3,Yes,Yes,Met,Met
2026-08-25,SBC99411C,Student Branch Chapter,Universidad del Rosario,C16,5,1,No,No,Met,Not Met
2026-08-25,SBC99411B,Student Branch Chapter,Universidad del Rosario,CIS11,2,0,No,No,Partial,Not Met
2026-08-25,SBC99411,Student Branch Chapter,Universidad del Rosario,EMB18,4,0,No,No,Not Met,Not Met
2026-08-25,SBC99411A,Student Branch Chapter,Universidad del Rosario,RA24,2,0,No,No,Not Met,Not Met
2026-08-25,SBC95801,Student Branch Chapter,Universidad del Valle,CAS04,39,3,Yes,Yes,Met,Met
2026-08-25,SBC95801A,Student Branch Chapter,Universidad del Valle,RA24,26,2,Yes,Yes,Partial,Not Met
2026-08-25,SBC95801C,Student Branch Chapter,Universidad del Valle,AES10,10,2,Yes,Yes,Partial,Not Met
2026-08-25,SBC95801G,Student Branch Chapter,Universidad del Valle,C16,27,3,Yes,Yes,Met,Met
2026-08-25,SBC95801H,Student Branch Chapter,Universidad del Valle,COM19,16,2,Yes,No,Met,Not Met
2026-08-25,SBC95801D,Student Branch Chapter,Universidad del Valle,CS23,11,2,Yes,No,Met,Not Met
2026-08-25,SBC95801F,Student Branch Chapter,Universidad del Valle,IM09,16,3,Yes,Yes,Met,Met
2026-08-25,SBC95801B,Student Branch Chapter,Universidad del Valle,PE31,18,2,Yes,Yes,Partial,Not Met
2026-08-25,SBC95801E,Student Branch Chapter,Universidad del Valle,PHO36,1,0,No,No,Not Met,Not Met
2026-08-25,SBC60951A,Student Branch Chapter,Universidad El Bosque,C16,2,0,No,No,Not Met,Not Met
2026-08-25,SBC60951B,Student Branch Chapter,Universidad El Bosque,CS23,0,0,No,No,Not Met,Not Met
2026-08-25,SBC60951C,Student Branch Chapter,Universidad El Bosque,EMB18,4,1,No,No,Met,Not Met
2026-08-25,SBC60951E,Student Branch Chapter,Universidad El Bosque,RA24,1,0,No,No,Not Met,Not Met
2026-08-25,SBC41556639,Student Branch Chapter,University of Pamplona,CIS11,12,1,Yes,No,Partial,Not Met
2026-08-25,SBC41556639A,Student Branch Chapter,University of Pamplona,PE31,6,1,Yes,No,Partial,Not Met
2026-08-27,SBA64411,Affinity Group,Antonio Narino University,WIE,38,2,Yes,No,Met,Not Met
2026-08-27,SBA60236869,Affinity Group,Corporación Universitaria del Huila – CORHUILA,WIE,8,2,Yes,No,Met,Not Met
2026-08-27,SBA27011,Affinity Group,Escuela Colombiana De Ingenieria Julio Garavito,WIE,3,0,No,No,Partial,Not Met
2026-08-27,SBA05421,Affinity Group,Escuela Colombiana de Carreras Industriales,WIE,15,3,Yes,Yes,Met,Met
2026-08-27,SBA13041,Affinity Group,Escuela Tecnologica Instituto Tecnico Central,WIE,5,1,No,No,Met,Not Met
2026-08-27,SBA63981,Affinity Group,Granada Univ Militar Nueva,WIE,7,1,Yes,No,Not Met,Not Met
2026-08-27,SBA02571,Affinity Group,Icesi University,WIE,11,3,Yes,Yes,Met,Met
2026-08-27,SBA03103,Affinity Group,Institucion Universitaria CESMAG,WIE,0,0,No,No,Not Met,Not Met
2026-08-27,SBA04591,Affinity Group,Pontificia Univ Javeriana Sede Bogota,WIE,8,2,Yes,Yes,Partial,Not Met
2026-08-27,SBA62391,Affinity Group,Univ Cooperativa De Colombia Sede Bogota,WIE,0,0,No,No,Not Met,Not Met
2026-08-27,SBA18011,Affinity Group,Univ Distrital Francisco Jose de Caldas - Bolivar,WIE,20,1,Yes,No,Not Met,Not Met
2026-08-27,SBA04331,Affinity Group,Universidad Distrital Francisco Jose de Caldas,WIE,18,1,Yes,No,Not Met,Not Met
2026-08-27,SBA60951,Affinity Group,Universidad El Bosque,WIE,0,0,No,No,Not Met,Not Met
2026-08-27,SBA61301,Affinity Group,Universidad Nacional sede Manizales,WIE,1,1,No,Yes,Not Met,Not Met
2026-08-27,SBA09021,Affinity Group,Univ Pontificia Bolivariana (UPB),WIE,0,0,No,No,Not Met,Not Met
2026-08-27,SBA09851,Affinity Group,Univ Santo Tomas De Aquino,WIE,0,0,No,No,Not Met,Not Met
2026-08-27,SBA04331S,Affinity Group,Universidad Distrital Francisco Jose de Caldas,SIGHT,43,1,Yes,No,Not Met,Not Met
2026-08-27,SBA29341,Affinity Group,Universidad Autonoma de Occidente,WIE,0,0,No,No,Not Met,Not Met
2026-08-27,SBA62201S,Affinity Group,Universidad Catolica de Colombia,SIGHT,0,0,No,No,Not Met,Not Met
2026-08-27,SBA62201,Affinity Group,Universidad Catolica de Colombia,WIE,0,0,No,No,Not Met,Not Met
2026-08-27,SBA10591,Affinity Group,Universidad Francisco de Paula Santander,WIE,1,0,No,No,Not Met,Not Met
2026-08-27,SBA10511,Affinity Group,Universidad Industrial de Santander,WIE,12,2,Yes,Yes,Not Met,Not Met
2026-08-27,SBA13071,Affinity Group,Universidad Nacional Abierta y a Distancia,WIE,9,3,Yes,Yes,Met,Met
2026-08-27,SBA06431,Affinity Group,Universidad Nacional De Colombia Sede Bogota,WIE,17,3,Yes,Yes,Met,Met
2026-08-27,SBA81721,Affinity Group,Universidad Piloto de Colombia,WIE,1,0,No,No,Not Met,Not Met
2026-08-27,SBA64461,Affinity Group,Universidad Santiago de Cali,WIE,14,2,Yes,Yes,Partial,Not Met
2026-08-27,SBA04081S,Affinity Group,Universidad Santo Tomas - Tunja,SIGHT,26,1,Yes,No,Partial,Not Met
2026-08-27,SBA04081,Affinity Group,Universidad Santo Tomas - Tunja,WIE,20,1,Yes,No,Partial,Not Met
2026-08-27,SBA01201,Affinity Group,Universidad Sergio Arboleda,WIE,0,0,No,No,Not Met,Not Met
2026-08-27,SBA16735,Affinity Group,Universidad Surcolombiana,WIE,19,1,Yes,No,Partial,Not Met
2026-08-27,SBA17431,Affinity Group,Universidad Tecnologica de Pereira,WIE,3,0,No,No,Partial,Not Met
2026-08-27,SBA64151,Affinity Group,Universidad de Narino,WIE,0,0,No,No,Not Met,Not Met
2026-08-27,SBA62571,Affinity Group,Universidad de San Buenaventura,WIE,0,0,No,No,Not Met,Not Met
2026-08-27,SBA12991,Affinity Group,Universidad de los Andes,WIE,40,2,Yes,Yes,Partial,Not Met
2026-08-27,SBA09161,Affinity Group,Universidad del Cauca,WIE,36,1,Yes,No,Not Met,Not Met
2026-08-27,SBA65911,Affinity Group,Universidad del Quindio,WIE,7,2,Yes,Yes,Partial,Not Met
2026-08-27,SBA95801,Affinity Group,Universidad del Valle,WIE,32,3,Yes,Yes,Met,Met
2026-08-27,STB64411A,Student Branch,Antonio Narino University,,48,3,Yes,Yes,Met,Met
2026-08-27,STB60103228,Student Branch,Corporacion Universitaria Minuto de Dios UNIMINUTO,,0,0,No,No,Not Met,Not Met
2026-08-27,STB18371,Student Branch,Corporacion Universitaria Unitec,,0,0,No,No,Not Met,Not Met
2026-08-27,STB60236869,Student Branch,Corporación Universitaria del Huila – CORHUILA,,32,3,Yes,Yes,Met,Met
2026-08-27,STB40010389,Student Branch,De La Salle University,,6,1,No,No,Met,Not Met
2026-08-27,STB27011,Student Branch,Escuela Colombiana De Ingenieria Julio Garavito,,10,1,No,No,Met,Not Met
2026-08-27,STB05421,Student Branch,Escuela Colombiana de Carreras Industriales,,17,2,Yes,No,Met,Not Met
2026-08-27,STB60204105,Student Branch,Escuela De Aviacion Del Ejercito,,0,0,No,No,Not Met,Not Met
2026-08-27,STB13041,Student Branch,Escuela Tecnologica Instituto Tecnico Central,,8,0,No,No,Partial,Not Met
2026-08-27,STB60222205,Student Branch,Fundacion Universitaria Compensar,,3,0,No,No,Not Met,Not Met
2026-08-27,STB63981,Student Branch,Granada Univ Militar Nueva,,8,1,No,No,Met,Not Met
2026-08-27,STB02571,Student Branch,Icesi University,,45,3,Yes,Yes,Met,Met
2026-08-27,STB03103,Student Branch,Institucion Universitaria CESMAG,,0,0,No,No,Not Met,Not Met
2026-08-27,STB12561,Student Branch,Instituto Tecnologico Metropolitano,,1,0,No,No,Not Met,Not Met
2026-08-27,STB04591,Student Branch,Pontificia Univ Javeriana Sede Bogota,,50,3,Yes,Yes,Met,Met
2026-08-27,STB60181,Student Branch,Pontificia Universidad Javeriana-Cali,,1,0,No,No,Not Met,Not Met
2026-08-27,STB09881,Student Branch,Servicio Nacional de Aprendizale - Antioquia,,5,0,No,No,Not Met,Not Met
2026-08-27,STB60137284,Student Branch,Unidades Tecnologicas de Santander,,16,2,Yes,No,Met,Not Met
2026-08-27,STB62391,Student Branch,Univ Cooperativa De Colombia Sede Bogota,,0,0,No,No,Not Met,Not Met
2026-08-27,STB62121,Student Branch,Univ De Ibague - Coruniversitaria,,0,0,No,No,Not Met,Not Met
2026-08-27,STB18011,Student Branch,Univ Distrital Francisco Jose de Caldas - Bolivar,,25,2,Yes,No,Met,Not Met
2026-08-27,STB09021,Student Branch,Univ Pontificia Bolivariana (UPB),,5,0,No,No,Not Met,Not Met
2026-08-27,STB09851,Student Branch,Univ Santo Tomas De Aquino,,1,0,No,No,Not Met,Not Met
2026-08-27,STB65361,Student Branch,Universidad Autonoma de Bucaramanga,,0,0,No,No,Not Met,Not Met
2026-08-27,STB29341,Student Branch,Universidad Autonoma de Occidente,,1,0,No,No,Not Met,Not Met
2026-08-27,STB62201,Student Branch,Universidad Catolica de Colombia,,2,0,No,No,Not Met,Not Met
2026-08-27,STB65251,Student Branch,Universidad Central,,11,0,No,No,Partial,Not Met
2026-08-27,STB04331,Student Branch,Universidad Distrital Francisco Jose de Caldas,,80,3,Yes,Yes,Met,Met
2026-08-27,STB64421,Student Branch,Universidad EAFIT,,4,0,No,No,Not Met,Not Met
2026-08-27,STB10591,Student Branch,Universidad Francisco de Paula Santander,,2,1,No,No,Met,Not Met
2026-08-27,STB03411,Student Branch,Universidad INCCA de Colombia,,0,0,No,No,Not Met,Not Met
2026-08-27,STB10511,Student Branch,Universidad Industrial de Santander,,73,3,Yes,Yes,Met,Met
2026-08-27,STB65061A,Student Branch,Universidad Jorge Tadeo Lozano,,21,3,Yes,Yes,Met,Met
2026-08-27,STB14023,Student Branch,Universidad Mariana,,0,0,No,No,Not Met,Not Met
2026-08-27,STB13071,Student Branch,Universidad Nacional Abierta y a Distancia,,28,2,Yes,No,Met,Not Met
2026-08-27,STB06431,Student Branch,Universidad Nacional De Colombia Sede Bogota,,45,3,Yes,Yes,Met,Met
2026-08-27,STB66021,Student Branch,Universidad Nacional de Colombia Sede Medellin,,10,0,No,No,Not Met,Not Met
2026-08-27,STB61301,Student Branch,Universidad Nacional sede Manizales,,7,1,No,No,Met,Not Met
2026-08-27,STB08221,Student Branch,Universidad Pedagogica Nacional,,0,0,No,No,Not Met,Not Met
2026-08-27,STB60931,Student Branch,Universidad Pedagogica Y Tec de Colombia,,1,0,No,No,Not Met,Not Met
2026-08-27,STB81721,Student Branch,Universidad Piloto de Colombia,,14,3,Yes,Yes,Met,Met
2026-08-27,STB64461,Student Branch,Universidad Santiago de Cali,,26,1,Yes,No,Partial,Not Met
2026-08-27,STB04081,Student Branch,Universidad Santo Tomas - Tunja,,20,1,Yes,No,Partial,Not Met
2026-08-27,STB60232106,Student Branch,Universidad Santo Tomas-Bucaramanga,,32,3,Yes,Yes,Met,Met
2026-08-27,STB01201,Student Branch,Universidad Sergio Arboleda,,0,0,No,No,Not Met,Not Met
2026-08-27,STB16735,Student Branch,Universidad Surcolombiana,,25,2,Yes,No,Met,Not Met
2026-08-27,STB17431,Student Branch,Universidad Tecnologica de Pereira,,20,2,Yes,No,Met,Not Met
2026-08-27,STB14361,Student Branch,Universidad de Antioquia,,6,1,No,No,Met,Not Met
2026-08-27,STB64431,Student Branch,Universidad de Cundinamarca,,0,0,No,No,Not Met,Not Met
2026-08-27,STB64635,Student Branch,Universidad de Investigacion y Desarrollo,,0,0,No,No,Not Met,Not Met
2026-08-27,STB07871,Student Branch,Universidad de Medellin,,0,0,No,No,Not Met,Not Met
2026-08-27,STB64151,Student Branch,Universidad de Narino,,5,0,No,No,Not Met,Not Met
2026-08-27,STB62571,Student Branch,Universidad de San Buenaventura,,0,0,No,No,Not Met,Not Met
2026-08-27,STB07901,Student Branch,Universidad de San Buenaventura - Cali,,0,0,No,No,Not Met,Not Met
2026-08-27,STB66041,Student Branch,Universidad de la Sabana,,32,1,Yes,No,Partial,Not Met
2026-08-27,STB12991,Student Branch,Universidad de los Andes,,132,3,Yes,Yes,Met,Met
2026-08-27,STB02331,Student Branch,Universidad de los Llanos,,0,0,No,No,Not Met,Not Met
2026-08-27,STB09161,Student Branch,Universidad del Cauca,,54,3,Yes,Yes,Met,Met
2026-08-27,STB65911,Student Branch,Universidad del Quindio,,9,2,No,Yes,Met,Not Met
2026-08-27,STB99411,Student Branch,Universidad del Rosario,,12,2,Yes,No,Met,Not Met
2026-08-27,STB95801,Student Branch,Universidad del Valle,,107,3,Yes,Yes,Met,Met
2026-08-27,STB60951,Student Branch,Universidad El Bosque,,9,0,No,No,Partial,Not Met
2026-08-27,STB41556639,Student Branch,University of Pamplona,,43,1,Yes,No,Partial,Not Met
2026-08-27,STB03171,Student Branch,University of San Buenaventura,,2,0,No,No,Not Met,Not Met
2026-08-27,SBC64411D,Student Branch Chapter,Antonio Narino University,COM19,18,2,Yes,No,Met,Not Met
2026-08-27,SBC64411C,Student Branch Chapter,Antonio Narino University,EMB18,12,2,Yes,No,Met,Not Met
2026-08-27,SBC64411B,Student Branch Chapter,Antonio Narino University,RA24,25,2,Yes,No,Met,Not Met
2026-08-27,SBC64411A,Student Branch Chapter,Antonio Narino University,TEM14,20,2,Yes,No,Met,Not Met
2026-08-27,SBC60236869,Student Branch Chapter,Corporación Universitaria del Huila – CORHUILA,RA24,10,2,Yes,No,Met,Not Met
2026-08-27,SBC40010389B,Student Branch Chapter,De La Salle University,AES10,0,0,No,No,Not Met,Not Met
2026-08-27,SBC40010389A,Student Branch Chapter,De La Salle University,PE31,1,0,No,No,Partial,Not Met
2026-08-27,SBC40010389,Student Branch Chapter,De La Salle University,RA24,2,0,No,No,Not Met,Not Met
2026-08-27,SBC27011B,Student Branch Chapter,Escuela Colombiana De Ingenieria Julio Garavito,AES10,5,1,No,No,Met,Not Met
2026-08-27,SBC05421A,Student Branch Chapter,Escuela Colombiana de Carreras Industriales,AES10,2,0,No,No,Not Met,Not Met
2026-08-27,SBC05421B,Student Branch Chapter,Escuela Colombiana de Carreras Industriales,COM19,0,0,No,No,Not Met,Not Met
2026-08-27,SBC05421,Student Branch Chapter,Escuela Colombiana de Carreras Industriales,RA24,12,2,Yes,Yes,Partial,Not Met
2026-08-27,SBC05421C,Student Branch Chapter,Escuela Colombiana de Carreras Industriales,EMB18,1,0,No,No,Not Met,Not Met
2026-08-27,SBC27011A,Student Branch Chapter,Escuela Colombiana De Ingenieria Julio Garavito,PE31,0,0,No,No,Partial,Not Met
2026-08-27,SBC13041A,Student Branch Chapter,Escuela Tecnologica Instituto Tecnico Central,C16,1,0,No,No,Partial,Not Met
2026-08-27,SBC13041B,Student Branch Chapter,Escuela Tecnologica Instituto Tecnico Central,RA24,6,1,Yes,No,Partial,Not Met
2026-08-27,SBC13041C,Student Branch Chapter,Escuela Tecnologica Instituto Tecnico Central,AES10,1,0,No,No,Not Met,Not Met
2026-08-27,SBC13041D,Student Branch Chapter,Escuela Tecnologica Instituto Tecnico Central,OE22,0,0,No,No,Not Met,Not Met
2026-08-27,SBC0433N,Student Branch Chapter,Universidad Distrital Francisco Jose de Caldas,ED15,15,1,Yes,No,Not Met,Not Met
2026-08-27,SBC0433J,Student Branch Chapter,Universidad Distrital Francisco Jose de Caldas,IA34,15,1,Yes,No,Partial,Not Met
2026-08-27,SBC0433I,Student Branch Chapter,Universidad Distrital Francisco Jose de Caldas,RA24,33,1,Yes,No,Partial,Not Met
2026-08-27,SBC0433M,Student Branch Chapter,Universidad Distrital Francisco Jose de Caldas,TEM14,0,0,No,No,Not Met,Not Met
2026-08-27,SBC0433O,Student Branch Chapter,Universidad Distrital Francisco Jose de Caldas,E25,6,1,Yes,No,Not Met,Not Met
2026-08-27,SBC1051A,Student Branch Chapter,Universidad Industrial de Santander,C16,20,1,Yes,No,Not Met,Not Met
2026-08-27,SBC1051B,Student Branch Chapter,Universidad Industrial de Santander,CS23,6,1,Yes,No,Not Met,Not Met
2026-08-27,SBC63981E,Student Branch Chapter,Granada Univ Militar Nueva,AP03,0,0,No,No,Not Met,Not Met
2026-08-27,SBC6398A,Student Branch Chapter,Granada Univ Militar Nueva,C16,0,0,No,No,Not Met,Not Met
2026-08-27,SBC63981,Student Branch Chapter,Granada Univ Militar Nueva,COM19,0,0,No,No,Not Met,Not Met
2026-08-27,SBC63981C,Student Branch Chapter,Granada Univ Militar Nueva,CS23,0,0,No,No,Not Met,Not Met
2026-08-27,SBC6398C,Student Branch Chapter,Granada Univ Militar Nueva,IA34,0,0,No,No,Not Met,Not Met
2026-08-27,SBC6398B,Student Branch Chapter,Granada Univ Militar Nueva,RA24,0,0,No,No,Not Met,Not Met
2026-08-27,SBC6398E,Student Branch Chapter,Granada Univ Militar Nueva,TEM14,0,0,No,No,Not Met,Not Met
2026-08-27,SBC63981F,Student Branch Chapter,Granada Univ Militar Nueva,AES10,0,0,No,No,Not Met,Not Met
2026-08-27,SBC63981D,Student Branch Chapter,Granada Univ Militar Nueva,VT06,1,0,No,No,Not Met,Not Met
2026-08-27,SBC02571A,Student Branch Chapter,Icesi University,COM19,10,3,Yes,Yes,Met,Met
2026-08-27,SBC02571B,Student Branch Chapter,Icesi University,C16,11,3,Yes,Yes,Met,Met
2026-08-27,SBC02571C,Student Branch Chapter,Icesi University,CIS11,12,2,Yes,No,Met,Not Met
2026-08-27,SBC03103A,Student Branch Chapter,Institucion Universitaria CESMAG,PE31,0,0,No,No,Not Met,Not Met
2026-08-27,SBC03103,Student Branch Chapter,Institucion Universitaria CESMAG,RA24,0,0,No,No,Not Met,Not Met
2026-08-27,SBC02331,Student Branch Chapter,Universidad de los Llanos,IA34,0,0,No,No,Not Met,Not Met
2026-08-27,SBC04591H,Student Branch Chapter,Pontificia Univ Javeriana Sede Bogota,PE31,2,0,No,No,Partial,Not Met
2026-08-27,SBC04591F,Student Branch Chapter,Pontificia Univ Javeriana Sede Bogota,AES10,5,1,No,Yes,Partial,Not Met
2026-08-27,SBC04591C,Student Branch Chapter,Pontificia Univ Javeriana Sede Bogota,C16,8,2,Yes,Yes,Partial,Not Met
2026-08-27,SBC04591A,Student Branch Chapter,Pontificia Univ Javeriana Sede Bogota,CS23,1,0,No,No,Not Met,Not Met
2026-08-27,SBC04591E,Student Branch Chapter,Pontificia Univ Javeriana Sede Bogota,ED15,8,3,Yes,Yes,Met,Met
2026-08-27,SBC04591D,Student Branch Chapter,Pontificia Univ Javeriana Sede Bogota,EMB18,8,3,Yes,Yes,Met,Met
2026-08-27,SBC04591B,Student Branch Chapter,Pontificia Univ Javeriana Sede Bogota,IA34,1,0,No,No,Not Met,Not Met
2026-08-27,SBC04591K,Student Branch Chapter,Pontificia Univ Javeriana Sede Bogota,PE31,2,0,No,No,Partial,Not Met
2026-08-27,SBC04591J,Student Branch Chapter,Pontificia Univ Javeriana Sede Bogota,PHO36,4,2,No,Yes,Met,Not Met
2026-08-27,SBC04591G,Student Branch Chapter,Pontificia Univ Javeriana Sede Bogota,RA24,10,3,Yes,Yes,Met,Met
2026-08-27,SBC04591I,Student Branch Chapter,Pontificia Univ Javeriana Sede Bogota,SP01,0,0,No,No,Not Met,Not Met
2026-08-27,SBC06431H,Student Branch Chapter,Universidad Nacional De Colombia Sede Bogota,EMC27/NANO42/SEN39,4,0,No,No,Not Met,Not Met
2026-08-27,SBC62121A,Student Branch Chapter,Univ De Ibague - Coruniversitaria,IA34,0,0,No,No,Not Met,Not Met
2026-08-27,SBC18011A,Student Branch Chapter,Univ Distrital Francisco Jose de Caldas - Bolivar,RA24,4,0,No,No,Partial,Not Met
2026-08-27,SBC18011C,Student Branch Chapter,Univ Distrital Francisco Jose de Caldas - Bolivar,C16,3,0,No,No,Not Met,Not Met
2026-08-27,SBC18011B,Student Branch Chapter,Univ Distrital Francisco Jose de Caldas - Bolivar,COM19,22,1,Yes,No,Not Met,Not Met
2026-08-27,SBC18011,Student Branch Chapter,Univ Distrital Francisco Jose de Caldas - Bolivar,PE31,1,0,No,No,Not Met,Not Met
2026-08-27,SBC0433K,Student Branch Chapter,Universidad Distrital Francisco Jose de Caldas,AES10,2,0,No,No,Not Met,Not Met
2026-08-27,SBC0433D,Student Branch Chapter,Universidad Distrital Francisco Jose de Caldas,CAS04,24,1,Yes,No,Partial,Not Met
2026-08-27,SBC0433C,Student Branch Chapter,Universidad Distrital Francisco Jose de Caldas,CS23,4,0,No,No,Not Met,Not Met
2026-08-27,SBC0433L,Student Branch Chapter,Universidad Distrital Francisco Jose de Caldas,PEL35,12,3,Yes,Yes,Met,Met
2026-08-27,SBC0433A,Student Branch Chapter,Universidad Distrital Francisco Jose de Caldas,SP01,0,0,No,No,Not Met,Not Met
2026-08-27,SBC04331,Student Branch Chapter,Universidad Distrital Francisco Jose de Caldas,C16,13,1,Yes,No,Not Met,Not Met
2026-08-27,SBC0433B,Student Branch Chapter,Universidad Distrital Francisco Jose de Caldas,COM19,15,1,Yes,No,Not Met,Not Met
2026-08-27,SBC0433F,Student Branch Chapter,Universidad Distrital Francisco Jose de Caldas,EMB18,13,1,Yes,No,Partial,Not Met
2026-08-27,SBC0433E,Student Branch Chapter,Universidad Distrital Francisco Jose de Caldas,GRS29,9,2,Yes,No,Met,Not Met
2026-08-27,SBC0433H,Student Branch Chapter,Universidad Distrital Francisco Jose de Caldas,PE31,16,2,Yes,No,Met,Not Met
2026-08-27,SBC60951,Student Branch Chapter,Universidad El Bosque,COM19,0,0,No,No,Not Met,Not Met
2026-08-27,SBC60951G,Student Branch Chapter,Universidad El Bosque,IA34,0,0,No,No,Not Met,Not Met
2026-08-27,SBC60951F,Student Branch Chapter,Universidad El Bosque,SIT30,2,0,No,No,Not Met,Not Met
2026-08-27,SBC61301A,Student Branch Chapter,Universidad Nacional sede Manizales,PE31,0,0,No,No,Not Met,Not Met
2026-08-27,SBC61301B,Student Branch Chapter,Universidad Nacional sede Manizales,ED15,0,0,No,No,Not Met,Not Met
2026-08-27,SBC090211,Student Branch Chapter,Univ Pontificia Bolivariana (UPB),COM19,0,0,No,No,Not Met,Not Met
2026-08-27,SBC0985A,Student Branch Chapter,Univ Santo Tomas De Aquino,C16,0,0,No,No,Not Met,Not Met
2026-08-27,SBC09851,Student Branch Chapter,Univ Santo Tomas De Aquino,COM19,0,0,No,No,Not Met,Not Met
2026-08-27,SBC09851B,Student Branch Chapter,Univ Santo Tomas De Aquino,PE31,0,0,No,No,Not Met,Not Met
2026-08-27,SBC0985B,Student Branch Chapter,Univ Santo Tomas De Aquino,RA24,1,0,No,No,Not Met,Not Met
2026-08-27,SBC09851A,Student Branch Chapter,Univ Santo Tomas De Aquino,SP01,0,0,No,No,Not Met,Not Met
2026-08-27,SBC17431B,Student Branch Chapter,Universidad Tecnologica de Pereira,CS23/SEN39/CSC41,1,0,No,No,Not Met,Not Met
2026-08-27,SBC65361,Student Branch Chapter,Universidad Autonoma de Bucaramanga,EMB18,0,0,No,No,Not Met,Not Met
2026-08-27,SBC65681,Student Branch Chapter,Universidad del Quindio,IA34,0,0,No,No,Not Met,Not Met
2026-08-27,SBC62201A,Student Branch Chapter,Universidad Catolica de Colombia,C16,0,0,No,No,Not Met,Not Met
2026-08-27,SBC62201,Student Branch Chapter,Universidad Catolica de Colombia,COM19,0,0,No,No,Not Met,Not Met
2026-08-27,SBC62201B,Student Branch Chapter,Universidad Catolica de Colombia,ED15/NANO42,0,0,No,No,Not Met,Not Met
2026-08-27,SBC62201C,Student Branch Chapter,Universidad Catolica de Colombia,PHO36,0,0,No,No,Not Met,Not Met
2026-08-27,SBC60951D,Student Branch Chapter,Universidad El Bosque,PE31,0,0,No,No,Not Met,Not Met
2026-08-27,SBC10591A,Student Branch Chapter,Universidad Francisco de Paula Santander,COM19,0,0,No,No,Not Met,Not Met
2026-08-27,SBC10591B,Student Branch Chapter,Universidad Francisco de Paula Santander,PE31,1,0,No,No,Not Met,Not Met
2026-08-27,SBC10591C,Student Branch Chapter,Universidad Francisco de Paula Santander,RA24,0,0,No,No,Not Met,Not Met
2026-08-27,SBC10591D,Student Branch Chapter,Universidad Francisco de Paula Santander,SP01,0,0,No,No,Not Met,Not Met
2026-08-27,SBC034111,Student Branch Chapter,Universidad INCCA de Colombia,RA24,0,0,No,No,Not Met,Not Met
2026-08-27,SBC10511E,Student Branch Chapter,Universidad Industrial de Santander,AES10,0,0,No,No,Partial,Not Met
2026-08-27,SBC10511I,Student Branch Chapter,Universidad Industrial de Santander,C16,20,3,Yes,Yes,Met,Met
2026-08-27,SBC10511H,Student Branch Chapter,Universidad Industrial de Santander,CS23,6,2,Yes,No,Met,Not Met
2026-08-27,SBC10511J,Student Branch Chapter,Universidad Industrial de Santander,E25,10,3,Yes,Yes,Met,Met
2026-08-27,SBC10511D,Student Branch Chapter,Universidad Industrial de Santander,ED15,22,1,Yes,No,Not Met,Not Met
2026-08-27,SBC10511C,Student Branch Chapter,Universidad Industrial de Santander,EMB18,15,2,Yes,No,Met,Not Met
2026-08-27,SBC1015A,Student Branch Chapter,Universidad Industrial de Santander,PE31,8,3,Yes,Yes,Met,Met
2026-08-27,SBC10511G,Student Branch Chapter,Universidad Industrial de Santander,RA24,6,2,Yes,No,Met,Not Met
2026-08-27,SBC10511,Student Branch Chapter,Universidad Industrial de Santander,SP01,8,1,Yes,No,Not Met,Not Met
2026-08-27,SBC10511F,Student Branch Chapter,Universidad Industrial de Santander,SSC37,11,3,Yes,Yes,Met,Met
2026-08-27,SBC13071A,Student Branch Chapter,Universidad Nacional Abierta y a Distancia,AES10,8,3,Yes,Yes,Met,Met
2026-08-27,SBC13071,Student Branch Chapter,Universidad Nacional Abierta y a Distancia,C16,9,3,Yes,Yes,Met,Met
2026-08-27,SBC06431I,Student Branch Chapter,Universidad Nacional De Colombia Sede Bogota,AES10,2,0,No,No,Not Met,Not Met
2026-08-27,SBC06431G,Student Branch Chapter,Universidad Nacional De Colombia Sede Bogota,AP03,16,3,Yes,Yes,Met,Met
2026-08-27,SBC06431F,Student Branch Chapter,Universidad Nacional De Colombia Sede Bogota,C16,2,2,No,Yes,Met,Not Met
2026-08-27,SBC06431A,Student Branch Chapter,Universidad Nacional De Colombia Sede Bogota,CAS04,8,2,Yes,No,Met,Not Met
2026-08-27,SBC06431C,Student Branch Chapter,Universidad Nacional De Colombia Sede Bogota,COM19,2,0,No,No,Not Met,Not Met
2026-08-27,SBC06431J,Student Branch Chapter,Universidad Nacional De Colombia Sede Bogota,ED15,4,0,No,No,Partial,Not Met
2026-08-27,SBC06431E,Student Branch Chapter,Universidad Nacional De Colombia Sede Bogota,EMB18,5,0,No,No,Partial,Not Met
2026-08-27,SBC06431B,Student Branch Chapter,Universidad Nacional De Colombia Sede Bogota,IA34,1,0,No,No,Not Met,Not Met
2026-08-27,SBC064311,Student Branch Chapter,Universidad Nacional De Colombia Sede Bogota,PE31,5,1,No,No,Met,Not Met
2026-08-27,SBC06431D,Student Branch Chapter,Universidad Nacional De Colombia Sede Bogota,RA24,9,3,Yes,Yes,Met,Met
2026-08-27,SBC06431K,Student Branch Chapter,Universidad Nacional De Colombia Sede Bogota,TEM14,5,1,No,No,Met,Not Met
2026-08-27,SBC61301,Student Branch Chapter,Universidad Nacional sede Manizales,IA34,7,3,Yes,Yes,Met,Met
2026-08-27,SBC08221,Student Branch Chapter,Universidad Pedagogica Nacional,E25,0,0,No,No,Not Met,Not Met
2026-08-27,SBC64461,Student Branch Chapter,Universidad Santiago de Cali,C16,7,2,Yes,Yes,Partial,Not Met
2026-08-27,SBC64461B,Student Branch Chapter,Universidad Santiago de Cali,EMB18,8,3,Yes,Yes,Met,Met
2026-08-27,SBC64461A,Student Branch Chapter,Universidad Santiago de Cali,RA24,8,3,Yes,Yes,Met,Met
2026-08-27,SBC64461C,Student Branch Chapter,Universidad Santiago de Cali,SP01,6,1,Yes,No,Not Met,Not Met
2026-08-27,SBC04081C,Student Branch Chapter,Universidad Santo Tomas - Tunja,AES10,6,1,Yes,No,Partial,Not Met
2026-08-27,SBC04081A,Student Branch Chapter,Universidad Santo Tomas - Tunja,ED15,8,1,Yes,No,Not Met,Not Met
2026-08-27,SBC04081B,Student Branch Chapter,Universidad Santo Tomas - Tunja,RA24,9,2,Yes,No,Met,Not Met
2026-08-27,SBC60232106A,Student Branch Chapter,Universidad Santo Tomas-Bucaramanga,COM19,14,2,Yes,No,Met,Not Met
2026-08-27,SBC60232106,Student Branch Chapter,Universidad Santo Tomas-Bucaramanga,RA24,16,2,Yes,No,Met,Not Met
2026-08-27,SBC01201,Student Branch Chapter,Universidad Sergio Arboleda,EMB18/RA24,0,0,No,No,Not Met,Not Met
2026-08-27,SBC16735A,Student Branch Chapter,Universidad Surcolombiana,CS23,0,0,No,No,Not Met,Not Met
2026-08-27,SBC16735,Student Branch Chapter,Universidad Surcolombiana,RA24,8,2,Yes,Yes,Partial,Not Met
2026-08-27,SBC16735B,Student Branch Chapter,Universidad Surcolombiana,PE31,16,2,Yes,No,Met,Not Met
2026-08-27,SBC17431,Student Branch Chapter,Universidad Tecnologica de Pereira,PE31,2,0,No,No,Not Met,Not Met
2026-08-27,SBC17431A,Student Branch Chapter,Universidad Tecnologica de Pereira,PEL35,5,0,No,No,Not Met,Not Met
2026-08-27,SBC17431E,Student Branch Chapter,Universidad Tecnologica de Pereira,AES10,0,0,No,No,Not Met,Not Met
2026-08-27,SBC17431F,Student Branch Chapter,Universidad Tecnologica de Pereira,CAS04,11,3,Yes,Yes,Met,Met
2026-08-27,SBC17431C,Student Branch Chapter,Universidad Tecnologica de Pereira,IA34,0,0,No,No,Not Met,Not Met
2026-08-27,SBC17431D,Student Branch Chapter,Universidad Tecnologica de Pereira,RA24,1,0,No,No,Not Met,Not Met
2026-08-27,SBC14361A,Student Branch Chapter,Universidad de Antioquia,PE31,0,0,No,No,Not Met,Not Met
2026-08-27,SBC64151,Student Branch Chapter,Universidad de Narino,CIS11,0,0,No,No,Not Met,Not Met
2026-08-27,SBC64151B,Student Branch Chapter,Universidad de Narino,RA24,2,0,No,No,Not Met,Not Met
2026-08-27,SBC64151A,Student Branch Chapter,Universidad de Narino,PE31,0,0,No,No,Not Met,Not Met
2026-08-27,SBC07901A,Student Branch Chapter,Universidad de San Buenaventura - Cali,C16,0,0,No,No,Not Met,Not Met
2026-08-27,SBC07901B,Student Branch Chapter,Universidad de San Buenaventura - Cali,ED15,0,0,No,No,Not Met,Not Met
2026-08-27,SBC62571,Student Branch Chapter,Universidad de San Buenaventura,COM19,0,0,No,No,Not Met,Not Met
2026-08-27,SBC62571F,Student Branch Chapter,Universidad de San Buenaventura,CS23,0,0,No,No,Not Met,Not Met
2026-08-27,SBC62571A,Student Branch Chapter,Universidad de San Buenaventura,CT08,0,0,No,No,Not Met,Not Met
2026-08-27,SBC62571E,Student Branch Chapter,Universidad de San Buenaventura,ED15,0,0,No,No,Not Met,Not Met
2026-08-27,SBC6257D,Student Branch Chapter,Universidad de San Buenaventura,EMB18,0,0,No,No,Not Met,Not Met
2026-08-27,SBC6257C,Student Branch Chapter,Universidad de San Buenaventura,IA34,0,0,No,No,Not Met,Not Met
2026-08-27,SBC6257A,Student Branch Chapter,Universidad de San Buenaventura,PE31,0,0,No,No,Not Met,Not Met
2026-08-27,SBC6257B,Student Branch Chapter,Universidad de San Buenaventura,RA24,0,0,No,No,Not Met,Not Met
2026-08-27,SBC62571D,Student Branch Chapter,Universidad de San Buenaventura,SMC28,0,0,No,No,Not Met,Not Met
2026-08-27,SBC66041A,Student Branch Chapter,Universidad de la Sabana,C16,3,0,No,No,Partial,Not Met
2026-08-27,SBC66041B,Student Branch Chapter,Universidad de la Sabana,RA24,7,1,Yes,No,Not Met,Not Met
2026-08-27,SBC12991K,Student Branch Chapter,Universidad de los Andes,AES10,2,1,No,No,Met,Not Met
2026-08-27,SBC12991H,Student Branch Chapter,Universidad de los Andes,C16,22,3,Yes,Yes,Met,Met
2026-08-27,SBC12991C,Student Branch Chapter,Universidad de los Andes,CAS04,13,3,Yes,Yes,Met,Met
2026-08-27,SBC12991E,Student Branch Chapter,Universidad de los Andes,CIS11,11,2,Yes,No,Met,Not Met
2026-08-27,SBC12991B,Student Branch Chapter,Universidad de los Andes,COM19,12,2,Yes,Yes,Partial,Not Met
2026-08-27,SBC12991A,Student Branch Chapter,Universidad de los Andes,CS23,6,3,Yes,Yes,Met,Met
2026-08-27,SBC12991M,Student Branch Chapter,Universidad de los Andes,E25,16,3,Yes,Yes,Met,Met
2026-08-27,SBC12991J,Student Branch Chapter,Universidad de los Andes,ED15,16,2,Yes,No,Met,Not Met
2026-08-27,SBC12991L,Student Branch Chapter,Universidad de los Andes,EMB18,20,3,Yes,Yes,Met,Met
2026-08-27,SBC12991G,Student Branch Chapter,Universidad de los Andes,IA34,20,3,Yes,Yes,Met,Met
2026-08-27,SBC12991F,Student Branch Chapter,Universidad de los Andes,PE31,22,3,Yes,Yes,Met,Met
2026-08-27,SBC12991O,Student Branch Chapter,Universidad de los Andes,PEL35,18,3,Yes,Yes,Met,Met
2026-08-27,SBC12991I,Student Branch Chapter,Universidad de los Andes,RA24,19,3,Yes,Yes,Met,Met
2026-08-27,SBC12991D,Student Branch Chapter,Universidad de los Andes,SP01,0,0,No,No,Not Met,Not Met
2026-08-27,SBC12991P,Student Branch Chapter,Universidad de los Andes,SSC37,8,2,Yes,Yes,Partial,Not Met
2026-08-27,SBC12991N,Student Branch Chapter,Universidad de los Andes,VT06,3,0,No,No,Not Met,Not Met
2026-08-27,SBC09161C,Student Branch Chapter,Universidad del Cauca,AES10,10,3,Yes,Yes,Met,Met
2026-08-27,SBC09161B,Student Branch Chapter,Universidad del Cauca,C16,10,1,Yes,No,Not Met,Not Met
2026-08-27,SBC09161,Student Branch Chapter,Universidad del Cauca,C16/COM19,20,1,Yes,No,Not Met,Not Met
2026-08-27,SBC09161A,Student Branch Chapter,Universidad del Cauca,COM19,16,1,Yes,No,Not Met,Not Met
2026-08-27,SBC09161D,Student Branch Chapter,Universidad del Cauca,ED15,19,1,Yes,No,Not Met,Not Met
2026-08-27,SBC09161E,Student Branch Chapter,Universidad del Cauca,RA24,17,2,Yes,No,Met,Not Met
2026-08-27,SBC65911,Student Branch Chapter,Universidad del Quindio,ED15,7,3,Yes,Yes,Met,Met
2026-08-27,SBC99411C,Student Branch Chapter,Universidad del Rosario,C16,5,1,No,No,Met,Not Met
2026-08-27,SBC99411B,Student Branch Chapter,Universidad del Rosario,CIS11,2,0,No,No,Partial,Not Met
2026-08-27,SBC99411,Student Branch Chapter,Universidad del Rosario,EMB18,4,0,No,No,Not Met,Not Met
2026-08-27,SBC99411A,Student Branch Chapter,Universidad del Rosario,RA24,2,0,No,No,Not Met,Not Met
2026-08-27,SBC95801,Student Branch Chapter,Universidad del Valle,CAS04,39,3,Yes,Yes,Met,Met
2026-08-27,SBC95801A,Student Branch Chapter,Universidad del Valle,RA24,26,2,Yes,Yes,Partial,Not Met
2026-08-27,SBC95801C,Student Branch Chapter,Universidad del Valle,AES10,10,2,Yes,Yes,Partial,Not Met
2026-08-27,SBC95801G,Student Branch Chapter,Universidad del Valle,C16,27,3,Yes,Yes,Met,Met
2026-08-27,SBC95801H,Student Branch Chapter,Universidad del Valle,COM19,16,2,Yes,No,Met,Not Met
2026-08-27,SBC95801D,Student Branch Chapter,Universidad del Valle,CS23,11,2,Yes,No,Met,Not Met
2026-08-27,SBC95801F,Student Branch Chapter,Universidad del Valle,IM09,16,3,Yes,Yes,Met,Met
2026-08-27,SBC95801B,Student Branch Chapter,Universidad del Valle,PE31,18,2,Yes,Yes,Partial,Not Met
2026-08-27,SBC95801E,Student Branch Chapter,Universidad del Valle,PHO36,1,0,No,No,Not Met,Not Met
2026-08-27,SBC60951A,Student Branch Chapter,Universidad El Bosque,C16,2,0,No,No,Not Met,Not Met
2026-08-27,SBC60951B,Student Branch Chapter,Universidad El Bosque,CS23,0,0,No,No,Not Met,Not Met
2026-08-27,SBC60951C,Student Branch Chapter,Universidad El Bosque,EMB18,4,1,No,No,Met,Not Met
2026-08-27,SBC60951E,Student Branch Chapter,Universidad El Bosque,RA24,0,0,No,No,Not Met,Not Met
2026-08-27,SBC41556639,Student Branch Chapter,University of Pamplona,CIS11,12,1,Yes,No,Partial,Not Met
2026-08-27,SBC41556639A,Student Branch Chapter,University of Pamplona,PE31,6,1,Yes,No,Partial,Not Met
2026-08-31,SBA64411,Affinity Group,Antonio Narino University,WIE,38,2,Yes,No,Met,Not Met
2026-08-31,SBA60236869,Affinity Group,Corporación Universitaria del Huila – CORHUILA,WIE,8,2,Yes,No,Met,Not Met
2026-08-31,SBA27011,Affinity Group,Escuela Colombiana De Ingenieria Julio Garavito,WIE,3,0,No,No,Partial,Not Met
2026-08-31,SBA05421,Affinity Group,Escuela Colombiana de Carreras Industriales,WIE,15,3,Yes,Yes,Met,Met
2026-08-31,SBA13041,Affinity Group,Escuela Tecnologica Instituto Tecnico Central,WIE,5,0,No,No,Not Met,Not Met
2026-08-31,SBA63981,Affinity Group,Granada Univ Militar Nueva,WIE,7,1,Yes,No,Not Met,Not Met
2026-08-31,SBA02571,Affinity Group,Icesi University,WIE,11,3,Yes,Yes,Met,Met
2026-08-31,SBA03103,Affinity Group,Institucion Universitaria CESMAG,WIE,0,0,No,No,Not Met,Not Met
2026-08-31,SBA04591,Affinity Group,Pontificia Univ Javeriana Sede Bogota,WIE,8,2,Yes,Yes,Partial,Not Met
2026-08-31,SBA62391,Affinity Group,Univ Cooperativa De Colombia Sede Bogota,WIE,0,0,No,No,Not Met,Not Met
2026-08-31,SBA18011,Affinity Group,Univ Distrital Francisco Jose de Caldas - Bolivar,WIE,20,1,Yes,No,Not Met,Not Met
2026-08-31,SBA04331,Affinity Group,Universidad Distrital Francisco Jose de Caldas,WIE,18,1,Yes,No,Not Met,Not Met
2026-08-31,SBA60951,Affinity Group,Universidad El Bosque,WIE,0,0,No,No,Not Met,Not Met
2026-08-31,SBA61301,Affinity Group,Universidad Nacional sede Manizales,WIE,1,1,No,Yes,Not Met,Not Met
2026-08-31,SBA09021,Affinity Group,Univ Pontificia Bolivariana (UPB),WIE,0,0,No,No,Not Met,Not Met
2026-08-31,SBA09851,Affinity Group,Univ Santo Tomas De Aquino,WIE,0,0,No,No,Not Met,Not Met
2026-08-31,SBA04331S,Affinity Group,Universidad Distrital Francisco Jose de Caldas,SIGHT,43,1,Yes,No,Not Met,Not Met
2026-08-31,SBA29341,Affinity Group,Universidad Autonoma de Occidente,WIE,0,0,No,No,Not Met,Not Met
2026-08-31,SBA62201S,Affinity Group,Universidad Catolica de Colombia,SIGHT,0,0,No,No,Not Met,Not Met
2026-08-31,SBA62201,Affinity Group,Universidad Catolica de Colombia,WIE,0,0,No,No,Not Met,Not Met
2026-08-31,SBA10591,Affinity Group,Universidad Francisco de Paula Santander,WIE,1,0,No,No,Not Met,Not Met
2026-08-31,SBA10511,Affinity Group,Universidad Industrial de Santander,WIE,12,2,Yes,Yes,Not Met,Not Met
2026-08-31,SBA13071,Affinity Group,Universidad Nacional Abierta y a Distancia,WIE,9,3,Yes,Yes,Met,Met
2026-08-31,SBA06431,Affinity Group,Universidad Nacional De Colombia Sede Bogota,WIE,17,3,Yes,Yes,Met,Met
2026-08-31,SBA81721,Affinity Group,Universidad Piloto de Colombia,WIE,1,0,No,No,Not Met,Not Met
2026-08-31,SBA64461,Affinity Group,Universidad Santiago de Cali,WIE,14,2,Yes,Yes,Partial,Not Met
2026-08-31,SBA04081S,Affinity Group,Universidad Santo Tomas - Tunja,SIGHT,26,1,Yes,No,Partial,Not Met
2026-08-31,SBA04081,Affinity Group,Universidad Santo Tomas - Tunja,WIE,21,1,Yes,No,Partial,Not Met
2026-08-31,SBA01201,Affinity Group,Universidad Sergio Arboleda,WIE,0,0,No,No,Not Met,Not Met
2026-08-31,SBA16735,Affinity Group,Universidad Surcolombiana,WIE,19,1,Yes,No,Partial,Not Met
2026-08-31,SBA17431,Affinity Group,Universidad Tecnologica de Pereira,WIE,3,0,No,No,Partial,Not Met
2026-08-31,SBA64151,Affinity Group,Universidad de Narino,WIE,0,0,No,No,Not Met,Not Met
2026-08-31,SBA62571,Affinity Group,Universidad de San Buenaventura,WIE,0,0,No,No,Not Met,Not Met
2026-08-31,SBA12991,Affinity Group,Universidad de los Andes,WIE,40,2,Yes,Yes,Partial,Not Met
2026-08-31,SBA09161,Affinity Group,Universidad del Cauca,WIE,36,1,Yes,No,Not Met,Not Met
2026-08-31,SBA65911,Affinity Group,Universidad del Quindio,WIE,7,2,Yes,Yes,Partial,Not Met
2026-08-31,SBA95801,Affinity Group,Universidad del Valle,WIE,32,3,Yes,Yes,Met,Met
2026-08-31,STB64411A,Student Branch,Antonio Narino University,,48,3,Yes,Yes,Met,Met
2026-08-31,STB60103228,Student Branch,Corporacion Universitaria Minuto de Dios UNIMINUTO,,0,0,No,No,Not Met,Not Met
2026-08-31,STB18371,Student Branch,Corporacion Universitaria Unitec,,0,0,No,No,Not Met,Not Met
2026-08-31,STB60236869,Student Branch,Corporación Universitaria del Huila – CORHUILA,,32,3,Yes,Yes,Met,Met
2026-08-31,STB40010389,Student Branch,De La Salle University,,6,1,No,No,Met,Not Met
2026-08-31,STB27011,Student Branch,Escuela Colombiana De Ingenieria Julio Garavito,,10,1,No,No,Met,Not Met
2026-08-31,STB05421,Student Branch,Escuela Colombiana de Carreras Industriales,,17,2,Yes,No,Met,Not Met
2026-08-31,STB60204105,Student Branch,Escuela De Aviacion Del Ejercito,,0,0,No,No,Not Met,Not Met
2026-08-31,STB13041,Student Branch,Escuela Tecnologica Instituto Tecnico Central,,8,0,No,No,Partial,Not Met
2026-08-31,STB60222205,Student Branch,Fundacion Universitaria Compensar,,3,0,No,No,Not Met,Not Met
2026-08-31,STB63981,Student Branch,Granada Univ Militar Nueva,,8,1,No,No,Met,Not Met
2026-08-31,STB02571,Student Branch,Icesi University,,45,3,Yes,Yes,Met,Met
2026-08-31,STB03103,Student Branch,Institucion Universitaria CESMAG,,0,0,No,No,Not Met,Not Met
2026-08-31,STB12561,Student Branch,Instituto Tecnologico Metropolitano,,1,0,No,No,Not Met,Not Met
2026-08-31,STB04591,Student Branch,Pontificia Univ Javeriana Sede Bogota,,50,3,Yes,Yes,Met,Met
2026-08-31,STB60181,Student Branch,Pontificia Universidad Javeriana-Cali,,1,0,No,No,Not Met,Not Met
2026-08-31,STB09881,Student Branch,Servicio Nacional de Aprendizale - Antioquia,,5,0,No,No,Not Met,Not Met
2026-08-31,STB60137284,Student Branch,Unidades Tecnologicas de Santander,,16,2,Yes,No,Met,Not Met
2026-08-31,STB62391,Student Branch,Univ Cooperativa De Colombia Sede Bogota,,0,0,No,No,Not Met,Not Met
2026-08-31,STB62121,Student Branch,Univ De Ibague - Coruniversitaria,,0,0,No,No,Not Met,Not Met
2026-08-31,STB18011,Student Branch,Univ Distrital Francisco Jose de Caldas - Bolivar,,25,2,Yes,No,Met,Not Met
2026-08-31,STB09021,Student Branch,Univ Pontificia Bolivariana (UPB),,5,0,No,No,Not Met,Not Met
2026-08-31,STB09851,Student Branch,Univ Santo Tomas De Aquino,,1,0,No,No,Not Met,Not Met
2026-08-31,STB65361,Student Branch,Universidad Autonoma de Bucaramanga,,0,0,No,No,Not Met,Not Met
2026-08-31,STB29341,Student Branch,Universidad Autonoma de Occidente,,1,0,No,No,Not Met,Not Met
2026-08-31,STB62201,Student Branch,Universidad Catolica de Colombia,,2,0,No,No,Not Met,Not Met
2026-08-31,STB65251,Student Branch,Universidad Central,,11,0,No,No,Partial,Not Met
2026-08-31,STB04331,Student Branch,Universidad Distrital Francisco Jose de Caldas,,80,3,Yes,Yes,Met,Met
2026-08-31,STB64421,Student Branch,Universidad EAFIT,,4,0,No,No,Not Met,Not Met
2026-08-31,STB10591,Student Branch,Universidad Francisco de Paula Santander,,2,1,No,No,Met,Not Met
2026-08-31,STB03411,Student Branch,Universidad INCCA de Colombia,,0,0,No,No,Not Met,Not Met
2026-08-31,STB10511,Student Branch,Universidad Industrial de Santander,,74,3,Yes,Yes,Met,Met
2026-08-31,STB65061A,Student Branch,Universidad Jorge Tadeo Lozano,,21,3,Yes,Yes,Met,Met
2026-08-31,STB14023,Student Branch,Universidad Mariana,,0,0,No,No,Not Met,Not Met
2026-08-31,STB13071,Student Branch,Universidad Nacional Abierta y a Distancia,,28,2,Yes,No,Met,Not Met
2026-08-31,STB06431,Student Branch,Universidad Nacional De Colombia Sede Bogota,,46,3,Yes,Yes,Met,Met
2026-08-31,STB66021,Student Branch,Universidad Nacional de Colombia Sede Medellin,,10,0,No,No,Not Met,Not Met
2026-08-31,STB61301,Student Branch,Universidad Nacional sede Manizales,,7,1,No,No,Met,Not Met
2026-08-31,STB08221,Student Branch,Universidad Pedagogica Nacional,,0,0,No,No,Not Met,Not Met
2026-08-31,STB60931,Student Branch,Universidad Pedagogica Y Tec de Colombia,,1,0,No,No,Not Met,Not Met
2026-08-31,STB81721,Student Branch,Universidad Piloto de Colombia,,14,3,Yes,Yes,Met,Met
2026-08-31,STB64461,Student Branch,Universidad Santiago de Cali,,26,1,Yes,No,Partial,Not Met
2026-08-31,STB04081,Student Branch,Universidad Santo Tomas - Tunja,,21,1,Yes,No,Partial,Not Met
2026-08-31,STB60232106,Student Branch,Universidad Santo Tomas-Bucaramanga,,32,3,Yes,Yes,Met,Met
2026-08-31,STB01201,Student Branch,Universidad Sergio Arboleda,,0,0,No,No,Not Met,Not Met
2026-08-31,STB16735,Student Branch,Universidad Surcolombiana,,25,2,Yes,No,Met,Not Met
2026-08-31,STB17431,Student Branch,Universidad Tecnologica de Pereira,,20,2,Yes,No,Met,Not Met
2026-08-31,STB14361,Student Branch,Universidad de Antioquia,,7,1,No,No,Met,Not Met
2026-08-31,STB64431,Student Branch,Universidad de Cundinamarca,,0,0,No,No,Not Met,Not Met
2026-08-31,STB64635,Student Branch,Universidad de Investigacion y Desarrollo,,0,0,No,No,Not Met,Not Met
2026-08-31,STB07871,Student Branch,Universidad de Medellin,,0,0,No,No,Not Met,Not Met
2026-08-31,STB64151,Student Branch,Universidad de Narino,,5,0,No,No,Not Met,Not Met
2026-08-31,STB62571,Student Branch,Universidad de San Buenaventura,,0,0,No,No,Not Met,Not Met
2026-08-31,STB07901,Student Branch,Universidad de San Buenaventura - Cali,,0,0,No,No,Not Met,Not Met
2026-08-31,STB66041,Student Branch,Universidad de la Sabana,,32,1,Yes,No,Partial,Not Met
2026-08-31,STB12991,Student Branch,Universidad de los Andes,,133,3,Yes,Yes,Met,Met
2026-08-31,STB02331,Student Branch,Universidad de los Llanos,,0,0,No,No,Not Met,Not Met
2026-08-31,STB09161,Student Branch,Universidad del Cauca,,54,3,Yes,Yes,Met,Met
2026-08-31,STB65911,Student Branch,Universidad del Quindio,,9,2,No,Yes,Met,Not Met
2026-08-31,STB99411,Student Branch,Universidad del Rosario,,12,2,Yes,No,Met,Not Met
2026-08-31,STB95801,Student Branch,Universidad del Valle,,107,3,Yes,Yes,Met,Met
2026-08-31,STB60951,Student Branch,Universidad El Bosque,,9,0,No,No,Partial,Not Met
2026-08-31,STB41556639,Student Branch,University of Pamplona,,43,1,Yes,No,Partial,Not Met
2026-08-31,STB03171,Student Branch,University of San Buenaventura,,2,0,No,No,Not Met,Not Met
2026-08-31,SBC64411D,Student Branch Chapter,Antonio Narino University,COM19,18,2,Yes,No,Met,Not Met
2026-08-31,SBC64411C,Student Branch Chapter,Antonio Narino University,EMB18,12,2,Yes,No,Met,Not Met
2026-08-31,SBC64411B,Student Branch Chapter,Antonio Narino University,RA24,25,2,Yes,No,Met,Not Met
2026-08-31,SBC64411A,Student Branch Chapter,Antonio Narino University,TEM14,20,2,Yes,No,Met,Not Met
2026-08-31,SBC60236869,Student Branch Chapter,Corporación Universitaria del Huila – CORHUILA,RA24,10,2,Yes,No,Met,Not Met
2026-08-31,SBC40010389B,Student Branch Chapter,De La Salle University,AES10,0,0,No,No,Not Met,Not Met
2026-08-31,SBC40010389A,Student Branch Chapter,De La Salle University,PE31,1,0,No,No,Partial,Not Met
2026-08-31,SBC40010389,Student Branch Chapter,De La Salle University,RA24,2,0,No,No,Not Met,Not Met
2026-08-31,SBC27011B,Student Branch Chapter,Escuela Colombiana De Ingenieria Julio Garavito,AES10,5,1,No,No,Met,Not Met
2026-08-31,SBC05421A,Student Branch Chapter,Escuela Colombiana de Carreras Industriales,AES10,2,0,No,No,Not Met,Not Met
2026-08-31,SBC05421B,Student Branch Chapter,Escuela Colombiana de Carreras Industriales,COM19,0,0,No,No,Not Met,Not Met
2026-08-31,SBC05421,Student Branch Chapter,Escuela Colombiana de Carreras Industriales,RA24,12,2,Yes,Yes,Partial,Not Met
2026-08-31,SBC05421C,Student Branch Chapter,Escuela Colombiana de Carreras Industriales,EMB18,1,0,No,No,Not Met,Not Met
2026-08-31,SBC27011A,Student Branch Chapter,Escuela Colombiana De Ingenieria Julio Garavito,PE31,0,0,No,No,Partial,Not Met
2026-08-31,SBC13041A,Student Branch Chapter,Escuela Tecnologica Instituto Tecnico Central,C16,1,0,No,No,Not Met,Not Met
2026-08-31,SBC13041B,Student Branch Chapter,Escuela Tecnologica Instituto Tecnico Central,RA24,6,1,Yes,No,Not Met,Not Met
2026-08-31,SBC13041C,Student Branch Chapter,Escuela Tecnologica Instituto Tecnico Central,AES10,1,0,No,No,Not Met,Not Met
2026-08-31,SBC13041D,Student Branch Chapter,Escuela Tecnologica Instituto Tecnico Central,OE22,0,0,No,No,Not Met,Not Met
2026-08-31,SBC0433N,Student Branch Chapter,Universidad Distrital Francisco Jose de Caldas,ED15,15,1,Yes,No,Not Met,Not Met
2026-08-31,SBC0433J,Student Branch Chapter,Universidad Distrital Francisco Jose de Caldas,IA34,15,1,Yes,No,Partial,Not Met
2026-08-31,SBC0433I,Student Branch Chapter,Universidad Distrital Francisco Jose de Caldas,RA24,33,1,Yes,No,Partial,Not Met
2026-08-31,SBC0433M,Student Branch Chapter,Universidad Distrital Francisco Jose de Caldas,TEM14,0,0,No,No,Not Met,Not Met
2026-08-31,SBC0433O,Student Branch Chapter,Universidad Distrital Francisco Jose de Caldas,E25,6,1,Yes,No,Not Met,Not Met
2026-08-31,SBC1051A,Student Branch Chapter,Universidad Industrial de Santander,C16,20,1,Yes,No,Not Met,Not Met
2026-08-31,SBC1051B,Student Branch Chapter,Universidad Industrial de Santander,CS23,6,1,Yes,No,Not Met,Not Met
2026-08-31,SBC63981E,Student Branch Chapter,Granada Univ Militar Nueva,AP03,0,0,No,No,Not Met,Not Met
2026-08-31,SBC6398A,Student Branch Chapter,Granada Univ Militar Nueva,C16,0,0,No,No,Not Met,Not Met
2026-08-31,SBC63981,Student Branch Chapter,Granada Univ Militar Nueva,COM19,0,0,No,No,Not Met,Not Met
2026-08-31,SBC63981C,Student Branch Chapter,Granada Univ Militar Nueva,CS23,0,0,No,No,Not Met,Not Met
2026-08-31,SBC6398C,Student Branch Chapter,Granada Univ Militar Nueva,IA34,0,0,No,No,Not Met,Not Met
2026-08-31,SBC6398B,Student Branch Chapter,Granada Univ Militar Nueva,RA24,0,0,No,No,Not Met,Not Met
2026-08-31,SBC6398E,Student Branch Chapter,Granada Univ Militar Nueva,TEM14,0,0,No,No,Not Met,Not Met
2026-08-31,SBC63981F,Student Branch Chapter,Granada Univ Militar Nueva,AES10,0,0,No,No,Not Met,Not Met
2026-08-31,SBC63981D,Student Branch Chapter,Granada Univ Militar Nueva,VT06,1,0,No,No,Not Met,Not Met
2026-08-31,SBC02571A,Student Branch Chapter,Icesi University,COM19,10,3,Yes,Yes,Met,Met
2026-08-31,SBC02571B,Student Branch Chapter,Icesi University,C16,11,3,Yes,Yes,Met,Met
2026-08-31,SBC02571C,Student Branch Chapter,Icesi University,CIS11,12,2,Yes,No,Met,Not Met
2026-08-31,SBC03103A,Student Branch Chapter,Institucion Universitaria CESMAG,PE31,0,0,No,No,Not Met,Not Met
2026-08-31,SBC03103,Student Branch Chapter,Institucion Universitaria CESMAG,RA24,0,0,No,No,Not Met,Not Met
2026-08-31,SBC02331,Student Branch Chapter,Universidad de los Llanos,IA34,0,0,No,No,Not Met,Not Met
2026-08-31,SBC04591H,Student Branch Chapter,Pontificia Univ Javeriana Sede Bogota,PE31,2,0,No,No,Partial,Not Met
2026-08-31,SBC04591F,Student Branch Chapter,Pontificia Univ Javeriana Sede Bogota,AES10,5,1,No,Yes,Partial,Not Met
2026-08-31,SBC04591C,Student Branch Chapter,Pontificia Univ Javeriana Sede Bogota,C16,8,2,Yes,Yes,Partial,Not Met
2026-08-31,SBC04591A,Student Branch Chapter,Pontificia Univ Javeriana Sede Bogota,CS23,1,0,No,No,Not Met,Not Met
2026-08-31,SBC04591E,Student Branch Chapter,Pontificia Univ Javeriana Sede Bogota,ED15,8,3,Yes,Yes,Met,Met
2026-08-31,SBC04591D,Student Branch Chapter,Pontificia Univ Javeriana Sede Bogota,EMB18,8,3,Yes,Yes,Met,Met
2026-08-31,SBC04591B,Student Branch Chapter,Pontificia Univ Javeriana Sede Bogota,IA34,1,0,No,No,Not Met,Not Met
2026-08-31,SBC04591K,Student Branch Chapter,Pontificia Univ Javeriana Sede Bogota,PE31,2,0,No,No,Partial,Not Met
2026-08-31,SBC04591J,Student Branch Chapter,Pontificia Univ Javeriana Sede Bogota,PHO36,4,2,No,Yes,Met,Not Met
2026-08-31,SBC04591G,Student Branch Chapter,Pontificia Univ Javeriana Sede Bogota,RA24,10,3,Yes,Yes,Met,Met
2026-08-31,SBC04591I,Student Branch Chapter,Pontificia Univ Javeriana Sede Bogota,SP01,0,0,No,No,Not Met,Not Met
2026-08-31,SBC06431H,Student Branch Chapter,Universidad Nacional De Colombia Sede Bogota,EMC27/NANO42/SEN39,4,0,No,No,Not Met,Not Met
2026-08-31,SBC62121A,Student Branch Chapter,Univ De Ibague - Coruniversitaria,IA34,0,0,No,No,Not Met,Not Met
2026-08-31,SBC18011A,Student Branch Chapter,Univ Distrital Francisco Jose de Caldas - Bolivar,RA24,4,0,No,No,Partial,Not Met
2026-08-31,SBC18011C,Student Branch Chapter,Univ Distrital Francisco Jose de Caldas - Bolivar,C16,3,0,No,No,Not Met,Not Met
2026-08-31,SBC18011B,Student Branch Chapter,Univ Distrital Francisco Jose de Caldas - Bolivar,COM19,22,1,Yes,No,Not Met,Not Met
2026-08-31,SBC18011,Student Branch Chapter,Univ Distrital Francisco Jose de Caldas - Bolivar,PE31,1,0,No,No,Not Met,Not Met
2026-08-31,SBC0433K,Student Branch Chapter,Universidad Distrital Francisco Jose de Caldas,AES10,2,0,No,No,Not Met,Not Met
2026-08-31,SBC0433D,Student Branch Chapter,Universidad Distrital Francisco Jose de Caldas,CAS04,24,1,Yes,No,Partial,Not Met
2026-08-31,SBC0433C,Student Branch Chapter,Universidad Distrital Francisco Jose de Caldas,CS23,4,0,No,No,Not Met,Not Met
2026-08-31,SBC0433L,Student Branch Chapter,Universidad Distrital Francisco Jose de Caldas,PEL35,12,3,Yes,Yes,Met,Met
2026-08-31,SBC0433A,Student Branch Chapter,Universidad Distrital Francisco Jose de Caldas,SP01,0,0,No,No,Not Met,Not Met
2026-08-31,SBC04331,Student Branch Chapter,Universidad Distrital Francisco Jose de Caldas,C16,13,1,Yes,No,Partial,Not Met
2026-08-31,SBC0433B,Student Branch Chapter,Universidad Distrital Francisco Jose de Caldas,COM19,15,1,Yes,No,Not Met,Not Met
2026-08-31,SBC0433F,Student Branch Chapter,Universidad Distrital Francisco Jose de Caldas,EMB18,13,1,Yes,No,Partial,Not Met
2026-08-31,SBC0433E,Student Branch Chapter,Universidad Distrital Francisco Jose de Caldas,GRS29,9,2,Yes,No,Met,Not Met
2026-08-31,SBC0433H,Student Branch Chapter,Universidad Distrital Francisco Jose de Caldas,PE31,16,2,Yes,No,Met,Not Met
2026-08-31,SBC60951,Student Branch Chapter,Universidad El Bosque,COM19,0,0,No,No,Not Met,Not Met
2026-08-31,SBC60951G,Student Branch Chapter,Universidad El Bosque,IA34,0,0,No,No,Not Met,Not Met
2026-08-31,SBC60951F,Student Branch Chapter,Universidad El Bosque,SIT30,2,0,No,No,Not Met,Not Met
2026-08-31,SBC61301A,Student Branch Chapter,Universidad Nacional sede Manizales,PE31,0,0,No,No,Not Met,Not Met
2026-08-31,SBC61301B,Student Branch Chapter,Universidad Nacional sede Manizales,ED15,0,0,No,No,Not Met,Not Met
2026-08-31,SBC090211,Student Branch Chapter,Univ Pontificia Bolivariana (UPB),COM19,0,0,No,No,Not Met,Not Met
2026-08-31,SBC0985A,Student Branch Chapter,Univ Santo Tomas De Aquino,C16,0,0,No,No,Not Met,Not Met
2026-08-31,SBC09851,Student Branch Chapter,Univ Santo Tomas De Aquino,COM19,0,0,No,No,Not Met,Not Met
2026-08-31,SBC09851B,Student Branch Chapter,Univ Santo Tomas De Aquino,PE31,0,0,No,No,Not Met,Not Met
2026-08-31,SBC0985B,Student Branch Chapter,Univ Santo Tomas De Aquino,RA24,1,0,No,No,Not Met,Not Met
2026-08-31,SBC09851A,Student Branch Chapter,Univ Santo Tomas De Aquino,SP01,0,0,No,No,Not Met,Not Met
2026-08-31,SBC17431B,Student Branch Chapter,Universidad Tecnologica de Pereira,CS23/SEN39/CSC41,1,0,No,No,Not Met,Not Met
2026-08-31,SBC65361,Student Branch Chapter,Universidad Autonoma de Bucaramanga,EMB18,0,0,No,No,Not Met,Not Met
2026-08-31,SBC65681,Student Branch Chapter,Universidad del Quindio,IA34,0,0,No,No,Not Met,Not Met
2026-08-31,SBC62201A,Student Branch Chapter,Universidad Catolica de Colombia,C16,0,0,No,No,Not Met,Not Met
2026-08-31,SBC62201,Student Branch Chapter,Universidad Catolica de Colombia,COM19,0,0,No,No,Not Met,Not Met
2026-08-31,SBC62201B,Student Branch Chapter,Universidad Catolica de Colombia,ED15/NANO42,0,0,No,No,Not Met,Not Met
2026-08-31,SBC62201C,Student Branch Chapter,Universidad Catolica de Colombia,PHO36,0,0,No,No,Not Met,Not Met
2026-08-31,SBC60951D,Student Branch Chapter,Universidad El Bosque,PE31,0,0,No,No,Not Met,Not Met
2026-08-31,SBC10591A,Student Branch Chapter,Universidad Francisco de Paula Santander,COM19,0,0,No,No,Not Met,Not Met
2026-08-31,SBC10591B,Student Branch Chapter,Universidad Francisco de Paula Santander,PE31,1,0,No,No,Not Met,Not Met
2026-08-31,SBC10591C,Student Branch Chapter,Universidad Francisco de Paula Santander,RA24,0,0,No,No,Not Met,Not Met
2026-08-31,SBC10591D,Student Branch Chapter,Universidad Francisco de Paula Santander,SP01,0,0,No,No,Not Met,Not Met
2026-08-31,SBC034111,Student Branch Chapter,Universidad INCCA de Colombia,RA24,0,0,No,No,Not Met,Not Met
2026-08-31,SBC10511E,Student Branch Chapter,Universidad Industrial de Santander,AES10,0,0,No,No,Partial,Not Met
2026-08-31,SBC10511I,Student Branch Chapter,Universidad Industrial de Santander,C16,20,3,Yes,Yes,Met,Met
2026-08-31,SBC10511H,Student Branch Chapter,Universidad Industrial de Santander,CS23,6,2,Yes,No,Met,Not Met
2026-08-31,SBC10511J,Student Branch Chapter,Universidad Industrial de Santander,E25,10,3,Yes,Yes,Met,Met
2026-08-31,SBC10511D,Student Branch Chapter,Universidad Industrial de Santander,ED15,22,1,Yes,No,Not Met,Not Met
2026-08-31,SBC10511C,Student Branch Chapter,Universidad Industrial de Santander,EMB18,15,2,Yes,No,Met,Not Met
2026-08-31,SBC1015A,Student Branch Chapter,Universidad Industrial de Santander,PE31,8,3,Yes,Yes,Met,Met
2026-08-31,SBC10511G,Student Branch Chapter,Universidad Industrial de Santander,RA24,6,2,Yes,No,Met,Not Met
2026-08-31,SBC10511,Student Branch Chapter,Universidad Industrial de Santander,SP01,8,1,Yes,No,Not Met,Not Met
2026-08-31,SBC10511F,Student Branch Chapter,Universidad Industrial de Santander,SSC37,11,3,Yes,Yes,Met,Met
2026-08-31,SBC13071A,Student Branch Chapter,Universidad Nacional Abierta y a Distancia,AES10,8,3,Yes,Yes,Met,Met
2026-08-31,SBC13071,Student Branch Chapter,Universidad Nacional Abierta y a Distancia,C16,9,3,Yes,Yes,Met,Met
2026-08-31,SBC06431I,Student Branch Chapter,Universidad Nacional De Colombia Sede Bogota,AES10,2,0,No,No,Not Met,Not Met
2026-08-31,SBC06431G,Student Branch Chapter,Universidad Nacional De Colombia Sede Bogota,AP03,16,3,Yes,Yes,Met,Met
2026-08-31,SBC06431F,Student Branch Chapter,Universidad Nacional De Colombia Sede Bogota,C16,3,2,No,Yes,Met,Not Met
2026-08-31,SBC06431A,Student Branch Chapter,Universidad Nacional De Colombia Sede Bogota,CAS04,8,2,Yes,No,Met,Not Met
2026-08-31,SBC06431C,Student Branch Chapter,Universidad Nacional De Colombia Sede Bogota,COM19,2,0,No,No,Not Met,Not Met
2026-08-31,SBC06431J,Student Branch Chapter,Universidad Nacional De Colombia Sede Bogota,ED15,4,0,No,No,Partial,Not Met
2026-08-31,SBC06431E,Student Branch Chapter,Universidad Nacional De Colombia Sede Bogota,EMB18,5,0,No,No,Partial,Not Met
2026-08-31,SBC06431B,Student Branch Chapter,Universidad Nacional De Colombia Sede Bogota,IA34,1,0,No,No,Not Met,Not Met
2026-08-31,SBC064311,Student Branch Chapter,Universidad Nacional De Colombia Sede Bogota,PE31,5,1,No,No,Met,Not Met
2026-08-31,SBC06431D,Student Branch Chapter,Universidad Nacional De Colombia Sede Bogota,RA24,9,3,Yes,Yes,Met,Met
2026-08-31,SBC06431K,Student Branch Chapter,Universidad Nacional De Colombia Sede Bogota,TEM14,5,1,No,No,Met,Not Met
2026-08-31,SBC61301,Student Branch Chapter,Universidad Nacional sede Manizales,IA34,7,3,Yes,Yes,Met,Met
2026-08-31,SBC08221,Student Branch Chapter,Universidad Pedagogica Nacional,E25,0,0,No,No,Not Met,Not Met
2026-08-31,SBC64461,Student Branch Chapter,Universidad Santiago de Cali,C16,7,2,Yes,Yes,Partial,Not Met
2026-08-31,SBC64461B,Student Branch Chapter,Universidad Santiago de Cali,EMB18,8,3,Yes,Yes,Met,Met
2026-08-31,SBC64461A,Student Branch Chapter,Universidad Santiago de Cali,RA24,8,3,Yes,Yes,Met,Met
2026-08-31,SBC64461C,Student Branch Chapter,Universidad Santiago de Cali,SP01,6,1,Yes,No,Not Met,Not Met
2026-08-31,SBC04081C,Student Branch Chapter,Universidad Santo Tomas - Tunja,AES10,6,1,Yes,No,Partial,Not Met
2026-08-31,SBC04081A,Student Branch Chapter,Universidad Santo Tomas - Tunja,ED15,8,1,Yes,No,Not Met,Not Met
2026-08-31,SBC04081B,Student Branch Chapter,Universidad Santo Tomas - Tunja,RA24,9,2,Yes,No,Met,Not Met
2026-08-31,SBC60232106A,Student Branch Chapter,Universidad Santo Tomas-Bucaramanga,COM19,14,2,Yes,No,Met,Not Met
2026-08-31,SBC60232106,Student Branch Chapter,Universidad Santo Tomas-Bucaramanga,RA24,16,2,Yes,No,Met,Not Met
2026-08-31,SBC01201,Student Branch Chapter,Universidad Sergio Arboleda,EMB18/RA24,0,0,No,No,Not Met,Not Met
2026-08-31,SBC16735A,Student Branch Chapter,Universidad Surcolombiana,CS23,0,0,No,No,Not Met,Not Met
2026-08-31,SBC16735,Student Branch Chapter,Universidad Surcolombiana,RA24,8,2,Yes,Yes,Partial,Not Met
2026-08-31,SBC16735B,Student Branch Chapter,Universidad Surcolombiana,PE31,16,2,Yes,No,Met,Not Met
2026-08-31,SBC17431,Student Branch Chapter,Universidad Tecnologica de Pereira,PE31,2,0,No,No,Not Met,Not Met
2026-08-31,SBC17431A,Student Branch Chapter,Universidad Tecnologica de Pereira,PEL35,5,0,No,No,Not Met,Not Met
2026-08-31,SBC17431E,Student Branch Chapter,Universidad Tecnologica de Pereira,AES10,0,0,No,No,Not Met,Not Met
2026-08-31,SBC17431F,Student Branch Chapter,Universidad Tecnologica de Pereira,CAS04,11,3,Yes,Yes,Met,Met
2026-08-31,SBC17431C,Student Branch Chapter,Universidad Tecnologica de Pereira,IA34,0,0,No,No,Not Met,Not Met
2026-08-31,SBC17431D,Student Branch Chapter,Universidad Tecnologica de Pereira,RA24,1,0,No,No,Not Met,Not Met
2026-08-31,SBC14361A,Student Branch Chapter,Universidad de Antioquia,PE31,0,0,No,No,Not Met,Not Met
2026-08-31,SBC64151,Student Branch Chapter,Universidad de Narino,CIS11,0,0,No,No,Not Met,Not Met
2026-08-31,SBC64151B,Student Branch Chapter,Universidad de Narino,RA24,2,0,No,No,Not Met,Not Met
2026-08-31,SBC64151A,Student Branch Chapter,Universidad de Narino,PE31,0,0,No,No,Not Met,Not Met
2026-08-31,SBC07901A,Student Branch Chapter,Universidad de San Buenaventura - Cali,C16,0,0,No,No,Not Met,Not Met
2026-08-31,SBC07901B,Student Branch Chapter,Universidad de San Buenaventura - Cali,ED15,0,0,No,No,Not Met,Not Met
2026-08-31,SBC62571,Student Branch Chapter,Universidad de San Buenaventura,COM19,0,0,No,No,Not Met,Not Met
2026-08-31,SBC62571F,Student Branch Chapter,Universidad de San Buenaventura,CS23,0,0,No,No,Not Met,Not Met
2026-08-31,SBC62571A,Student Branch Chapter,Universidad de San Buenaventura,CT08,0,0,No,No,Not Met,Not Met
2026-08-31,SBC62571E,Student Branch Chapter,Universidad de San Buenaventura,ED15,0,0,No,No,Not Met,Not Met
2026-08-31,SBC6257D,Student Branch Chapter,Universidad de San Buenaventura,EMB18,0,0,No,No,Not Met,Not Met
2026-08-31,SBC6257C,Student Branch Chapter,Universidad de San Buenaventura,IA34,0,0,No,No,Not Met,Not Met
2026-08-31,SBC6257A,Student Branch Chapter,Universidad de San Buenaventura,PE31,0,0,No,No,Not Met,Not Met
2026-08-31,SBC6257B,Student Branch Chapter,Universidad de San Buenaventura,RA24,0,0,No,No,Not Met,Not Met
2026-08-31,SBC62571D,Student Branch Chapter,Universidad de San Buenaventura,SMC28,0,0,No,No,Not Met,Not Met
2026-08-31,SBC66041A,Student Branch Chapter,Universidad de la Sabana,C16,3,0,No,No,Partial,Not Met
2026-08-31,SBC66041B,Student Branch Chapter,Universidad de la Sabana,RA24,7,1,Yes,No,Not Met,Not Met
2026-08-31,SBC12991K,Student Branch Chapter,Universidad de los Andes,AES10,2,1,No,No,Met,Not Met
2026-08-31,SBC12991H,Student Branch Chapter,Universidad de los Andes,C16,22,3,Yes,Yes,Met,Met
2026-08-31,SBC12991C,Student Branch Chapter,Universidad de los Andes,CAS04,14,3,Yes,Yes,Met,Met
2026-08-31,SBC12991E,Student Branch Chapter,Universidad de los Andes,CIS11,11,2,Yes,No,Met,Not Met
2026-08-31,SBC12991B,Student Branch Chapter,Universidad de los Andes,COM19,12,2,Yes,Yes,Partial,Not Met
2026-08-31,SBC12991A,Student Branch Chapter,Universidad de los Andes,CS23,6,3,Yes,Yes,Met,Met
2026-08-31,SBC12991M,Student Branch Chapter,Universidad de los Andes,E25,16,3,Yes,Yes,Met,Met
2026-08-31,SBC12991J,Student Branch Chapter,Universidad de los Andes,ED15,16,2,Yes,No,Met,Not Met
2026-08-31,SBC12991L,Student Branch Chapter,Universidad de los Andes,EMB18,20,3,Yes,Yes,Met,Met
2026-08-31,SBC12991G,Student Branch Chapter,Universidad de los Andes,IA34,20,3,Yes,Yes,Met,Met
2026-08-31,SBC12991F,Student Branch Chapter,Universidad de los Andes,PE31,22,3,Yes,Yes,Met,Met
2026-08-31,SBC12991O,Student Branch Chapter,Universidad de los Andes,PEL35,18,3,Yes,Yes,Met,Met
2026-08-31,SBC12991I,Student Branch Chapter,Universidad de los Andes,RA24,19,3,Yes,Yes,Met,Met
2026-08-31,SBC12991D,Student Branch Chapter,Universidad de los Andes,SP01,0,0,No,No,Not Met,Not Met
2026-08-31,SBC12991P,Student Branch Chapter,Universidad de los Andes,SSC37,8,2,Yes,Yes,Partial,Not Met
2026-08-31,SBC12991N,Student Branch Chapter,Universidad de los Andes,VT06,3,0,No,No,Not Met,Not Met
2026-08-31,SBC09161C,Student Branch Chapter,Universidad del Cauca,AES10,10,3,Yes,Yes,Met,Met
2026-08-31,SBC09161B,Student Branch Chapter,Universidad del Cauca,C16,10,1,Yes,No,Not Met,Not Met
2026-08-31,SBC09161,Student Branch Chapter,Universidad del Cauca,C16/COM19,20,1,Yes,No,Not Met,Not Met
2026-08-31,SBC09161A,Student Branch Chapter,Universidad del Cauca,COM19,16,1,Yes,No,Not Met,Not Met
2026-08-31,SBC09161D,Student Branch Chapter,Universidad del Cauca,ED15,19,1,Yes,No,Not Met,Not Met
2026-08-31,SBC09161E,Student Branch Chapter,Universidad del Cauca,RA24,17,2,Yes,No,Met,Not Met
2026-08-31,SBC65911,Student Branch Chapter,Universidad del Quindio,ED15,7,3,Yes,Yes,Met,Met
2026-08-31,SBC99411C,Student Branch Chapter,Universidad del Rosario,C16,5,1,No,No,Met,Not Met
2026-08-31,SBC99411B,Student Branch Chapter,Universidad del Rosario,CIS11,2,0,No,No,Partial,Not Met
2026-08-31,SBC99411,Student Branch Chapter,Universidad del Rosario,EMB18,4,0,No,No,Not Met,Not Met
2026-08-31,SBC99411A,Student Branch Chapter,Universidad del Rosario,RA24,2,0,No,No,Not Met,Not Met
2026-08-31,SBC95801,Student Branch Chapter,Universidad del Valle,CAS04,39,3,Yes,Yes,Met,Met
2026-08-31,SBC95801A,Student Branch Chapter,Universidad del Valle,RA24,26,2,Yes,Yes,Partial,Not Met
2026-08-31,SBC95801C,Student Branch Chapter,Universidad del Valle,AES10,10,2,Yes,Yes,Partial,Not Met
2026-08-31,SBC95801G,Student Branch Chapter,Universidad del Valle,C16,27,3,Yes,Yes,Met,Met
2026-08-31,SBC95801H,Student Branch Chapter,Universidad del Valle,COM19,16,2,Yes,No,Met,Not Met
2026-08-31,SBC95801D,Student Branch Chapter,Universidad del Valle,CS23,11,2,Yes,No,Met,Not Met
2026-08-31,SBC95801F,Student Branch Chapter,Universidad del Valle,IM09,16,3,Yes,Yes,Met,Met
2026-08-31,SBC95801B,Student Branch Chapter,Universidad del Valle,PE31,18,2,Yes,Yes,Partial,Not Met
2026-08-31,SBC95801E,Student Branch Chapter,Universidad del Valle,PHO36,1,0,No,No,Not Met,Not Met
2026-08-31,SBC60951A,Student Branch Chapter,Universidad El Bosque,C16,2,0,No,No,Not Met,Not Met
2026-08-31,SBC60951B,Student Branch Chapter,Universidad El Bosque,CS23,0,0,No,No,Not Met,Not Met
2026-08-31,SBC60951C,Student Branch Chapter,Universidad El Bosque,EMB18,4,1,No,No,Met,Not Met
2026-08-31,SBC60951E,Student Branch Chapter,Universidad El Bosque,RA24,0,0,No,No,Not Met,Not Met
2026-08-31,SBC41556639,Student Branch Chapter,University of Pamplona,CIS11,12,2,Yes,No,Met,Not Met
2026-08-31,SBC41556639A,Student Branch Chapter,University of Pamplona,PE31,6,2,Yes,No,Met,Not Met
2026-09-01,SBA64411,Affinity Group,Antonio Narino University,WIE,38,2,Yes,No,Met,Not Met
2026-09-01,SBA60236869,Affinity Group,Corporación Universitaria del Huila – CORHUILA,WIE,8,2,Yes,No,Met,Not Met
2026-09-01,SBA27011,Affinity Group,Escuela Colombiana De Ingenieria Julio Garavito,WIE,3,0,No,No,Partial,Not Met
2026-09-01,SBA05421,Affinity Group,Escuela Colombiana de Carreras Industriales,WIE,15,3,Yes,Yes,Met,Met
2026-09-01,SBA13041,Affinity Group,Escuela Tecnologica Instituto Tecnico Central,WIE,5,0,No,No,Not Met,Not Met
2026-09-01,SBA63981,Affinity Group,Granada Univ Militar Nueva,WIE,7,1,Yes,No,Not Met,Not Met
2026-09-01,SBA02571,Affinity Group,Icesi University,WIE,11,3,Yes,Yes,Met,Met
2026-09-01,SBA03103,Affinity Group,Institucion Universitaria CESMAG,WIE,0,0,No,No,Not Met,Not Met
2026-09-01,SBA04591,Affinity Group,Pontificia Univ Javeriana Sede Bogota,WIE,8,2,Yes,Yes,Partial,Not Met
2026-09-01,SBA62391,Affinity Group,Univ Cooperativa De Colombia Sede Bogota,WIE,0,0,No,No,Not Met,Not Met
2026-09-01,SBA18011,Affinity Group,Univ Distrital Francisco Jose de Caldas - Bolivar,WIE,20,1,Yes,No,Not Met,Not Met
2026-09-01,SBA04331,Affinity Group,Universidad Distrital Francisco Jose de Caldas,WIE,18,1,Yes,No,Not Met,Not Met
2026-09-01,SBA60951,Affinity Group,Universidad El Bosque,WIE,0,0,No,No,Not Met,Not Met
2026-09-01,SBA61301,Affinity Group,Universidad Nacional sede Manizales,WIE,1,1,No,Yes,Not Met,Not Met
2026-09-01,SBA09021,Affinity Group,Univ Pontificia Bolivariana (UPB),WIE,0,0,No,No,Not Met,Not Met
2026-09-01,SBA09851,Affinity Group,Univ Santo Tomas De Aquino,WIE,0,0,No,No,Not Met,Not Met
2026-09-01,SBA04331S,Affinity Group,Universidad Distrital Francisco Jose de Caldas,SIGHT,43,1,Yes,No,Not Met,Not Met
2026-09-01,SBA29341,Affinity Group,Universidad Autonoma de Occidente,WIE,0,0,No,No,Not Met,Not Met
2026-09-01,SBA62201S,Affinity Group,Universidad Catolica de Colombia,SIGHT,0,0,No,No,Not Met,Not Met
2026-09-01,SBA62201,Affinity Group,Universidad Catolica de Colombia,WIE,0,0,No,No,Not Met,Not Met
2026-09-01,SBA10591,Affinity Group,Universidad Francisco de Paula Santander,WIE,1,0,No,No,Not Met,Not Met
2026-09-01,SBA10511,Affinity Group,Universidad Industrial de Santander,WIE,12,2,Yes,Yes,Not Met,Not Met
2026-09-01,SBA13071,Affinity Group,Universidad Nacional Abierta y a Distancia,WIE,9,3,Yes,Yes,Met,Met
2026-09-01,SBA06431,Affinity Group,Universidad Nacional De Colombia Sede Bogota,WIE,17,3,Yes,Yes,Met,Met
2026-09-01,SBA81721,Affinity Group,Universidad Piloto de Colombia,WIE,1,0,No,No,Not Met,Not Met
2026-09-01,SBA64461,Affinity Group,Universidad Santiago de Cali,WIE,14,2,Yes,Yes,Partial,Not Met
2026-09-01,SBA04081S,Affinity Group,Universidad Santo Tomas - Tunja,SIGHT,26,1,Yes,No,Partial,Not Met
2026-09-01,SBA04081,Affinity Group,Universidad Santo Tomas - Tunja,WIE,21,1,Yes,No,Partial,Not Met
2026-09-01,SBA01201,Affinity Group,Universidad Sergio Arboleda,WIE,0,0,No,No,Not Met,Not Met
2026-09-01,SBA16735,Affinity Group,Universidad Surcolombiana,WIE,19,1,Yes,No,Partial,Not Met
2026-09-01,SBA17431,Affinity Group,Universidad Tecnologica de Pereira,WIE,3,0,No,No,Partial,Not Met
2026-09-01,SBA64151,Affinity Group,Universidad de Narino,WIE,0,0,No,No,Not Met,Not Met
2026-09-01,SBA62571,Affinity Group,Universidad de San Buenaventura,WIE,0,0,No,No,Not Met,Not Met
2026-09-01,SBA12991,Affinity Group,Universidad de los Andes,WIE,40,2,Yes,Yes,Partial,Not Met
2026-09-01,SBA09161,Affinity Group,Universidad del Cauca,WIE,36,1,Yes,No,Not Met,Not Met
2026-09-01,SBA65911,Affinity Group,Universidad del Quindio,WIE,7,2,Yes,Yes,Partial,Not Met
2026-09-01,SBA95801,Affinity Group,Universidad del Valle,WIE,32,3,Yes,Yes,Met,Met
2026-09-01,STB64411A,Student Branch,Antonio Narino University,,48,3,Yes,Yes,Met,Met
2026-09-01,STB60103228,Student Branch,Corporacion Universitaria Minuto de Dios UNIMINUTO,,0,0,No,No,Not Met,Not Met
2026-09-01,STB18371,Student Branch,Corporacion Universitaria Unitec,,0,0,No,No,Not Met,Not Met
2026-09-01,STB60236869,Student Branch,Corporación Universitaria del Huila – CORHUILA,,32,3,Yes,Yes,Met,Met
2026-09-01,STB40010389,Student Branch,De La Salle University,,6,1,No,No,Met,Not Met
2026-09-01,STB27011,Student Branch,Escuela Colombiana De Ingenieria Julio Garavito,,10,1,No,No,Met,Not Met
2026-09-01,STB05421,Student Branch,Escuela Colombiana de Carreras Industriales,,17,2,Yes,No,Met,Not Met
2026-09-01,STB60204105,Student Branch,Escuela De Aviacion Del Ejercito,,0,0,No,No,Not Met,Not Met
2026-09-01,STB13041,Student Branch,Escuela Tecnologica Instituto Tecnico Central,,8,0,No,No,Partial,Not Met
2026-09-01,STB60222205,Student Branch,Fundacion Universitaria Compensar,,3,0,No,No,Not Met,Not Met
2026-09-01,STB63981,Student Branch,Granada Univ Militar Nueva,,8,1,No,No,Met,Not Met
2026-09-01,STB02571,Student Branch,Icesi University,,45,3,Yes,Yes,Met,Met
2026-09-01,STB03103,Student Branch,Institucion Universitaria CESMAG,,0,0,No,No,Not Met,Not Met
2026-09-01,STB12561,Student Branch,Instituto Tecnologico Metropolitano,,1,0,No,No,Not Met,Not Met
2026-09-01,STB04591,Student Branch,Pontificia Univ Javeriana Sede Bogota,,50,3,Yes,Yes,Met,Met
2026-09-01,STB60181,Student Branch,Pontificia Universidad Javeriana-Cali,,1,0,No,No,Not Met,Not Met
2026-09-01,STB09881,Student Branch,Servicio Nacional de Aprendizale - Antioquia,,5,0,No,No,Not Met,Not Met
2026-09-01,STB60137284,Student Branch,Unidades Tecnologicas de Santander,,16,2,Yes,No,Met,Not Met
2026-09-01,STB62391,Student Branch,Univ Cooperativa De Colombia Sede Bogota,,0,0,No,No,Not Met,Not Met
2026-09-01,STB62121,Student Branch,Univ De Ibague - Coruniversitaria,,0,0,No,No,Not Met,Not Met
2026-09-01,STB18011,Student Branch,Univ Distrital Francisco Jose de Caldas - Bolivar,,25,2,Yes,No,Met,Not Met
2026-09-01,STB09021,Student Branch,Univ Pontificia Bolivariana (UPB),,5,0,No,No,Not Met,Not Met
2026-09-01,STB09851,Student Branch,Univ Santo Tomas De Aquino,,1,0,No,No,Not Met,Not Met
2026-09-01,STB65361,Student Branch,Universidad Autonoma de Bucaramanga,,0,0,No,No,Not Met,Not Met
2026-09-01,STB29341,Student Branch,Universidad Autonoma de Occidente,,1,0,No,No,Not Met,Not Met
2026-09-01,STB62201,Student Branch,Universidad Catolica de Colombia,,2,0,No,No,Not Met,Not Met
2026-09-01,STB65251,Student Branch,Universidad Central,,11,0,No,No,Partial,Not Met
2026-09-01,STB04331,Student Branch,Universidad Distrital Francisco Jose de Caldas,,80,3,Yes,Yes,Met,Met
2026-09-01,STB64421,Student Branch,Universidad EAFIT,,4,0,No,No,Not Met,Not Met
2026-09-01,STB10591,Student Branch,Universidad Francisco de Paula Santander,,2,1,No,No,Met,Not Met
2026-09-01,STB03411,Student Branch,Universidad INCCA de Colombia,,0,0,No,No,Not Met,Not Met
2026-09-01,STB10511,Student Branch,Universidad Industrial de Santander,,74,3,Yes,Yes,Met,Met
2026-09-01,STB65061A,Student Branch,Universidad Jorge Tadeo Lozano,,21,3,Yes,Yes,Met,Met
2026-09-01,STB14023,Student Branch,Universidad Mariana,,0,0,No,No,Not Met,Not Met
2026-09-01,STB13071,Student Branch,Universidad Nacional Abierta y a Distancia,,28,2,Yes,No,Met,Not Met
2026-09-01,STB06431,Student Branch,Universidad Nacional De Colombia Sede Bogota,,46,3,Yes,Yes,Met,Met
2026-09-01,STB66021,Student Branch,Universidad Nacional de Colombia Sede Medellin,,10,0,No,No,Not Met,Not Met
2026-09-01,STB61301,Student Branch,Universidad Nacional sede Manizales,,7,1,No,No,Met,Not Met
2026-09-01,STB08221,Student Branch,Universidad Pedagogica Nacional,,0,0,No,No,Not Met,Not Met
2026-09-01,STB60931,Student Branch,Universidad Pedagogica Y Tec de Colombia,,1,0,No,No,Not Met,Not Met
2026-09-01,STB81721,Student Branch,Universidad Piloto de Colombia,,14,3,Yes,Yes,Met,Met
2026-09-01,STB64461,Student Branch,Universidad Santiago de Cali,,26,1,Yes,No,Partial,Not Met
2026-09-01,STB04081,Student Branch,Universidad Santo Tomas - Tunja,,21,1,Yes,No,Partial,Not Met
2026-09-01,STB60232106,Student Branch,Universidad Santo Tomas-Bucaramanga,,32,3,Yes,Yes,Met,Met
2026-09-01,STB01201,Student Branch,Universidad Sergio Arboleda,,0,0,No,No,Not Met,Not Met
2026-09-01,STB16735,Student Branch,Universidad Surcolombiana,,25,2,Yes,No,Met,Not Met
2026-09-01,STB17431,Student Branch,Universidad Tecnologica de Pereira,,20,2,Yes,No,Met,Not Met
2026-09-01,STB14361,Student Branch,Universidad de Antioquia,,7,1,No,No,Met,Not Met
2026-09-01,STB64431,Student Branch,Universidad de Cundinamarca,,0,0,No,No,Not Met,Not Met
2026-09-01,STB64635,Student Branch,Universidad de Investigacion y Desarrollo,,0,0,No,No,Not Met,Not Met
2026-09-01,STB07871,Student Branch,Universidad de Medellin,,0,0,No,No,Not Met,Not Met
2026-09-01,STB64151,Student Branch,Universidad de Narino,,5,0,No,No,Not Met,Not Met
2026-09-01,STB62571,Student Branch,Universidad de San Buenaventura,,0,0,No,No,Not Met,Not Met
2026-09-01,STB07901,Student Branch,Universidad de San Buenaventura - Cali,,0,0,No,No,Not Met,Not Met
2026-09-01,STB66041,Student Branch,Universidad de la Sabana,,32,1,Yes,No,Partial,Not Met
2026-09-01,STB12991,Student Branch,Universidad de los Andes,,133,3,Yes,Yes,Met,Met
2026-09-01,STB02331,Student Branch,Universidad de los Llanos,,0,0,No,No,Not Met,Not Met
2026-09-01,STB09161,Student Branch,Universidad del Cauca,,54,3,Yes,Yes,Met,Met
2026-09-01,STB65911,Student Branch,Universidad del Quindio,,9,2,No,Yes,Met,Not Met
2026-09-01,STB99411,Student Branch,Universidad del Rosario,,12,2,Yes,No,Met,Not Met
2026-09-01,STB95801,Student Branch,Universidad del Valle,,107,3,Yes,Yes,Met,Met
2026-09-01,STB60951,Student Branch,Universidad El Bosque,,9,0,No,No,Partial,Not Met
2026-09-01,STB41556639,Student Branch,University of Pamplona,,43,1,Yes,No,Partial,Not Met
2026-09-01,STB03171,Student Branch,University of San Buenaventura,,2,0,No,No,Not Met,Not Met
2026-09-01,SBC64411D,Student Branch Chapter,Antonio Narino University,COM19,18,2,Yes,No,Met,Not Met
2026-09-01,SBC64411C,Student Branch Chapter,Antonio Narino University,EMB18,12,2,Yes,No,Met,Not Met
2026-09-01,SBC64411B,Student Branch Chapter,Antonio Narino University,RA24,25,2,Yes,No,Met,Not Met
2026-09-01,SBC64411A,Student Branch Chapter,Antonio Narino University,TEM14,20,2,Yes,No,Met,Not Met
2026-09-01,SBC60236869,Student Branch Chapter,Corporación Universitaria del Huila – CORHUILA,RA24,10,2,Yes,No,Met,Not Met
2026-09-01,SBC40010389B,Student Branch Chapter,De La Salle University,AES10,0,0,No,No,Not Met,Not Met
2026-09-01,SBC40010389A,Student Branch Chapter,De La Salle University,PE31,1,0,No,No,Partial,Not Met
2026-09-01,SBC40010389,Student Branch Chapter,De La Salle University,RA24,2,0,No,No,Not Met,Not Met
2026-09-01,SBC27011B,Student Branch Chapter,Escuela Colombiana De Ingenieria Julio Garavito,AES10,5,1,No,No,Met,Not Met
2026-09-01,SBC05421A,Student Branch Chapter,Escuela Colombiana de Carreras Industriales,AES10,2,0,No,No,Not Met,Not Met
2026-09-01,SBC05421B,Student Branch Chapter,Escuela Colombiana de Carreras Industriales,COM19,0,0,No,No,Not Met,Not Met
2026-09-01,SBC05421,Student Branch Chapter,Escuela Colombiana de Carreras Industriales,RA24,12,2,Yes,Yes,Partial,Not Met
2026-09-01,SBC05421C,Student Branch Chapter,Escuela Colombiana de Carreras Industriales,EMB18,1,0,No,No,Not Met,Not Met
2026-09-01,SBC27011A,Student Branch Chapter,Escuela Colombiana De Ingenieria Julio Garavito,PE31,0,0,No,No,Partial,Not Met
2026-09-01,SBC13041A,Student Branch Chapter,Escuela Tecnologica Instituto Tecnico Central,C16,1,0,No,No,Not Met,Not Met
2026-09-01,SBC13041B,Student Branch Chapter,Escuela Tecnologica Instituto Tecnico Central,RA24,6,1,Yes,No,Not Met,Not Met
2026-09-01,SBC13041C,Student Branch Chapter,Escuela Tecnologica Instituto Tecnico Central,AES10,1,0,No,No,Not Met,Not Met
2026-09-01,SBC13041D,Student Branch Chapter,Escuela Tecnologica Instituto Tecnico Central,OE22,0,0,No,No,Not Met,Not Met
2026-09-01,SBC0433N,Student Branch Chapter,Universidad Distrital Francisco Jose de Caldas,ED15,15,1,Yes,No,Not Met,Not Met
2026-09-01,SBC0433J,Student Branch Chapter,Universidad Distrital Francisco Jose de Caldas,IA34,15,1,Yes,No,Partial,Not Met
2026-09-01,SBC0433I,Student Branch Chapter,Universidad Distrital Francisco Jose de Caldas,RA24,33,1,Yes,No,Partial,Not Met
2026-09-01,SBC0433M,Student Branch Chapter,Universidad Distrital Francisco Jose de Caldas,TEM14,0,0,No,No,Not Met,Not Met
2026-09-01,SBC0433O,Student Branch Chapter,Universidad Distrital Francisco Jose de Caldas,E25,6,1,Yes,No,Not Met,Not Met
2026-09-01,SBC1051A,Student Branch Chapter,Universidad Industrial de Santander,C16,20,1,Yes,No,Not Met,Not Met
2026-09-01,SBC1051B,Student Branch Chapter,Universidad Industrial de Santander,CS23,6,1,Yes,No,Not Met,Not Met
2026-09-01,SBC63981E,Student Branch Chapter,Granada Univ Militar Nueva,AP03,0,0,No,No,Not Met,Not Met
2026-09-01,SBC6398A,Student Branch Chapter,Granada Univ Militar Nueva,C16,0,0,No,No,Not Met,Not Met
2026-09-01,SBC63981,Student Branch Chapter,Granada Univ Militar Nueva,COM19,0,0,No,No,Not Met,Not Met
2026-09-01,SBC63981C,Student Branch Chapter,Granada Univ Militar Nueva,CS23,0,0,No,No,Not Met,Not Met
2026-09-01,SBC6398C,Student Branch Chapter,Granada Univ Militar Nueva,IA34,0,0,No,No,Not Met,Not Met
2026-09-01,SBC6398B,Student Branch Chapter,Granada Univ Militar Nueva,RA24,0,0,No,No,Not Met,Not Met
2026-09-01,SBC6398E,Student Branch Chapter,Granada Univ Militar Nueva,TEM14,0,0,No,No,Not Met,Not Met
2026-09-01,SBC63981F,Student Branch Chapter,Granada Univ Militar Nueva,AES10,0,0,No,No,Not Met,Not Met
2026-09-01,SBC63981D,Student Branch Chapter,Granada Univ Militar Nueva,VT06,1,0,No,No,Not Met,Not Met
2026-09-01,SBC02571A,Student Branch Chapter,Icesi University,COM19,10,3,Yes,Yes,Met,Met
2026-09-01,SBC02571B,Student Branch Chapter,Icesi University,C16,11,3,Yes,Yes,Met,Met
2026-09-01,SBC02571C,Student Branch Chapter,Icesi University,CIS11,12,2,Yes,No,Met,Not Met
2026-09-01,SBC03103A,Student Branch Chapter,Institucion Universitaria CESMAG,PE31,0,0,No,No,Not Met,Not Met
2026-09-01,SBC03103,Student Branch Chapter,Institucion Universitaria CESMAG,RA24,0,0,No,No,Not Met,Not Met
2026-09-01,SBC02331,Student Branch Chapter,Universidad de los Llanos,IA34,0,0,No,No,Not Met,Not Met
2026-09-01,SBC04591H,Student Branch Chapter,Pontificia Univ Javeriana Sede Bogota,PE31,2,0,No,No,Partial,Not Met
2026-09-01,SBC04591F,Student Branch Chapter,Pontificia Univ Javeriana Sede Bogota,AES10,5,1,No,Yes,Partial,Not Met
2026-09-01,SBC04591C,Student Branch Chapter,Pontificia Univ Javeriana Sede Bogota,C16,8,2,Yes,Yes,Partial,Not Met
2026-09-01,SBC04591A,Student Branch Chapter,Pontificia Univ Javeriana Sede Bogota,CS23,1,0,No,No,Not Met,Not Met
2026-09-01,SBC04591E,Student Branch Chapter,Pontificia Univ Javeriana Sede Bogota,ED15,8,3,Yes,Yes,Met,Met
2026-09-01,SBC04591D,Student Branch Chapter,Pontificia Univ Javeriana Sede Bogota,EMB18,8,3,Yes,Yes,Met,Met
2026-09-01,SBC04591B,Student Branch Chapter,Pontificia Univ Javeriana Sede Bogota,IA34,1,0,No,No,Not Met,Not Met
2026-09-01,SBC04591K,Student Branch Chapter,Pontificia Univ Javeriana Sede Bogota,PE31,2,0,No,No,Partial,Not Met
2026-09-01,SBC04591J,Student Branch Chapter,Pontificia Univ Javeriana Sede Bogota,PHO36,4,2,No,Yes,Met,Not Met
2026-09-01,SBC04591G,Student Branch Chapter,Pontificia Univ Javeriana Sede Bogota,RA24,10,3,Yes,Yes,Met,Met
2026-09-01,SBC04591I,Student Branch Chapter,Pontificia Univ Javeriana Sede Bogota,SP01,0,0,No,No,Not Met,Not Met
2026-09-01,SBC06431H,Student Branch Chapter,Universidad Nacional De Colombia Sede Bogota,EMC27/NANO42/SEN39,4,0,No,No,Not Met,Not Met
2026-09-01,SBC62121A,Student Branch Chapter,Univ De Ibague - Coruniversitaria,IA34,0,0,No,No,Not Met,Not Met
2026-09-01,SBC18011A,Student Branch Chapter,Univ Distrital Francisco Jose de Caldas - Bolivar,RA24,4,0,No,No,Partial,Not Met
2026-09-01,SBC18011C,Student Branch Chapter,Univ Distrital Francisco Jose de Caldas - Bolivar,C16,3,0,No,No,Not Met,Not Met
2026-09-01,SBC18011B,Student Branch Chapter,Univ Distrital Francisco Jose de Caldas - Bolivar,COM19,22,1,Yes,No,Not Met,Not Met
2026-09-01,SBC18011,Student Branch Chapter,Univ Distrital Francisco Jose de Caldas - Bolivar,PE31,1,0,No,No,Not Met,Not Met
2026-09-01,SBC0433K,Student Branch Chapter,Universidad Distrital Francisco Jose de Caldas,AES10,2,0,No,No,Not Met,Not Met
2026-09-01,SBC0433D,Student Branch Chapter,Universidad Distrital Francisco Jose de Caldas,CAS04,24,1,Yes,No,Partial,Not Met
2026-09-01,SBC0433C,Student Branch Chapter,Universidad Distrital Francisco Jose de Caldas,CS23,4,0,No,No,Not Met,Not Met
2026-09-01,SBC0433L,Student Branch Chapter,Universidad Distrital Francisco Jose de Caldas,PEL35,12,3,Yes,Yes,Met,Met
2026-09-01,SBC0433A,Student Branch Chapter,Universidad Distrital Francisco Jose de Caldas,SP01,0,0,No,No,Not Met,Not Met
2026-09-01,SBC04331,Student Branch Chapter,Universidad Distrital Francisco Jose de Caldas,C16,13,1,Yes,No,Partial,Not Met
2026-09-01,SBC0433B,Student Branch Chapter,Universidad Distrital Francisco Jose de Caldas,COM19,15,1,Yes,No,Not Met,Not Met
2026-09-01,SBC0433F,Student Branch Chapter,Universidad Distrital Francisco Jose de Caldas,EMB18,13,1,Yes,No,Partial,Not Met
2026-09-01,SBC0433E,Student Branch Chapter,Universidad Distrital Francisco Jose de Caldas,GRS29,9,2,Yes,No,Met,Not Met
2026-09-01,SBC0433H,Student Branch Chapter,Universidad Distrital Francisco Jose de Caldas,PE31,16,2,Yes,No,Met,Not Met
2026-09-01,SBC60951,Student Branch Chapter,Universidad El Bosque,COM19,0,0,No,No,Not Met,Not Met
2026-09-01,SBC60951G,Student Branch Chapter,Universidad El Bosque,IA34,0,0,No,No,Not Met,Not Met
2026-09-01,SBC60951F,Student Branch Chapter,Universidad El Bosque,SIT30,2,0,No,No,Not Met,Not Met
2026-09-01,SBC61301A,Student Branch Chapter,Universidad Nacional sede Manizales,PE31,0,0,No,No,Not Met,Not Met
2026-09-01,SBC61301B,Student Branch Chapter,Universidad Nacional sede Manizales,ED15,0,0,No,No,Not Met,Not Met
2026-09-01,SBC090211,Student Branch Chapter,Univ Pontificia Bolivariana (UPB),COM19,0,0,No,No,Not Met,Not Met
2026-09-01,SBC0985A,Student Branch Chapter,Univ Santo Tomas De Aquino,C16,0,0,No,No,Not Met,Not Met
2026-09-01,SBC09851,Student Branch Chapter,Univ Santo Tomas De Aquino,COM19,0,0,No,No,Not Met,Not Met
2026-09-01,SBC09851B,Student Branch Chapter,Univ Santo Tomas De Aquino,PE31,0,0,No,No,Not Met,Not Met
2026-09-01,SBC0985B,Student Branch Chapter,Univ Santo Tomas De Aquino,RA24,1,0,No,No,Not Met,Not Met
2026-09-01,SBC09851A,Student Branch Chapter,Univ Santo Tomas De Aquino,SP01,0,0,No,No,Not Met,Not Met
2026-09-01,SBC17431B,Student Branch Chapter,Universidad Tecnologica de Pereira,CS23/SEN39/CSC41,1,0,No,No,Not Met,Not Met
2026-09-01,SBC65361,Student Branch Chapter,Universidad Autonoma de Bucaramanga,EMB18,0,0,No,No,Not Met,Not Met
2026-09-01,SBC65681,Student Branch Chapter,Universidad del Quindio,IA34,0,0,No,No,Not Met,Not Met
2026-09-01,SBC62201A,Student Branch Chapter,Universidad Catolica de Colombia,C16,0,0,No,No,Not Met,Not Met
2026-09-01,SBC62201,Student Branch Chapter,Universidad Catolica de Colombia,COM19,0,0,No,No,Not Met,Not Met
2026-09-01,SBC62201B,Student Branch Chapter,Universidad Catolica de Colombia,ED15/NANO42,0,0,No,No,Not Met,Not Met
2026-09-01,SBC62201C,Student Branch Chapter,Universidad Catolica de Colombia,PHO36,0,0,No,No,Not Met,Not Met
2026-09-01,SBC60951D,Student Branch Chapter,Universidad El Bosque,PE31,0,0,No,No,Not Met,Not Met
2026-09-01,SBC10591A,Student Branch Chapter,Universidad Francisco de Paula Santander,COM19,0,0,No,No,Not Met,Not Met
2026-09-01,SBC10591B,Student Branch Chapter,Universidad Francisco de Paula Santander,PE31,1,0,No,No,Not Met,Not Met
2026-09-01,SBC10591C,Student Branch Chapter,Universidad Francisco de Paula Santander,RA24,0,0,No,No,Not Met,Not Met
2026-09-01,SBC10591D,Student Branch Chapter,Universidad Francisco de Paula Santander,SP01,0,0,No,No,Not Met,Not Met
2026-09-01,SBC034111,Student Branch Chapter,Universidad INCCA de Colombia,RA24,0,0,No,No,Not Met,Not Met
2026-09-01,SBC10511E,Student Branch Chapter,Universidad Industrial de Santander,AES10,0,0,No,No,Partial,Not Met
2026-09-01,SBC10511I,Student Branch Chapter,Universidad Industrial de Santander,C16,20,3,Yes,Yes,Met,Met
2026-09-01,SBC10511H,Student Branch Chapter,Universidad Industrial de Santander,CS23,6,2,Yes,No,Met,Not Met
2026-09-01,SBC10511J,Student Branch Chapter,Universidad Industrial de Santander,E25,10,3,Yes,Yes,Met,Met
2026-09-01,SBC10511D,Student Branch Chapter,Universidad Industrial de Santander,ED15,22,1,Yes,No,Not Met,Not Met
2026-09-01,SBC10511C,Student Branch Chapter,Universidad Industrial de Santander,EMB18,15,2,Yes,No,Met,Not Met
2026-09-01,SBC1015A,Student Branch Chapter,Universidad Industrial de Santander,PE31,8,3,Yes,Yes,Met,Met
2026-09-01,SBC10511G,Student Branch Chapter,Universidad Industrial de Santander,RA24,6,2,Yes,No,Met,Not Met
2026-09-01,SBC10511,Student Branch Chapter,Universidad Industrial de Santander,SP01,8,1,Yes,No,Not Met,Not Met
2026-09-01,SBC10511F,Student Branch Chapter,Universidad Industrial de Santander,SSC37,11,3,Yes,Yes,Met,Met
2026-09-01,SBC13071A,Student Branch Chapter,Universidad Nacional Abierta y a Distancia,AES10,8,3,Yes,Yes,Met,Met
2026-09-01,SBC13071,Student Branch Chapter,Universidad Nacional Abierta y a Distancia,C16,9,3,Yes,Yes,Met,Met
2026-09-01,SBC06431I,Student Branch Chapter,Universidad Nacional De Colombia Sede Bogota,AES10,2,0,No,No,Not Met,Not Met
2026-09-01,SBC06431G,Student Branch Chapter,Universidad Nacional De Colombia Sede Bogota,AP03,16,3,Yes,Yes,Met,Met
2026-09-01,SBC06431F,Student Branch Chapter,Universidad Nacional De Colombia Sede Bogota,C16,3,2,No,Yes,Met,Not Met
2026-09-01,SBC06431A,Student Branch Chapter,Universidad Nacional De Colombia Sede Bogota,CAS04,8,2,Yes,No,Met,Not Met
2026-09-01,SBC06431C,Student Branch Chapter,Universidad Nacional De Colombia Sede Bogota,COM19,2,0,No,No,Not Met,Not Met
2026-09-01,SBC06431J,Student Branch Chapter,Universidad Nacional De Colombia Sede Bogota,ED15,4,0,No,No,Partial,Not Met
2026-09-01,SBC06431E,Student Branch Chapter,Universidad Nacional De Colombia Sede Bogota,EMB18,5,0,No,No,Partial,Not Met
2026-09-01,SBC06431B,Student Branch Chapter,Universidad Nacional De Colombia Sede Bogota,IA34,1,0,No,No,Not Met,Not Met
2026-09-01,SBC064311,Student Branch Chapter,Universidad Nacional De Colombia Sede Bogota,PE31,5,1,No,No,Met,Not Met
2026-09-01,SBC06431D,Student Branch Chapter,Universidad Nacional De Colombia Sede Bogota,RA24,9,3,Yes,Yes,Met,Met
2026-09-01,SBC06431K,Student Branch Chapter,Universidad Nacional De Colombia Sede Bogota,TEM14,5,1,No,No,Met,Not Met
2026-09-01,SBC61301,Student Branch Chapter,Universidad Nacional sede Manizales,IA34,7,3,Yes,Yes,Met,Met
2026-09-01,SBC08221,Student Branch Chapter,Universidad Pedagogica Nacional,E25,0,0,No,No,Not Met,Not Met
2026-09-01,SBC64461,Student Branch Chapter,Universidad Santiago de Cali,C16,7,2,Yes,Yes,Partial,Not Met
2026-09-01,SBC64461B,Student Branch Chapter,Universidad Santiago de Cali,EMB18,8,3,Yes,Yes,Met,Met
2026-09-01,SBC64461A,Student Branch Chapter,Universidad Santiago de Cali,RA24,8,3,Yes,Yes,Met,Met
2026-09-01,SBC64461C,Student Branch Chapter,Universidad Santiago de Cali,SP01,6,1,Yes,No,Not Met,Not Met
2026-09-01,SBC04081C,Student Branch Chapter,Universidad Santo Tomas - Tunja,AES10,6,1,Yes,No,Partial,Not Met
2026-09-01,SBC04081A,Student Branch Chapter,Universidad Santo Tomas - Tunja,ED15,8,1,Yes,No,Not Met,Not Met
2026-09-01,SBC04081B,Student Branch Chapter,Universidad Santo Tomas - Tunja,RA24,9,2,Yes,No,Met,Not Met
2026-09-01,SBC60232106A,Student Branch Chapter,Universidad Santo Tomas-Bucaramanga,COM19,14,2,Yes,No,Met,Not Met
2026-09-01,SBC60232106,Student Branch Chapter,Universidad Santo Tomas-Bucaramanga,RA24,16,2,Yes,No,Met,Not Met
2026-09-01,SBC01201,Student Branch Chapter,Universidad Sergio Arboleda,EMB18/RA24,0,0,No,No,Not Met,Not Met
2026-09-01,SBC16735A,Student Branch Chapter,Universidad Surcolombiana,CS23,0,0,No,No,Not Met,Not Met
2026-09-01,SBC16735,Student Branch Chapter,Universidad Surcolombiana,RA24,8,2,Yes,Yes,Partial,Not Met
2026-09-01,SBC16735B,Student Branch Chapter,Universidad Surcolombiana,PE31,16,2,Yes,No,Met,Not Met
2026-09-01,SBC17431,Student Branch Chapter,Universidad Tecnologica de Pereira,PE31,2,0,No,No,Not Met,Not Met
2026-09-01,SBC17431A,Student Branch Chapter,Universidad Tecnologica de Pereira,PEL35,5,0,No,No,Not Met,Not Met
2026-09-01,SBC17431E,Student Branch Chapter,Universidad Tecnologica de Pereira,AES10,0,0,No,No,Not Met,Not Met
2026-09-01,SBC17431F,Student Branch Chapter,Universidad Tecnologica de Pereira,CAS04,11,3,Yes,Yes,Met,Met
2026-09-01,SBC17431C,Student Branch Chapter,Universidad Tecnologica de Pereira,IA34,0,0,No,No,Not Met,Not Met
2026-09-01,SBC17431D,Student Branch Chapter,Universidad Tecnologica de Pereira,RA24,1,0,No,No,Not Met,Not Met
2026-09-01,SBC14361A,Student Branch Chapter,Universidad de Antioquia,PE31,0,0,No,No,Not Met,Not Met
2026-09-01,SBC64151,Student Branch Chapter,Universidad de Narino,CIS11,0,0,No,No,Not Met,Not Met
2026-09-01,SBC64151B,Student Branch Chapter,Universidad de Narino,RA24,2,0,No,No,Not Met,Not Met
2026-09-01,SBC64151A,Student Branch Chapter,Universidad de Narino,PE31,0,0,No,No,Not Met,Not Met
2026-09-01,SBC07901A,Student Branch Chapter,Universidad de San Buenaventura - Cali,C16,0,0,No,No,Not Met,Not Met
2026-09-01,SBC07901B,Student Branch Chapter,Universidad de San Buenaventura - Cali,ED15,0,0,No,No,Not Met,Not Met
2026-09-01,SBC62571,Student Branch Chapter,Universidad de San Buenaventura,COM19,0,0,No,No,Not Met,Not Met
2026-09-01,SBC62571F,Student Branch Chapter,Universidad de San Buenaventura,CS23,0,0,No,No,Not Met,Not Met
2026-09-01,SBC62571A,Student Branch Chapter,Universidad de San Buenaventura,CT08,0,0,No,No,Not Met,Not Met
2026-09-01,SBC62571E,Student Branch Chapter,Universidad de San Buenaventura,ED15,0,0,No,No,Not Met,Not Met
2026-09-01,SBC6257D,Student Branch Chapter,Universidad de San Buenaventura,EMB18,0,0,No,No,Not Met,Not Met
2026-09-01,SBC6257C,Student Branch Chapter,Universidad de San Buenaventura,IA34,0,0,No,No,Not Met,Not Met
2026-09-01,SBC6257A,Student Branch Chapter,Universidad de San Buenaventura,PE31,0,0,No,No,Not Met,Not Met
2026-09-01,SBC6257B,Student Branch Chapter,Universidad de San Buenaventura,RA24,0,0,No,No,Not Met,Not Met
2026-09-01,SBC62571D,Student Branch Chapter,Universidad de San Buenaventura,SMC28,0,0,No,No,Not Met,Not Met
2026-09-01,SBC66041A,Student Branch Chapter,Universidad de la Sabana,C16,3,0,No,No,Partial,Not Met
2026-09-01,SBC66041B,Student Branch Chapter,Universidad de la Sabana,RA24,7,1,Yes,No,Not Met,Not Met
2026-09-01,SBC12991K,Student Branch Chapter,Universidad de los Andes,AES10,2,1,No,No,Met,Not Met
2026-09-01,SBC12991H,Student Branch Chapter,Universidad de los Andes,C16,22,3,Yes,Yes,Met,Met
2026-09-01,SBC12991C,Student Branch Chapter,Universidad de los Andes,CAS04,14,3,Yes,Yes,Met,Met
2026-09-01,SBC12991E,Student Branch Chapter,Universidad de los Andes,CIS11,11,2,Yes,No,Met,Not Met
2026-09-01,SBC12991B,Student Branch Chapter,Universidad de los Andes,COM19,12,2,Yes,Yes,Partial,Not Met
2026-09-01,SBC12991A,Student Branch Chapter,Universidad de los Andes,CS23,6,3,Yes,Yes,Met,Met
2026-09-01,SBC12991M,Student Branch Chapter,Universidad de los Andes,E25,16,3,Yes,Yes,Met,Met
2026-09-01,SBC12991J,Student Branch Chapter,Universidad de los Andes,ED15,16,2,Yes,No,Met,Not Met
2026-09-01,SBC12991L,Student Branch Chapter,Universidad de los Andes,EMB18,20,3,Yes,Yes,Met,Met
2026-09-01,SBC12991G,Student Branch Chapter,Universidad de los Andes,IA34,20,3,Yes,Yes,Met,Met
2026-09-01,SBC12991F,Student Branch Chapter,Universidad de los Andes,PE31,22,3,Yes,Yes,Met,Met
2026-09-01,SBC12991O,Student Branch Chapter,Universidad de los Andes,PEL35,18,3,Yes,Yes,Met,Met
2026-09-01,SBC12991I,Student Branch Chapter,Universidad de los Andes,RA24,19,3,Yes,Yes,Met,Met
2026-09-01,SBC12991D,Student Branch Chapter,Universidad de los Andes,SP01,0,0,No,No,Not Met,Not Met
2026-09-01,SBC12991P,Student Branch Chapter,Universidad de los Andes,SSC37,8,2,Yes,Yes,Partial,Not Met
2026-09-01,SBC12991N,Student Branch Chapter,Universidad de los Andes,VT06,3,0,No,No,Not Met,Not Met
2026-09-01,SBC09161C,Student Branch Chapter,Universidad del Cauca,AES10,10,3,Yes,Yes,Met,Met
2026-09-01,SBC09161B,Student Branch Chapter,Universidad del Cauca,C16,10,1,Yes,No,Not Met,Not Met
2026-09-01,SBC09161,Student Branch Chapter,Universidad del Cauca,C16/COM19,20,1,Yes,No,Not Met,Not Met
2026-09-01,SBC09161A,Student Branch Chapter,Universidad del Cauca,COM19,16,1,Yes,No,Not Met,Not Met
2026-09-01,SBC09161D,Student Branch Chapter,Universidad del Cauca,ED15,19,1,Yes,No,Not Met,Not Met
2026-09-01,SBC09161E,Student Branch Chapter,Universidad del Cauca,RA24,17,2,Yes,No,Met,Not Met
2026-09-01,SBC65911,Student Branch Chapter,Universidad del Quindio,ED15,7,3,Yes,Yes,Met,Met
2026-09-01,SBC99411C,Student Branch Chapter,Universidad del Rosario,C16,5,1,No,No,Met,Not Met
2026-09-01,SBC99411B,Student Branch Chapter,Universidad del Rosario,CIS11,2,0,No,No,Partial,Not Met
2026-09-01,SBC99411,Student Branch Chapter,Universidad del Rosario,EMB18,4,0,No,No,Not Met,Not Met
2026-09-01,SBC99411A,Student Branch Chapter,Universidad del Rosario,RA24,2,0,No,No,Not Met,Not Met
2026-09-01,SBC95801,Student Branch Chapter,Universidad del Valle,CAS04,39,3,Yes,Yes,Met,Met
2026-09-01,SBC95801A,Student Branch Chapter,Universidad del Valle,RA24,26,2,Yes,Yes,Partial,Not Met
2026-09-01,SBC95801C,Student Branch Chapter,Universidad del Valle,AES10,10,2,Yes,Yes,Partial,Not Met
2026-09-01,SBC95801G,Student Branch Chapter,Universidad del Valle,C16,27,3,Yes,Yes,Met,Met
2026-09-01,SBC95801H,Student Branch Chapter,Universidad del Valle,COM19,16,2,Yes,No,Met,Not Met
2026-09-01,SBC95801D,Student Branch Chapter,Universidad del Valle,CS23,11,2,Yes,No,Met,Not Met
2026-09-01,SBC95801F,Student Branch Chapter,Universidad del Valle,IM09,16,3,Yes,Yes,Met,Met
2026-09-01,SBC95801B,Student Branch Chapter,Universidad del Valle,PE31,18,2,Yes,Yes,Partial,Not Met
2026-09-01,SBC95801E,Student Branch Chapter,Universidad del Valle,PHO36,1,0,No,No,Not Met,Not Met
2026-09-01,SBC60951A,Student Branch Chapter,Universidad El Bosque,C16,2,0,No,No,Not Met,Not Met
2026-09-01,SBC60951B,Student Branch Chapter,Universidad El Bosque,CS23,0,0,No,No,Not Met,Not Met
2026-09-01,SBC60951C,Student Branch Chapter,Universidad El Bosque,EMB18,4,1,No,No,Met,Not Met
2026-09-01,SBC60951E,Student Branch Chapter,Universidad El Bosque,RA24,0,0,No,No,Not Met,Not Met
2026-09-01,SBC41556639,Student Branch Chapter,University of Pamplona,CIS11,12,2,Yes,No,Met,Not Met
2026-09-01,SBC41556639A,Student Branch Chapter,University of Pamplona,PE31,6,2,Yes,No,Met,Not Met
2025-12-22,STB12991,Student Branch,Universidad de los Andes,,121,3,Yes,Yes,Met,Met
2025-12-22,STB04331,Student Branch,Universidad Distrital Francisco Jose de Caldas,,107,3,Yes,Yes,Met,Met
2025-12-22,STB10511,Student Branch,Universidad Industrial de Santander,,83,3,Yes,Yes,Met,Met
2025-12-22,STB41556639,Student Branch,University of Pamplona,,62,3,Yes,Yes,Met,Met
2025-12-22,STB09161,Student Branch,Universidad del Cauca,,50,3,Yes,Yes,Met,Met
2025-12-22,STB06431,Student Branch,Universidad Nacional De Colombia Sede Bogota,,48,2,Yes,Yes,Partial,Not Met
2025-12-22,STB02571,Student Branch,Icesi University,,47,3,Yes,Yes,Met,Met
2025-12-22,STB04081,Student Branch,Universidad Santo Tomas - Tunja,,42,2,Yes,No,Met,Not Met
2025-12-22,STB95801,Student Branch,Universidad del Valle,,40,3,Yes,Yes,Met,Met
2025-12-22,STB64151,Student Branch,Universidad de Narino,,34,2,Yes,No,Met,Not Met
2025-12-22,STB16735,Student Branch,Universidad Surcolombiana,,28,3,Yes,Yes,Met,Met
2025-12-22,STB60232106,Student Branch,Universidad Santo Tomas-Bucaramanga,,27,3,Yes,Yes,Met,Met
2025-12-22,STB13071,Student Branch,Universidad Nacional Abierta y a Distancia,,26,3,Yes,Yes,Met,Met
2025-12-22,STB04591,Student Branch,Pontificia Univ Javeriana Sede Bogota,,25,3,Yes,Yes,Met,Met
2025-12-22,STB66041,Student Branch,Universidad de la Sabana,,25,1,Yes,No,Not Met,Not Met
2025-12-22,STB05421,Student Branch,Escuela Colombiana de Carreras Industriales,,24,1,Yes,No,Partial,Not Met
2025-12-22,STB13041,Student Branch,Escuela Tecnologica Instituto Tecnico Central,,24,3,Yes,Yes,Met,Met
2025-12-22,STB64461,Student Branch,Universidad Santiago de Cali,,23,2,Yes,No,Met,Not Met
2025-12-22,STB17431,Student Branch,Universidad Tecnologica de Pereira,,23,3,Yes,Yes,Met,Met
2025-12-22,STB66021,Student Branch,Universidad Nacional de Colombia Sede Medellin,,20,2,Yes,No,Met,Not Met
2025-12-22,STB63981,Student Branch,Granada Univ Militar Nueva,,17,3,Yes,Yes,Met,Met
2025-12-22,STB99411,Student Branch,Universidad del Rosario,,16,3,Yes,Yes,Met,Met
2025-12-22,STB18011,Student Branch,Univ Distrital Francisco Jose de Caldas - Bolivar,,15,3,Yes,Yes,Met,Met
2025-12-22,STB60236869,Student Branch,Corporación Universitaria del Huila – CORHUILA,,14,3,Yes,Yes,Met,Met
2025-12-22,STB65251,Student Branch,Universidad Central,,14,3,Yes,Yes,Met,Met
2025-12-22,STB40010389,Student Branch,De La Salle University,,13,3,Yes,Yes,Met,Met
2025-12-22,STB65911,Student Branch,Universidad del Quindio,,10,2,No,Yes,Met,Not Met
2025-12-22,STB61301,Student Branch,Universidad Nacional sede Manizales,,9,1,No,Yes,Partial,Not Met
2025-12-22,STB09021,Student Branch,Univ Pontificia Bolivariana (UPB),,8,0,No,No,Not Met,Not Met
2025-12-22,STB60951,Student Branch,Universidad el Bosque,,8,1,No,No,Met,Not Met
2025-12-22,STB27011,Student Branch,Escuela Colombiana De Ingenieria Julio Garavito,,7,2,No,Yes,Met,Not Met
2025-12-22,STB81721,Student Branch,Universidad Piloto de Colombia,,7,2,No,Yes,Met,Not Met
2025-12-22,STB14361,Student Branch,Universidad de Antioquia,,7,1,No,Yes,Partial,Not Met
2025-12-22,STB07901,Student Branch,Universidad de San Buenaventura - Cali,,6,2,No,Yes,Met,Not Met
2025-12-22,STB09881,Student Branch,Servicio Nacional de Aprendizale - Antioquia,,5,1,No,No,Met,Not Met
2025-12-22,STB60137284,Student Branch,Unidades Tecnologicas de Santander,,5,0,No,No,Partial,Not Met
2025-12-22,STB62571,Student Branch,Universidad de San Buenaventura,,5,1,No,No,Met,Not Met
2025-12-22,STB03171,Student Branch,University of San Buenaventura,,4,1,No,No,Met,Not Met
2025-12-22,STB60222205,Student Branch,Fundacion Universitaria Compensar,,3,1,No,No,Met,Not Met
2025-12-22,STB12561,Student Branch,Instituto Tecnologico Metropolitano,,2,1,No,No,Met,Not Met
2025-12-22,STB29341,Student Branch,Universidad Autonoma de Occidente,,2,0,No,No,Not Met,Not Met
2025-12-22,STB64421,Student Branch,Universidad EAFIT,,2,0,No,No,Not Met,Not Met
2025-12-22,STB60181,Student Branch,Pontificia Universidad Javeriana-Cali,,1,0,No,No,Not Met,Not Met
2025-12-22,STB09851,Student Branch,Univ Santo Tomas De Aquino,,1,0,No,No,Not Met,Not Met
2025-12-22,STB62201,Student Branch,Universidad Catolica de Colombia,,1,0,No,No,Not Met,Not Met
2025-12-22,STB03411,Student Branch,Universidad INCCA de Colombia,,1,0,No,No,Not Met,Not Met
2025-12-22,STB01201,Student Branch,Universidad Sergio Arboleda,,1,0,No,No,Not Met,Not Met
2025-12-22,STB60103228,Student Branch,Corporacion Universitaria Minuto de Dios UNIMINUTO,,0,0,No,No,Not Met,Not Met
2025-12-22,STB18371,Student Branch,Corporacion Universitaria Unitec,,0,0,No,No,Not Met,Not Met
2025-12-22,STB60204105,Student Branch,Escuela De Aviacion Del Ejercito,,0,0,No,No,Not Met,Not Met
2025-12-22,STB03103,Student Branch,Institucion Universitaria CESMAG,,0,0,No,No,Not Met,Not Met
2025-12-22,STB62391,Student Branch,Univ Cooperativa De Colombia Sede Bogota,,0,0,No,No,Not Met,Not Met
2025-12-22,STB62121,Student Branch,Univ De Ibague - Coruniversitaria,,0,0,No,No,Not Met,Not Met
2025-12-22,STB65361,Student Branch,Universidad Autonoma de Bucaramanga,,0,0,No,No,Not Met,Not Met
2025-12-22,STB10591,Student Branch,Universidad Francisco de Paula Santander,,0,0,No,No,Partial,Not Met
2025-12-22,STB14023,Student Branch,Universidad Mariana,,0,1,No,No,Met,Not Met
2025-12-22,STB08221,Student Branch,Universidad Pedagogica Nacional,,0,0,No,No,Not Met,Not Met
2025-12-22,STB60931,Student Branch,Universidad Pedagogica Y Tec de Colombia,,0,0,No,No,Not Met,Not Met
2025-12-22,STB64431,Student Branch,Universidad de Cundinamarca,,0,0,No,No,Partial,Not Met
2025-12-22,STB64635,Student Branch,Universidad de Investigacion y Desarrollo,,0,0,No,No,Not Met,Not Met
2025-12-22,STB07871,Student Branch,Universidad de Medellin,,0,0,No,No,Not Met,Not Met
2025-12-22,STB02331,Student Branch,Universidad de los Llanos,,0,0,No,No,Partial,Not Met
2025-12-22,SBA04331S,Affinity Group,Universidad Distrital Francisco Jose de Caldas,SIGHT,44,1,Yes,No,Not Met,Not Met
2025-12-22,SBA04081S,Affinity Group,Universidad Santo Tomas - Tunja,SIGHT,42,1,Yes,No,Not Met,Not Met
2025-12-22,SBA04331,Affinity Group,Universidad Distrital Francisco Jose de Caldas,WIE,40,2,Yes,Yes,Not Met,Not Met
2025-12-22,SBA12991,Affinity Group,Universidad de los Andes,WIE,32,2,Yes,Yes,Partial,Not Met
2025-12-22,SBC41556639A,Student Branch Chapter,University of Pamplona,PE31,32,2,Yes,No,Met,Not Met
2025-12-22,SBC0433D,Student Branch Chapter,Universidad Distrital Francisco Jose de Caldas,CAS04,29,2,Yes,Yes,Partial,Not Met
2025-12-22,SBA09161,Affinity Group,Universidad del Cauca,WIE,27,2,Yes,Yes,Partial,Not Met
2025-12-22,SBC12991L,Student Branch Chapter,Universidad de los Andes,EMB18,25,3,Yes,Yes,Met,Met
2025-12-22,SBC12991H,Student Branch Chapter,Universidad de los Andes,C16,23,2,Yes,Yes,Partial,Not Met
2025-12-22,SBC10511D,Student Branch Chapter,Universidad Industrial de Santander,ED15,22,2,Yes,No,Met,Not Met
2025-12-22,SBA04081,Affinity Group,Universidad Santo Tomas - Tunja,WIE,21,1,Yes,No,Not Met,Not Met
2025-12-22,SBC12991J,Student Branch Chapter,Universidad de los Andes,ED15,21,3,Yes,Yes,Met,Met
2025-12-22,SBA05421,Affinity Group,Escuela Colombiana de Carreras Industriales,WIE,20,1,Yes,No,Partial,Not Met
2025-12-22,SBC1051A,Student Branch Chapter,Universidad Industrial de Santander,C16,20,2,Yes,No,Met,Not Met
2025-12-22,SBC04331,Student Branch Chapter,Universidad Distrital Francisco Jose de Caldas,C16,20,1,Yes,No,Partial,Not Met
2025-12-22,SBC0433H,Student Branch Chapter,Universidad Distrital Francisco Jose de Caldas,PE31,20,3,Yes,Yes,Met,Met
2025-12-22,SBC0433I,Student Branch Chapter,Universidad Distrital Francisco Jose de Caldas,RA24,19,2,Yes,Yes,Partial,Not Met
2025-12-22,SBC0433B,Student Branch Chapter,Universidad Distrital Francisco Jose de Caldas,COM19,19,2,Yes,No,Met,Not Met
2025-12-22,SBC12991G,Student Branch Chapter,Universidad de los Andes,IA34,19,3,Yes,Yes,Met,Met
2025-12-22,SBC12991F,Student Branch Chapter,Universidad de los Andes,PE31,19,3,Yes,Yes,Met,Met
2025-12-22,SBC09161,Student Branch Chapter,Universidad del Cauca,C16/COM19,19,1,Yes,No,Not Met,Not Met
2025-12-22,SBC0433F,Student Branch Chapter,Universidad Distrital Francisco Jose de Caldas,EMB18,18,2,Yes,Yes,Partial,Not Met
2025-12-22,SBC0433J,Student Branch Chapter,Universidad Distrital Francisco Jose de Caldas,IA34,17,2,Yes,No,Met,Not Met
2025-12-22,SBC10511C,Student Branch Chapter,Universidad Industrial de Santander,EMB18,17,2,Yes,No,Met,Not Met
2025-12-22,SBC12991I,Student Branch Chapter,Universidad de los Andes,RA24,17,3,Yes,Yes,Met,Met
2025-12-22,SBC09161A,Student Branch Chapter,Universidad del Cauca,COM19,17,2,Yes,Yes,Not Met,Not Met
2025-12-22,SBC02571A,Student Branch Chapter,Icesi University,COM19,16,3,Yes,Yes,Met,Met
2025-12-22,SBA13071,Affinity Group,Universidad Nacional Abierta y a Distancia,WIE,16,3,Yes,Yes,Met,Met
2025-12-22,SBC06431G,Student Branch Chapter,Universidad Nacional De Colombia Sede Bogota,AP03,16,2,Yes,No,Met,Not Met
2025-12-22,SBC60232106A,Student Branch Chapter,Universidad Santo Tomas-Bucaramanga,COM19,16,2,Yes,No,Met,Not Met
2025-12-22,SBA16735,Affinity Group,Universidad Surcolombiana,WIE,16,2,Yes,No,Met,Not Met
2025-12-22,SBC09161D,Student Branch Chapter,Universidad del Cauca,ED15,16,2,Yes,Yes,Not Met,Not Met
2025-12-22,SBC18011B,Student Branch Chapter,Univ Distrital Francisco Jose de Caldas - Bolivar,COM19,15,2,Yes,No,Met,Not Met
2025-12-22,SBA06431,Affinity Group,Universidad Nacional De Colombia Sede Bogota,WIE,15,3,Yes,Yes,Met,Met
2025-12-22,SBC12991B,Student Branch Chapter,Universidad de los Andes,COM19,15,1,Yes,No,Partial,Not Met
2025-12-22,SBA13041,Affinity Group,Escuela Tecnologica Instituto Tecnico Central,WIE,14,2,Yes,No,Met,Not Met
2025-12-22,SBC18011C,Student Branch Chapter,Univ Distrital Francisco Jose de Caldas - Bolivar,C16,14,3,Yes,Yes,Met,Met
2025-12-22,SBA18011,Affinity Group,Univ Distrital Francisco Jose de Caldas - Bolivar,WIE,14,2,Yes,Yes,Not Met,Not Met
2025-12-22,SBC0433E,Student Branch Chapter,Universidad Distrital Francisco Jose de Caldas,GRS29,14,2,Yes,No,Met,Not Met
2025-12-22,SBC05421,Student Branch Chapter,Escuela Colombiana de Carreras Industriales,RA24,13,1,Yes,No,Partial,Not Met
2025-12-22,SBC12991O,Student Branch Chapter,Universidad de los Andes,PEL35,13,3,Yes,Yes,Met,Met
2025-12-22,SBC0433N,Student Branch Chapter,Universidad Distrital Francisco Jose de Caldas,ED15,12,1,Yes,No,Partial,Not Met
2025-12-22,SBC10511,Student Branch Chapter,Universidad Industrial de Santander,SP01,12,1,Yes,No,Not Met,Not Met
2025-12-22,SBA02571,Affinity Group,Icesi University,WIE,11,2,Yes,No,Met,Not Met
2025-12-22,SBC0433C,Student Branch Chapter,Universidad Distrital Francisco Jose de Caldas,CS23,11,1,Yes,No,Not Met,Not Met
2025-12-22,SBA10511,Affinity Group,Universidad Industrial de Santander,WIE,11,3,Yes,Yes,Met,Met
2025-12-22,SBC06431E,Student Branch Chapter,Universidad Nacional De Colombia Sede Bogota,EMB18,10,3,Yes,Yes,Met,Met
2025-12-22,SBC13041D,Student Branch Chapter,Escuela Tecnologica Instituto Tecnico Central,OE22,9,3,Yes,Yes,Met,Met
2025-12-22,SBC04591G,Student Branch Chapter,Pontificia Univ Javeriana Sede Bogota,RA24,9,3,Yes,Yes,Met,Met
2025-12-22,SBA64461,Affinity Group,Universidad Santiago de Cali,WIE,9,2,Yes,Yes,Not Met,Not Met
2025-12-22,SBC60232106,Student Branch Chapter,Universidad Santo Tomas-Bucaramanga,RA24,9,2,Yes,No,Met,Not Met
2025-12-22,SBC95801,Student Branch Chapter,Universidad del Valle,CAS04,9,2,Yes,No,Met,Not Met
2025-12-22,SBC95801A,Student Branch Chapter,Universidad del Valle,RA24,9,2,Yes,Yes,Partial,Not Met
2025-12-22,SBC1051B,Student Branch Chapter,Universidad Industrial de Santander,CS23,8,1,Yes,No,Not Met,Not Met
2025-12-22,SBC10511F,Student Branch Chapter,Universidad Industrial de Santander,SSC37,8,3,Yes,Yes,Met,Met
2025-12-22,SBC17431F,Student Branch Chapter,Universidad Tecnologica de Pereira,CAS04,8,2,Yes,No,Met,Not Met
2025-12-22,SBC12991A,Student Branch Chapter,Universidad de los Andes,CS23,8,3,Yes,Yes,Met,Met
2025-12-22,SBC12991M,Student Branch Chapter,Universidad de los Andes,E25,8,3,Yes,Yes,Met,Met
2025-12-22,SBC95801F,Student Branch Chapter,Universidad del Valle,IM09,8,3,Yes,Yes,Met,Met
2025-12-22,SBC41556639,Student Branch Chapter,University of Pamplona,CIS11,8,2,Yes,No,Met,Not Met
2025-12-22,SBC05421A,Student Branch Chapter,Escuela Colombiana de Carreras Industriales,AES10,7,2,Yes,No,Met,Not Met
2025-12-22,SBC13041C,Student Branch Chapter,Escuela Tecnologica Instituto Tecnico Central,AES10,7,3,Yes,Yes,Met,Met
2025-12-22,SBC0433K,Student Branch Chapter,Universidad Distrital Francisco Jose de Caldas,AES10,7,1,Yes,No,Partial,Not Met
2025-12-22,SBC0433L,Student Branch Chapter,Universidad Distrital Francisco Jose de Caldas,PEL35,7,1,Yes,No,Partial,Not Met
2025-12-22,SBC13071,Student Branch Chapter,Universidad Nacional Abierta y a Distancia,C16,7,2,Yes,Yes,Partial,Not Met
2025-12-22,SBC61301,Student Branch Chapter,Universidad Nacional sede Manizales,IA34,7,2,Yes,Yes,Partial,Not Met
2025-12-22,SBC12991C,Student Branch Chapter,Universidad de los Andes,CAS04,7,3,Yes,Yes,Met,Met
2025-12-22,SBA63981,Affinity Group,Granada Univ Militar Nueva,WIE,6,2,Yes,Yes,Partial,Not Met
2025-12-22,SBC04591E,Student Branch Chapter,Pontificia Univ Javeriana Sede Bogota,ED15,6,1,Yes,No,Partial,Not Met
2025-12-22,SBC17431B,Student Branch Chapter,Universidad Tecnologica de Pereira,CS23/SEN39/CSC41,6,1,Yes,No,Not Met,Not Met
2025-12-22,SBC1015A,Student Branch Chapter,Universidad Industrial de Santander,PE31,6,3,Yes,Yes,Met,Met
2025-12-22,SBC64461,Student Branch Chapter,Universidad Santiago de Cali,C16,6,2,Yes,No,Met,Not Met
2025-12-22,SBC64461A,Student Branch Chapter,Universidad Santiago de Cali,RA24,6,3,Yes,Yes,Met,Met
2025-12-22,SBC64461C,Student Branch Chapter,Universidad Santiago de Cali,SP01,6,3,Yes,Yes,Met,Met
2025-12-22,SBA17431,Affinity Group,Universidad Tecnologica de Pereira,WIE,6,3,Yes,Yes,Met,Met
2025-12-22,SBC12991P,Student Branch Chapter,Universidad de los Andes,SSC37,6,1,Yes,No,Partial,Not Met
2025-12-22,SBC09161C,Student Branch Chapter,Universidad del Cauca,AES10,6,3,Yes,Yes,Met,Met
2025-12-22,SBC95801D,Student Branch Chapter,Universidad del Valle,CS23,6,1,Yes,No,Partial,Not Met
2025-12-22,SBC40010389A,Student Branch Chapter,De La Salle University,PE31,5,2,No,Yes,Met,Not Met
2025-12-22,SBC0433O,Student Branch Chapter,Universidad Distrital Francisco Jose de Caldas,E25,5,0,No,No,Partial,Not Met
2025-12-22,SBC16735A,Student Branch Chapter,Universidad Surcolombiana,CS23,5,1,No,Yes,Partial,Not Met
2025-12-22,SBC07901A,Student Branch Chapter,Universidad de San Buenaventura - Cali,C16,5,1,No,No,Met,Not Met
2025-12-22,SBC07901B,Student Branch Chapter,Universidad de San Buenaventura - Cali,ED15,5,1,No,No,Met,Not Met
2025-12-22,SBC12991K,Student Branch Chapter,Universidad de los Andes,AES10,5,2,No,Yes,Met,Not Met
2025-12-22,SBC99411C,Student Branch Chapter,Universidad del Rosario,C16,5,2,No,Yes,Met,Not Met
2025-12-22,SBC99411A,Student Branch Chapter,Universidad del Rosario,RA24,5,0,No,No,Partial,Not Met
2025-12-22,SBC95801E,Student Branch Chapter,Universidad del Valle,PHO36,5,0,No,No,Partial,Not Met
2025-12-22,SBC40010389B,Student Branch Chapter,De La Salle University,AES10,4,1,No,No,Met,Not Met
2025-12-22,SBC13041B,Student Branch Chapter,Escuela Tecnologica Instituto Tecnico Central,RA24,4,2,No,Yes,Met,Not Met
2025-12-22,SBC63981F,Student Branch Chapter,Granada Univ Militar Nueva,AES10,4,1,No,Yes,Partial,Not Met
2025-12-22,SBA04591,Affinity Group,Pontificia Univ Javeriana Sede Bogota,WIE,4,0,No,No,Partial,Not Met
2025-12-22,SBC06431H,Student Branch Chapter,Universidad Nacional De Colombia Sede Bogota,EMC27/NANO42/SEN39,4,0,No,No,Partial,Not Met
2025-12-22,SBC06431F,Student Branch Chapter,Universidad Nacional De Colombia Sede Bogota,C16,4,0,No,No,Partial,Not Met
2025-12-22,SBC064311,Student Branch Chapter,Universidad Nacional De Colombia Sede Bogota,PE31,4,0,No,No,Partial,Not Met
2025-12-22,SBC06431K,Student Branch Chapter,Universidad Nacional De Colombia Sede Bogota,TEM14,4,1,No,No,Met,Not Met
2025-12-22,SBC64461B,Student Branch Chapter,Universidad Santiago de Cali,EMB18,4,2,No,Yes,Met,Not Met
2025-12-22,SBC12991E,Student Branch Chapter,Universidad de los Andes,CIS11,4,0,No,No,Not Met,Not Met
2025-12-22,SBC65911,Student Branch Chapter,Universidad del Quindio,ED15,4,1,No,No,Met,Not Met
2025-12-22,SBA65911,Affinity Group,Universidad del Quindio,WIE,4,0,No,No,Not Met,Not Met
2025-12-22,SBC99411,Student Branch Chapter,Universidad del Rosario,EMB18,4,2,No,Yes,Met,Not Met
2025-12-22,SBC40010389,Student Branch Chapter,De La Salle University,RA24,3,1,No,No,Met,Not Met
2025-12-22,SBC13041A,Student Branch Chapter,Escuela Tecnologica Instituto Tecnico Central,C16,3,1,No,No,Met,Not Met
2025-12-22,SBC18011A,Student Branch Chapter,Univ Distrital Francisco Jose de Caldas - Bolivar,RA24,3,0,No,No,Partial,Not Met
2025-12-22,SBA61301,Affinity Group,Universidad Nacional sede Manizales,WIE,3,2,No,Yes,Met,Not Met
2025-12-22,SBC16735,Student Branch Chapter,Universidad Surcolombiana,RA24,3,1,No,Yes,Partial,Not Met
2025-12-22,SBC17431,Student Branch Chapter,Universidad Tecnologica de Pereira,PE31,3,0,No,No,Partial,Not Met
2025-12-22,SBC62571E,Student Branch Chapter,Universidad de San Buenaventura,ED15,3,0,No,No,Not Met,Not Met
2025-12-22,SBC12991N,Student Branch Chapter,Universidad de los Andes,VT06,3,0,No,No,Not Met,Not Met
2025-12-22,SBC09161B,Student Branch Chapter,Universidad del Cauca,C16,3,1,No,Yes,Not Met,Not Met
2025-12-22,SBC95801B,Student Branch Chapter,Universidad del Valle,PE31,3,1,No,No,Met,Not Met
2025-12-22,SBA27011,Affinity Group,Escuela Colombiana De Ingenieria Julio Garavito,WIE,2,0,No,No,Not Met,Not Met
2025-12-22,SBC04591F,Student Branch Chapter,Pontificia Univ Javeriana Sede Bogota,AES10,2,0,No,No,Partial,Not Met
2025-12-22,SBC06431D,Student Branch Chapter,Universidad Nacional De Colombia Sede Bogota,RA24,2,1,No,No,Met,Not Met
2025-12-22,SBC17431E,Student Branch Chapter,Universidad Tecnologica de Pereira,AES10,2,0,No,No,Not Met,Not Met
2025-12-22,SBA62571,Affinity Group,Universidad de San Buenaventura,WIE,2,0,No,No,Partial,Not Met
2025-12-22,SBC66041A,Student Branch Chapter,Universidad de la Sabana,C16,2,0,No,No,Not Met,Not Met
2025-12-22,SBC99411B,Student Branch Chapter,Universidad del Rosario,CIS11,2,2,No,Yes,Met,Not Met
2025-12-22,SBC95801C,Student Branch Chapter,Universidad del Valle,AES10,2,0,No,No,Not Met,Not Met
2025-12-22,SBC27011B,Student Branch Chapter,Escuela Colombiana De Ingenieria Julio Garavito,AES10,1,1,No,Yes,Not Met,Not Met
2025-12-22,SBC05421B,Student Branch Chapter,Escuela Colombiana de Carreras Industriales,COM19,1,1,No,No,Met,Not Met
2025-12-22,SBC05421C,Student Branch Chapter,Escuela Colombiana de Carreras Industriales,EMB18,1,0,No,No,Not Met,Not Met
2025-12-22,SBC04591C,Student Branch Chapter,Pontificia Univ Javeriana Sede Bogota,C16,1,1,No,Yes,Partial,Not Met
2025-12-22,SBC04591A,Student Branch Chapter,Pontificia Univ Javeriana Sede Bogota,CS23,1,0,No,No,Not Met,Not Met
2025-12-22,SBC04591D,Student Branch Chapter,Pontificia Univ Javeriana Sede Bogota,EMB18,1,1,No,Yes,Partial,Not Met
2025-12-22,SBC18011,Student Branch Chapter,Univ Distrital Francisco Jose de Caldas - Bolivar,PE31,1,0,No,No,Partial,Not Met
2025-12-22,SBC0985B,Student Branch Chapter,Univ Santo Tomas De Aquino,RA24,1,0,No,No,Not Met,Not Met
2025-12-22,SBC06431A,Student Branch Chapter,Universidad Nacional De Colombia Sede Bogota,CAS04,1,0,No,No,Not Met,Not Met
2025-12-22,SBC06431C,Student Branch Chapter,Universidad Nacional De Colombia Sede Bogota,COM19,1,0,No,No,Not Met,Not Met
2025-12-22,SBC06431J,Student Branch Chapter,Universidad Nacional De Colombia Sede Bogota,ED15,1,1,No,No,Met,Not Met
2025-12-22,SBC06431B,Student Branch Chapter,Universidad Nacional De Colombia Sede Bogota,IA34,1,0,No,No,Not Met,Not Met
2025-12-22,SBC04081A,Student Branch Chapter,Universidad Santo Tomas - Tunja,ED15,1,0,No,No,Not Met,Not Met
2025-12-22,SBC17431A,Student Branch Chapter,Universidad Tecnologica de Pereira,PEL35,1,0,No,No,Not Met,Not Met
2025-12-22,SBC17431C,Student Branch Chapter,Universidad Tecnologica de Pereira,IA34,1,0,No,No,Not Met,Not Met
2025-12-22,SBC17431D,Student Branch Chapter,Universidad Tecnologica de Pereira,RA24,1,0,No,No,Not Met,Not Met
2025-12-22,SBC64151B,Student Branch Chapter,Universidad de Narino,RA24,1,0,No,No,Not Met,Not Met
2025-12-22,SBC60951A,Student Branch Chapter,Universidad el Bosque,C16,1,0,No,No,Not Met,Not Met
2025-12-22,SBC60951C,Student Branch Chapter,Universidad el Bosque,EMB18,1,0,No,No,Not Met,Not Met
2025-12-22,SBC60951E,Student Branch Chapter,Universidad el Bosque,RA24,1,0,No,No,Partial,Not Met
2025-12-22,SBC27011A,Student Branch Chapter,Escuela Colombiana De Ingenieria Julio Garavito,PE31,0,0,No,No,Not Met,Not Met
2025-12-22,SBC0433M,Student Branch Chapter,Universidad Distrital Francisco Jose de Caldas,TEM14,0,0,No,No,Not Met,Not Met
2025-12-22,SBC63981E,Student Branch Chapter,Granada Univ Militar Nueva,AP03,0,0,No,No,Not Met,Not Met
2025-12-22,SBC6398A,Student Branch Chapter,Granada Univ Militar Nueva,C16,0,0,No,No,Not Met,Not Met
2025-12-22,SBC63981,Student Branch Chapter,Granada Univ Militar Nueva,COM19,0,0,No,No,Not Met,Not Met
2025-12-22,SBC63981C,Student Branch Chapter,Granada Univ Militar Nueva,CS23,0,0,No,No,Not Met,Not Met
2025-12-22,SBC6398C,Student Branch Chapter,Granada Univ Militar Nueva,IA34,0,0,No,No,Not Met,Not Met
2025-12-22,SBC6398B,Student Branch Chapter,Granada Univ Militar Nueva,RA24,0,0,No,No,Partial,Not Met
2025-12-22,SBC6398E,Student Branch Chapter,Granada Univ Militar Nueva,TEM14,0,0,No,No,Not Met,Not Met
2025-12-22,SBC63981D,Student Branch Chapter,Granada Univ Militar Nueva,VT06,0,0,No,No,Not Met,Not Met
2025-12-22,SBC03103A,Student Branch Chapter,Institucion Universitaria CESMAG,PE31,0,0,No,No,Not Met,Not Met
2025-12-22,SBC03103,Student Branch Chapter,Institucion Universitaria CESMAG,RA24,0,0,No,No,Not Met,Not Met
2025-12-22,SBA03103,Affinity Group,Institucion Universitaria CESMAG,WIE,0,0,No,No,Not Met,Not Met
2025-12-22,SBC02331,Student Branch Chapter,Universidad de los Llanos,IA34,0,1,No,No,Met,Not Met
2025-12-22,SBC04591H,Student Branch Chapter,Pontificia Univ Javeriana Sede Bogota,PE31,0,0,No,No,Not Met,Not Met
2025-12-22,SBC04591B,Student Branch Chapter,Pontificia Univ Javeriana Sede Bogota,IA34,0,0,No,No,Not Met,Not Met
2025-12-22,SBC04591K,Student Branch Chapter,Pontificia Univ Javeriana Sede Bogota,PE31,0,0,No,No,Not Met,Not Met
2025-12-22,SBC04591J,Student Branch Chapter,Pontificia Univ Javeriana Sede Bogota,PHO36,0,1,No,No,Met,Not Met
2025-12-22,SBC04591I,Student Branch Chapter,Pontificia Univ Javeriana Sede Bogota,SP01,0,0,No,No,Not Met,Not Met
2025-12-22,SBA62391,Affinity Group,Univ Cooperativa De Colombia Sede Bogota,WIE,0,0,No,No,Not Met,Not Met
2025-12-22,SBC62121A,Student Branch Chapter,Univ De Ibague - Coruniversitaria,IA34,0,0,No,No,Not Met,Not Met
2025-12-22,SBC0433A,Student Branch Chapter,Universidad Distrital Francisco Jose de Caldas,SP01,0,0,No,No,Partial,Not Met
2025-12-22,SBC60951,Student Branch Chapter,Universidad el Bosque,COM19,0,0,No,No,Not Met,Not Met
2025-12-22,SBC60951G,Student Branch Chapter,Universidad el Bosque,IA34,0,0,No,No,Not Met,Not Met
2025-12-22,SBC60951F,Student Branch Chapter,Universidad el Bosque,SIT30,0,0,No,No,Not Met,Not Met
2025-12-22,SBA60951,Affinity Group,Universidad el Bosque,WIE,0,0,No,No,Not Met,Not Met
2025-12-22,SBC61301A,Student Branch Chapter,Universidad Nacional sede Manizales,PE31,0,0,No,No,Not Met,Not Met
2025-12-22,SBC61301B,Student Branch Chapter,Universidad Nacional sede Manizales,ED15,0,0,No,No,Not Met,Not Met
2025-12-22,SBA09021,Affinity Group,Univ Pontificia Bolivariana (UPB),WIE,0,0,No,No,Not Met,Not Met
2025-12-22,SBC090211,Student Branch Chapter,Univ Pontificia Bolivariana (UPB),COM19,0,0,No,No,Not Met,Not Met
2025-12-22,SBA09851,Affinity Group,Univ Santo Tomas De Aquino,WIE,0,0,No,No,Not Met,Not Met
2025-12-22,SBC0985A,Student Branch Chapter,Univ Santo Tomas De Aquino,C16,0,0,No,No,Partial,Not Met
2025-12-22,SBC09851,Student Branch Chapter,Univ Santo Tomas De Aquino,COM19,0,0,No,No,Not Met,Not Met
2025-12-22,SBC09851B,Student Branch Chapter,Univ Santo Tomas De Aquino,PE31,0,0,No,No,Not Met,Not Met
2025-12-22,SBC09851A,Student Branch Chapter,Univ Santo Tomas De Aquino,SP01,0,0,No,No,Not Met,Not Met
2025-12-22,SBC65361,Student Branch Chapter,Universidad Autonoma de Bucaramanga,EMB18,0,0,No,No,Not Met,Not Met
2025-12-22,SBC65681,Student Branch Chapter,Universidad del Quindio,IA34,0,0,No,No,Not Met,Not Met
2025-12-22,SBA29341,Affinity Group,Universidad Autonoma de Occidente,WIE,0,0,No,No,Not Met,Not Met
2025-12-22,SBC62201A,Student Branch Chapter,Universidad Catolica de Colombia,C16,0,0,No,No,Not Met,Not Met
2025-12-22,SBC62201,Student Branch Chapter,Universidad Catolica de Colombia,COM19,0,0,No,No,Not Met,Not Met
2025-12-22,SBC62201B,Student Branch Chapter,Universidad Catolica de Colombia,ED15/NANO42,0,0,No,No,Not Met,Not Met
2025-12-22,SBC62201C,Student Branch Chapter,Universidad Catolica de Colombia,PHO36,0,0,No,No,Not Met,Not Met
2025-12-22,SBA62201S,Affinity Group,Universidad Catolica de Colombia,SIGHT,0,0,No,No,Not Met,Not Met
2025-12-22,SBA62201,Affinity Group,Universidad Catolica de Colombia,WIE,0,0,No,No,Not Met,Not Met
2025-12-22,SBC60951D,Student Branch Chapter,Universidad el Bosque,PE31,0,0,No,No,Not Met,Not Met
2025-12-22,SBA10591,Affinity Group,Universidad Francisco de Paula Santander,WIE,0,0,No,No,Not Met,Not Met
2025-12-22,SBC10591A,Student Branch Chapter,Universidad Francisco de Paula Santander,COM19,0,0,No,No,Not Met,Not Met
2025-12-22,SBC10591B,Student Branch Chapter,Universidad Francisco de Paula Santander,PE31,0,0,No,No,Not Met,Not Met
2025-12-22,SBC10591C,Student Branch Chapter,Universidad Francisco de Paula Santander,RA24,0,0,No,No,Not Met,Not Met
2025-12-22,SBC10591D,Student Branch Chapter,Universidad Francisco de Paula Santander,SP01,0,0,No,No,Not Met,Not Met
2025-12-22,SBC034111,Student Branch Chapter,Universidad INCCA de Colombia,RA24,0,0,No,No,Partial,Not Met
2025-12-22,SBC10511E,Student Branch Chapter,Universidad Industrial de Santander,AES10,0,0,No,No,Not Met,Not Met
2025-12-22,SBC06431I,Student Branch Chapter,Universidad Nacional De Colombia Sede Bogota,AES10,0,0,No,No,Partial,Not Met
2025-12-22,SBC08221,Student Branch Chapter,Universidad Pedagogica Nacional,E25,0,0,No,No,Not Met,Not Met
2025-12-22,SBA81721,Affinity Group,Universidad Piloto de Colombia,WIE,0,0,No,No,Not Met,Not Met
2025-12-22,SBC04081C,Student Branch Chapter,Universidad Santo Tomas - Tunja,AES10,0,0,No,No,Partial,Not Met
2025-12-22,SBC04081B,Student Branch Chapter,Universidad Santo Tomas - Tunja,RA24,0,0,No,No,Not Met,Not Met
2025-12-22,SBC01201,Student Branch Chapter,Universidad Sergio Arboleda,EMB18/RA24,0,0,No,No,Not Met,Not Met
2025-12-22,SBA01201,Affinity Group,Universidad Sergio Arboleda,WIE,0,0,No,No,Not Met,Not Met
2025-12-22,SBC14361A,Student Branch Chapter,Universidad de Antioquia,PE31,0,0,No,No,Not Met,Not Met
2025-12-22,SBC64151,Student Branch Chapter,Universidad de Narino,CIS11,0,0,No,No,Not Met,Not Met
2025-12-22,SBA64151,Affinity Group,Universidad de Narino,WIE,0,0,No,No,Partial,Not Met
2025-12-22,SBC64151A,Student Branch Chapter,Universidad de Narino,PE31,0,0,No,No,Not Met,Not Met
2025-12-22,SBC62571,Student Branch Chapter,Universidad de San Buenaventura,COM19,0,0,No,No,Not Met,Not Met
2025-12-22,SBC62571F,Student Branch Chapter,Universidad de San Buenaventura,CS23,0,0,No,No,Not Met,Not Met
2025-12-22,SBC62571A,Student Branch Chapter,Universidad de San Buenaventura,CT08,0,0,No,No,Not Met,Not Met
2025-12-22,SBC6257D,Student Branch Chapter,Universidad de San Buenaventura,EMB18,0,0,No,No,Not Met,Not Met
2025-12-22,SBC6257C,Student Branch Chapter,Universidad de San Buenaventura,IA34,0,0,No,No,Not Met,Not Met
2025-12-22,SBC6257A,Student Branch Chapter,Universidad de San Buenaventura,PE31,0,0,No,No,Not Met,Not Met
2025-12-22,SBC6257B,Student Branch Chapter,Universidad de San Buenaventura,RA24,0,0,No,No,Not Met,Not Met
2025-12-22,SBC62571D,Student Branch Chapter,Universidad de San Buenaventura,SMC28,0,0,No,No,Not Met,Not Met
2025-12-22,SBC66041B,Student Branch Chapter,Universidad de la Sabana,RA24,0,0,No,No,Not Met,Not Met
2025-12-22,SBC12991D,Student Branch Chapter,Universidad de los Andes,SP01,0,0,No,No,Not Met,Not Met
2025-12-22,SBC60951B,Student Branch Chapter,Universidad el Bosque,CS23,0,0,No,No,Partial,Not Met
2026-09-10,SBA64411,Affinity Group,Antonio Narino University,WIE,38,2,Yes,No,Met,Not Met
2026-09-10,SBA60236869,Affinity Group,Corporación Universitaria del Huila – CORHUILA,WIE,8,2,Yes,No,Met,Not Met
2026-09-10,SBA27011,Affinity Group,Escuela Colombiana De Ingenieria Julio Garavito,WIE,3,0,No,No,Partial,Not Met
2026-09-10,SBA05421,Affinity Group,Escuela Colombiana de Carreras Industriales,WIE,15,3,Yes,Yes,Met,Met
2026-09-10,SBA13041,Affinity Group,Escuela Tecnologica Instituto Tecnico Central,WIE,5,0,No,No,Not Met,Not Met
2026-09-10,SBA63981,Affinity Group,Granada Univ Militar Nueva,WIE,7,1,Yes,No,Not Met,Not Met
2026-09-10,SBA02571,Affinity Group,Icesi University,WIE,11,3,Yes,Yes,Met,Met
2026-09-10,SBA03103,Affinity Group,Institucion Universitaria CESMAG,WIE,0,0,No,No,Not Met,Not Met
2026-09-10,SBA04591,Affinity Group,Pontificia Univ Javeriana Sede Bogota,WIE,8,2,Yes,Yes,Partial,Not Met
2026-09-10,SBA62391,Affinity Group,Univ Cooperativa De Colombia Sede Bogota,WIE,0,0,No,No,Not Met,Not Met
2026-09-10,SBA18011,Affinity Group,Univ Distrital Francisco Jose de Caldas - Bolivar,WIE,20,1,Yes,No,Not Met,Not Met
2026-09-10,SBA04331,Affinity Group,Universidad Distrital Francisco Jose de Caldas,WIE,18,1,Yes,No,Not Met,Not Met
2026-09-10,SBA60951,Affinity Group,Universidad El Bosque,WIE,0,0,No,No,Not Met,Not Met
2026-09-10,SBA61301,Affinity Group,Universidad Nacional sede Manizales,WIE,1,1,No,Yes,Not Met,Not Met
2026-09-10,SBA09021,Affinity Group,Univ Pontificia Bolivariana (UPB),WIE,0,0,No,No,Not Met,Not Met
2026-09-10,SBA09851,Affinity Group,Univ Santo Tomas De Aquino,WIE,0,0,No,No,Not Met,Not Met
2026-09-10,SBA04331S,Affinity Group,Universidad Distrital Francisco Jose de Caldas,SIGHT,43,1,Yes,No,Not Met,Not Met
2026-09-10,SBA29341,Affinity Group,Universidad Autonoma de Occidente,WIE,0,0,No,No,Not Met,Not Met
2026-09-10,SBA62201S,Affinity Group,Universidad Catolica de Colombia,SIGHT,0,0,No,No,Not Met,Not Met
2026-09-10,SBA62201,Affinity Group,Universidad Catolica de Colombia,WIE,0,0,No,No,Not Met,Not Met
2026-09-10,SBA10591,Affinity Group,Universidad Francisco de Paula Santander,WIE,1,0,No,No,Not Met,Not Met
2026-09-10,SBA10511,Affinity Group,Universidad Industrial de Santander,WIE,12,2,Yes,Yes,Not Met,Not Met
2026-09-10,SBA13071,Affinity Group,Universidad Nacional Abierta y a Distancia,WIE,9,3,Yes,Yes,Met,Met
2026-09-10,SBA06431,Affinity Group,Universidad Nacional De Colombia Sede Bogota,WIE,18,3,Yes,Yes,Met,Met
2026-09-10,SBA81721,Affinity Group,Universidad Piloto de Colombia,WIE,1,0,No,No,Not Met,Not Met
2026-09-10,SBA64461,Affinity Group,Universidad Santiago de Cali,WIE,13,2,Yes,Yes,Partial,Not Met
2026-09-10,SBA04081S,Affinity Group,Universidad Santo Tomas - Tunja,SIGHT,26,1,Yes,No,Partial,Not Met
2026-09-10,SBA04081,Affinity Group,Universidad Santo Tomas - Tunja,WIE,21,1,Yes,No,Partial,Not Met
2026-09-10,SBA01201,Affinity Group,Universidad Sergio Arboleda,WIE,0,0,No,No,Not Met,Not Met
2026-09-10,SBA16735,Affinity Group,Universidad Surcolombiana,WIE,19,1,Yes,No,Partial,Not Met
2026-09-10,SBA17431,Affinity Group,Universidad Tecnologica de Pereira,WIE,3,0,No,No,Partial,Not Met
2026-09-10,SBA64151,Affinity Group,Universidad de Narino,WIE,0,0,No,No,Not Met,Not Met
2026-09-10,SBA62571,Affinity Group,Universidad de San Buenaventura,WIE,0,0,No,No,Not Met,Not Met
2026-09-10,SBA12991,Affinity Group,Universidad de los Andes,WIE,40,2,Yes,Yes,Partial,Not Met
2026-09-10,SBA09161,Affinity Group,Universidad del Cauca,WIE,35,1,Yes,No,Not Met,Not Met
2026-09-10,SBA65911,Affinity Group,Universidad del Quindio,WIE,7,2,Yes,Yes,Partial,Not Met
2026-09-10,SBA95801,Affinity Group,Universidad del Valle,WIE,32,3,Yes,Yes,Met,Met
2026-09-10,STB64411A,Student Branch,Antonio Narino University,,48,3,Yes,Yes,Met,Met
2026-09-10,STB60103228,Student Branch,Corporacion Universitaria Minuto de Dios UNIMINUTO,,0,0,No,No,Not Met,Not Met
2026-09-10,STB18371,Student Branch,Corporacion Universitaria Unitec,,0,0,No,No,Not Met,Not Met
2026-09-10,STB60236869,Student Branch,Corporación Universitaria del Huila – CORHUILA,,32,3,Yes,Yes,Met,Met
2026-09-10,STB40010389,Student Branch,De La Salle University,,6,1,No,No,Met,Not Met
2026-09-10,STB27011,Student Branch,Escuela Colombiana De Ingenieria Julio Garavito,,10,1,No,No,Met,Not Met
2026-09-10,STB05421,Student Branch,Escuela Colombiana de Carreras Industriales,,17,2,Yes,No,Met,Not Met
2026-09-10,STB60204105,Student Branch,Escuela De Aviacion Del Ejercito,,0,0,No,No,Not Met,Not Met
2026-09-10,STB13041,Student Branch,Escuela Tecnologica Instituto Tecnico Central,,9,0,No,No,Partial,Not Met
2026-09-10,STB60222205,Student Branch,Fundacion Universitaria Compensar,,3,0,No,No,Not Met,Not Met
2026-09-10,STB63981,Student Branch,Granada Univ Militar Nueva,,10,1,No,No,Met,Not Met
2026-09-10,STB02571,Student Branch,Icesi University,,46,3,Yes,Yes,Met,Met
2026-09-10,STB03103,Student Branch,Institucion Universitaria CESMAG,,0,0,No,No,Not Met,Not Met
2026-09-10,STB12561,Student Branch,Instituto Tecnologico Metropolitano,,1,0,No,No,Not Met,Not Met
2026-09-10,STB04591,Student Branch,Pontificia Univ Javeriana Sede Bogota,,49,3,Yes,Yes,Met,Met
2026-09-10,STB60181,Student Branch,Pontificia Universidad Javeriana-Cali,,1,0,No,No,Not Met,Not Met
2026-09-10,STB09881,Student Branch,Servicio Nacional de Aprendizale - Antioquia,,4,0,No,No,Not Met,Not Met
2026-09-10,STB60137284,Student Branch,Unidades Tecnologicas de Santander,,16,2,Yes,No,Met,Not Met
2026-09-10,STB62391,Student Branch,Univ Cooperativa De Colombia Sede Bogota,,0,0,No,No,Not Met,Not Met
2026-09-10,STB62121,Student Branch,Univ De Ibague - Coruniversitaria,,0,0,No,No,Not Met,Not Met
2026-09-10,STB18011,Student Branch,Univ Distrital Francisco Jose de Caldas - Bolivar,,25,2,Yes,No,Met,Not Met
2026-09-10,STB09021,Student Branch,Univ Pontificia Bolivariana (UPB),,5,0,No,No,Not Met,Not Met
2026-09-10,STB09851,Student Branch,Univ Santo Tomas De Aquino,,1,0,No,No,Not Met,Not Met
2026-09-10,STB65361,Student Branch,Universidad Autonoma de Bucaramanga,,0,0,No,No,Not Met,Not Met
2026-09-10,STB29341,Student Branch,Universidad Autonoma de Occidente,,1,0,No,No,Not Met,Not Met
2026-09-10,STB62201,Student Branch,Universidad Catolica de Colombia,,1,0,No,No,Not Met,Not Met
2026-09-10,STB65251,Student Branch,Universidad Central,,11,1,No,Yes,Partial,Not Met
2026-09-10,STB04331,Student Branch,Universidad Distrital Francisco Jose de Caldas,,79,3,Yes,Yes,Met,Met
2026-09-10,STB64421,Student Branch,Universidad EAFIT,,4,0,No,No,Not Met,Not Met
2026-09-10,STB10591,Student Branch,Universidad Francisco de Paula Santander,,2,1,No,No,Met,Not Met
2026-09-10,STB03411,Student Branch,Universidad INCCA de Colombia,,0,0,No,No,Not Met,Not Met
2026-09-10,STB10511,Student Branch,Universidad Industrial de Santander,,71,3,Yes,Yes,Met,Met
2026-09-10,STB65061A,Student Branch,Universidad Jorge Tadeo Lozano,,21,3,Yes,Yes,Met,Met
2026-09-10,STB14023,Student Branch,Universidad Mariana,,0,0,No,No,Not Met,Not Met
2026-09-10,STB13071,Student Branch,Universidad Nacional Abierta y a Distancia,,28,2,Yes,No,Met,Not Met
2026-09-10,STB06431,Student Branch,Universidad Nacional De Colombia Sede Bogota,,48,3,Yes,Yes,Met,Met
2026-09-10,STB66021,Student Branch,Universidad Nacional de Colombia Sede Medellin,,10,0,No,No,Not Met,Not Met
2026-09-10,STB61301,Student Branch,Universidad Nacional sede Manizales,,6,1,No,No,Met,Not Met
2026-09-10,STB08221,Student Branch,Universidad Pedagogica Nacional,,0,0,No,No,Not Met,Not Met
2026-09-10,STB60931,Student Branch,Universidad Pedagogica Y Tec de Colombia,,1,0,No,No,Not Met,Not Met
2026-09-10,STB81721,Student Branch,Universidad Piloto de Colombia,,14,3,Yes,Yes,Met,Met
2026-09-10,STB64461,Student Branch,Universidad Santiago de Cali,,25,1,Yes,No,Partial,Not Met
2026-09-10,STB04081,Student Branch,Universidad Santo Tomas - Tunja,,21,1,Yes,No,Partial,Not Met
2026-09-10,STB60232106,Student Branch,Universidad Santo Tomas-Bucaramanga,,31,3,Yes,Yes,Met,Met
2026-09-10,STB01201,Student Branch,Universidad Sergio Arboleda,,0,0,No,No,Not Met,Not Met
2026-09-10,STB16735,Student Branch,Universidad Surcolombiana,,25,2,Yes,No,Met,Not Met
2026-09-10,STB17431,Student Branch,Universidad Tecnologica de Pereira,,20,2,Yes,No,Met,Not Met
2026-09-10,STB14361,Student Branch,Universidad de Antioquia,,8,1,No,No,Met,Not Met
2026-09-10,STB64431,Student Branch,Universidad de Cundinamarca,,0,0,No,No,Not Met,Not Met
2026-09-10,STB64635,Student Branch,Universidad de Investigacion y Desarrollo,,0,0,No,No,Not Met,Not Met
2026-09-10,STB07871,Student Branch,Universidad de Medellin,,0,0,No,No,Not Met,Not Met
2026-09-10,STB64151,Student Branch,Universidad de Narino,,4,0,No,No,Not Met,Not Met
2026-09-10,STB62571,Student Branch,Universidad de San Buenaventura,,0,0,No,No,Not Met,Not Met
2026-09-10,STB07901,Student Branch,Universidad de San Buenaventura - Cali,,0,0,No,No,Not Met,Not Met
2026-09-10,STB66041,Student Branch,Universidad de la Sabana,,31,1,Yes,No,Partial,Not Met
2026-09-10,STB12991,Student Branch,Universidad de los Andes,,131,3,Yes,Yes,Met,Met
2026-09-10,STB02331,Student Branch,Universidad de los Llanos,,0,0,No,No,Not Met,Not Met
2026-09-10,STB09161,Student Branch,Universidad del Cauca,,53,3,Yes,Yes,Met,Met
2026-09-10,STB65911,Student Branch,Universidad del Quindio,,9,2,No,Yes,Met,Not Met
2026-09-10,STB99411,Student Branch,Universidad del Rosario,,12,2,Yes,No,Met,Not Met
2026-09-10,STB95801,Student Branch,Universidad del Valle,,107,3,Yes,Yes,Met,Met
2026-09-10,STB60951,Student Branch,Universidad El Bosque,,8,0,No,No,Partial,Not Met
2026-09-10,STB41556639,Student Branch,University of Pamplona,,43,1,Yes,No,Partial,Not Met
2026-09-10,STB03171,Student Branch,University of San Buenaventura,,2,0,No,No,Not Met,Not Met
2026-09-10,SBC64411D,Student Branch Chapter,Antonio Narino University,COM19,18,2,Yes,No,Met,Not Met
2026-09-10,SBC64411C,Student Branch Chapter,Antonio Narino University,EMB18,12,2,Yes,No,Met,Not Met
2026-09-10,SBC64411B,Student Branch Chapter,Antonio Narino University,RA24,25,2,Yes,No,Met,Not Met
2026-09-10,SBC64411A,Student Branch Chapter,Antonio Narino University,TEM14,20,2,Yes,No,Met,Not Met
2026-09-10,SBC60236869,Student Branch Chapter,Corporación Universitaria del Huila – CORHUILA,RA24,10,2,Yes,No,Met,Not Met
2026-09-10,SBC40010389B,Student Branch Chapter,De La Salle University,AES10,0,0,No,No,Not Met,Not Met
2026-09-10,SBC40010389A,Student Branch Chapter,De La Salle University,PE31,1,0,No,No,Partial,Not Met
2026-09-10,SBC40010389,Student Branch Chapter,De La Salle University,RA24,2,0,No,No,Not Met,Not Met
2026-09-10,SBC27011B,Student Branch Chapter,Escuela Colombiana De Ingenieria Julio Garavito,AES10,5,1,No,No,Met,Not Met
2026-09-10,SBC05421A,Student Branch Chapter,Escuela Colombiana de Carreras Industriales,AES10,2,0,No,No,Not Met,Not Met
2026-09-10,SBC05421B,Student Branch Chapter,Escuela Colombiana de Carreras Industriales,COM19,0,0,No,No,Not Met,Not Met
2026-09-10,SBC05421,Student Branch Chapter,Escuela Colombiana de Carreras Industriales,RA24,12,2,Yes,Yes,Partial,Not Met
2026-09-10,SBC05421C,Student Branch Chapter,Escuela Colombiana de Carreras Industriales,EMB18,1,0,No,No,Not Met,Not Met
2026-09-10,SBC27011A,Student Branch Chapter,Escuela Colombiana De Ingenieria Julio Garavito,PE31,0,0,No,No,Partial,Not Met
2026-09-10,SBC13041A,Student Branch Chapter,Escuela Tecnologica Instituto Tecnico Central,C16,1,0,No,No,Not Met,Not Met
2026-09-10,SBC13041B,Student Branch Chapter,Escuela Tecnologica Instituto Tecnico Central,RA24,6,1,Yes,No,Not Met,Not Met
2026-09-10,SBC13041C,Student Branch Chapter,Escuela Tecnologica Instituto Tecnico Central,AES10,1,0,No,No,Not Met,Not Met
2026-09-10,SBC13041D,Student Branch Chapter,Escuela Tecnologica Instituto Tecnico Central,OE22,0,0,No,No,Not Met,Not Met
2026-09-10,SBC0433N,Student Branch Chapter,Universidad Distrital Francisco Jose de Caldas,ED15,15,1,Yes,No,Not Met,Not Met
2026-09-10,SBC0433J,Student Branch Chapter,Universidad Distrital Francisco Jose de Caldas,IA34,15,1,Yes,No,Partial,Not Met
2026-09-10,SBC0433I,Student Branch Chapter,Universidad Distrital Francisco Jose de Caldas,RA24,33,1,Yes,No,Partial,Not Met
2026-09-10,SBC0433M,Student Branch Chapter,Universidad Distrital Francisco Jose de Caldas,TEM14,0,0,No,No,Not Met,Not Met
2026-09-10,SBC0433O,Student Branch Chapter,Universidad Distrital Francisco Jose de Caldas,E25,6,1,Yes,No,Not Met,Not Met
2026-09-10,SBC1051A,Student Branch Chapter,Universidad Industrial de Santander,C16,20,1,Yes,No,Not Met,Not Met
2026-09-10,SBC1051B,Student Branch Chapter,Universidad Industrial de Santander,CS23,6,1,Yes,No,Not Met,Not Met
2026-09-10,SBC63981E,Student Branch Chapter,Granada Univ Militar Nueva,AP03,0,0,No,No,Not Met,Not Met
2026-09-10,SBC6398A,Student Branch Chapter,Granada Univ Militar Nueva,C16,0,0,No,No,Not Met,Not Met
2026-09-10,SBC63981,Student Branch Chapter,Granada Univ Militar Nueva,COM19,0,0,No,No,Not Met,Not Met
2026-09-10,SBC63981C,Student Branch Chapter,Granada Univ Militar Nueva,CS23,0,0,No,No,Not Met,Not Met
2026-09-10,SBC6398C,Student Branch Chapter,Granada Univ Militar Nueva,IA34,0,0,No,No,Not Met,Not Met
2026-09-10,SBC6398B,Student Branch Chapter,Granada Univ Militar Nueva,RA24,0,0,No,No,Not Met,Not Met
2026-09-10,SBC6398E,Student Branch Chapter,Granada Univ Militar Nueva,TEM14,0,0,No,No,Not Met,Not Met
2026-09-10,SBC63981F,Student Branch Chapter,Granada Univ Militar Nueva,AES10,0,0,No,No,Not Met,Not Met
2026-09-10,SBC63981D,Student Branch Chapter,Granada Univ Militar Nueva,VT06,1,0,No,No,Not Met,Not Met
2026-09-10,SBC02571A,Student Branch Chapter,Icesi University,COM19,10,3,Yes,Yes,Met,Met
2026-09-10,SBC02571B,Student Branch Chapter,Icesi University,C16,11,3,Yes,Yes,Met,Met
2026-09-10,SBC02571C,Student Branch Chapter,Icesi University,CIS11,12,2,Yes,No,Met,Not Met
2026-09-10,SBC03103A,Student Branch Chapter,Institucion Universitaria CESMAG,PE31,0,0,No,No,Not Met,Not Met
2026-09-10,SBC03103,Student Branch Chapter,Institucion Universitaria CESMAG,RA24,0,0,No,No,Not Met,Not Met
2026-09-10,SBC02331,Student Branch Chapter,Universidad de los Llanos,IA34,0,0,No,No,Not Met,Not Met
2026-09-10,SBC04591H,Student Branch Chapter,Pontificia Univ Javeriana Sede Bogota,PE31,2,0,No,No,Partial,Not Met
2026-09-10,SBC04591F,Student Branch Chapter,Pontificia Univ Javeriana Sede Bogota,AES10,5,1,No,Yes,Partial,Not Met
2026-09-10,SBC04591C,Student Branch Chapter,Pontificia Univ Javeriana Sede Bogota,C16,8,2,Yes,Yes,Partial,Not Met
2026-09-10,SBC04591A,Student Branch Chapter,Pontificia Univ Javeriana Sede Bogota,CS23,1,0,No,No,Not Met,Not Met
2026-09-10,SBC04591E,Student Branch Chapter,Pontificia Univ Javeriana Sede Bogota,ED15,8,3,Yes,Yes,Met,Met
2026-09-10,SBC04591D,Student Branch Chapter,Pontificia Univ Javeriana Sede Bogota,EMB18,8,3,Yes,Yes,Met,Met
2026-09-10,SBC04591B,Student Branch Chapter,Pontificia Univ Javeriana Sede Bogota,IA34,1,0,No,No,Not Met,Not Met
2026-09-10,SBC04591K,Student Branch Chapter,Pontificia Univ Javeriana Sede Bogota,PE31,2,0,No,No,Partial,Not Met
2026-09-10,SBC04591J,Student Branch Chapter,Pontificia Univ Javeriana Sede Bogota,PHO36,4,2,No,Yes,Met,Not Met
2026-09-10,SBC04591G,Student Branch Chapter,Pontificia Univ Javeriana Sede Bogota,RA24,10,3,Yes,Yes,Met,Met
2026-09-10,SBC04591I,Student Branch Chapter,Pontificia Univ Javeriana Sede Bogota,SP01,0,0,No,No,Not Met,Not Met
2026-09-10,SBC06431H,Student Branch Chapter,Universidad Nacional De Colombia Sede Bogota,EMC27/NANO42/SEN39,10,1,Yes,No,Not Met,Not Met
2026-09-10,SBC62121A,Student Branch Chapter,Univ De Ibague - Coruniversitaria,IA34,0,0,No,No,Not Met,Not Met
2026-09-10,SBC18011A,Student Branch Chapter,Univ Distrital Francisco Jose de Caldas - Bolivar,RA24,4,0,No,No,Partial,Not Met
2026-09-10,SBC18011C,Student Branch Chapter,Univ Distrital Francisco Jose de Caldas - Bolivar,C16,3,0,No,No,Not Met,Not Met
2026-09-10,SBC18011B,Student Branch Chapter,Univ Distrital Francisco Jose de Caldas - Bolivar,COM19,22,1,Yes,No,Not Met,Not Met
2026-09-10,SBC18011,Student Branch Chapter,Univ Distrital Francisco Jose de Caldas - Bolivar,PE31,1,0,No,No,Not Met,Not Met
2026-09-10,SBC0433K,Student Branch Chapter,Universidad Distrital Francisco Jose de Caldas,AES10,2,0,No,No,Not Met,Not Met
2026-09-10,SBC0433D,Student Branch Chapter,Universidad Distrital Francisco Jose de Caldas,CAS04,24,1,Yes,No,Partial,Not Met
2026-09-10,SBC0433C,Student Branch Chapter,Universidad Distrital Francisco Jose de Caldas,CS23,4,0,No,No,Not Met,Not Met
2026-09-10,SBC0433L,Student Branch Chapter,Universidad Distrital Francisco Jose de Caldas,PEL35,12,3,Yes,Yes,Met,Met
2026-09-10,SBC0433A,Student Branch Chapter,Universidad Distrital Francisco Jose de Caldas,SP01,0,0,No,No,Not Met,Not Met
2026-09-10,SBC04331,Student Branch Chapter,Universidad Distrital Francisco Jose de Caldas,C16,12,1,Yes,No,Partial,Not Met
2026-09-10,SBC0433B,Student Branch Chapter,Universidad Distrital Francisco Jose de Caldas,COM19,14,1,Yes,No,Not Met,Not Met
2026-09-10,SBC0433F,Student Branch Chapter,Universidad Distrital Francisco Jose de Caldas,EMB18,13,1,Yes,No,Partial,Not Met
2026-09-10,SBC0433E,Student Branch Chapter,Universidad Distrital Francisco Jose de Caldas,GRS29,9,2,Yes,No,Met,Not Met
2026-09-10,SBC0433H,Student Branch Chapter,Universidad Distrital Francisco Jose de Caldas,PE31,15,2,Yes,No,Met,Not Met
2026-09-10,SBC60951,Student Branch Chapter,Universidad El Bosque,COM19,0,0,No,No,Not Met,Not Met
2026-09-10,SBC60951G,Student Branch Chapter,Universidad El Bosque,IA34,0,0,No,No,Not Met,Not Met
2026-09-10,SBC60951F,Student Branch Chapter,Universidad El Bosque,SIT30,2,0,No,No,Not Met,Not Met
2026-09-10,SBC61301A,Student Branch Chapter,Universidad Nacional sede Manizales,PE31,0,0,No,No,Not Met,Not Met
2026-09-10,SBC61301B,Student Branch Chapter,Universidad Nacional sede Manizales,ED15,0,0,No,No,Not Met,Not Met
2026-09-10,SBC090211,Student Branch Chapter,Univ Pontificia Bolivariana (UPB),COM19,0,0,No,No,Not Met,Not Met
2026-09-10,SBC0985A,Student Branch Chapter,Univ Santo Tomas De Aquino,C16,0,0,No,No,Not Met,Not Met
2026-09-10,SBC09851,Student Branch Chapter,Univ Santo Tomas De Aquino,COM19,0,0,No,No,Not Met,Not Met
2026-09-10,SBC09851B,Student Branch Chapter,Univ Santo Tomas De Aquino,PE31,0,0,No,No,Not Met,Not Met
2026-09-10,SBC0985B,Student Branch Chapter,Univ Santo Tomas De Aquino,RA24,1,0,No,No,Not Met,Not Met
2026-09-10,SBC09851A,Student Branch Chapter,Univ Santo Tomas De Aquino,SP01,0,0,No,No,Not Met,Not Met
2026-09-10,SBC17431B,Student Branch Chapter,Universidad Tecnologica de Pereira,CS23/SEN39/CSC41,1,0,No,No,Not Met,Not Met
2026-09-10,SBC65361,Student Branch Chapter,Universidad Autonoma de Bucaramanga,EMB18,0,0,No,No,Not Met,Not Met
2026-09-10,SBC65681,Student Branch Chapter,Universidad del Quindio,IA34,0,0,No,No,Not Met,Not Met
2026-09-10,SBC62201A,Student Branch Chapter,Universidad Catolica de Colombia,C16,0,0,No,No,Not Met,Not Met
2026-09-10,SBC62201,Student Branch Chapter,Universidad Catolica de Colombia,COM19,0,0,No,No,Not Met,Not Met
2026-09-10,SBC62201B,Student Branch Chapter,Universidad Catolica de Colombia,ED15/NANO42,0,0,No,No,Not Met,Not Met
2026-09-10,SBC62201C,Student Branch Chapter,Universidad Catolica de Colombia,PHO36,0,0,No,No,Not Met,Not Met
2026-09-10,SBC60951D,Student Branch Chapter,Universidad El Bosque,PE31,0,0,No,No,Not Met,Not Met
2026-09-10,SBC10591A,Student Branch Chapter,Universidad Francisco de Paula Santander,COM19,0,0,No,No,Not Met,Not Met
2026-09-10,SBC10591B,Student Branch Chapter,Universidad Francisco de Paula Santander,PE31,1,0,No,No,Not Met,Not Met
2026-09-10,SBC10591C,Student Branch Chapter,Universidad Francisco de Paula Santander,RA24,0,0,No,No,Not Met,Not Met
2026-09-10,SBC10591D,Student Branch Chapter,Universidad Francisco de Paula Santander,SP01,0,0,No,No,Not Met,Not Met
2026-09-10,SBC034111,Student Branch Chapter,Universidad INCCA de Colombia,RA24,0,0,No,No,Not Met,Not Met
2026-09-10,SBC10511E,Student Branch Chapter,Universidad Industrial de Santander,AES10,0,0,No,No,Partial,Not Met
2026-09-10,SBC10511I,Student Branch Chapter,Universidad Industrial de Santander,C16,20,3,Yes,Yes,Met,Met
2026-09-10,SBC10511H,Student Branch Chapter,Universidad Industrial de Santander,CS23,6,2,Yes,No,Met,Not Met
2026-09-10,SBC10511J,Student Branch Chapter,Universidad Industrial de Santander,E25,10,3,Yes,Yes,Met,Met
2026-09-10,SBC10511D,Student Branch Chapter,Universidad Industrial de Santander,ED15,21,2,Yes,No,Met,Not Met
2026-09-10,SBC10511C,Student Branch Chapter,Universidad Industrial de Santander,EMB18,15,1,Yes,No,Partial,Not Met
2026-09-10,SBC1015A,Student Branch Chapter,Universidad Industrial de Santander,PE31,8,3,Yes,Yes,Met,Met
2026-09-10,SBC10511G,Student Branch Chapter,Universidad Industrial de Santander,RA24,5,1,No,No,Met,Not Met
2026-09-10,SBC10511,Student Branch Chapter,Universidad Industrial de Santander,SP01,8,1,Yes,No,Not Met,Not Met
2026-09-10,SBC10511F,Student Branch Chapter,Universidad Industrial de Santander,SSC37,11,3,Yes,Yes,Met,Met
2026-09-10,SBC13071A,Student Branch Chapter,Universidad Nacional Abierta y a Distancia,AES10,8,3,Yes,Yes,Met,Met
2026-09-10,SBC13071,Student Branch Chapter,Universidad Nacional Abierta y a Distancia,C16,9,3,Yes,Yes,Met,Met
2026-09-10,SBC06431I,Student Branch Chapter,Universidad Nacional De Colombia Sede Bogota,AES10,2,0,No,No,Not Met,Not Met
2026-09-10,SBC06431G,Student Branch Chapter,Universidad Nacional De Colombia Sede Bogota,AP03,17,3,Yes,Yes,Met,Met
2026-09-10,SBC06431F,Student Branch Chapter,Universidad Nacional De Colombia Sede Bogota,C16,4,2,No,Yes,Met,Not Met
2026-09-10,SBC06431A,Student Branch Chapter,Universidad Nacional De Colombia Sede Bogota,CAS04,8,2,Yes,No,Met,Not Met
2026-09-10,SBC06431C,Student Branch Chapter,Universidad Nacional De Colombia Sede Bogota,COM19,2,0,No,No,Not Met,Not Met
2026-09-10,SBC06431J,Student Branch Chapter,Universidad Nacional De Colombia Sede Bogota,ED15,4,0,No,No,Partial,Not Met
2026-09-10,SBC06431E,Student Branch Chapter,Universidad Nacional De Colombia Sede Bogota,EMB18,5,0,No,No,Partial,Not Met
2026-09-10,SBC06431B,Student Branch Chapter,Universidad Nacional De Colombia Sede Bogota,IA34,0,0,No,No,Not Met,Not Met
2026-09-10,SBC064311,Student Branch Chapter,Universidad Nacional De Colombia Sede Bogota,PE31,5,1,No,No,Met,Not Met
2026-09-10,SBC06431D,Student Branch Chapter,Universidad Nacional De Colombia Sede Bogota,RA24,9,3,Yes,Yes,Met,Met
2026-09-10,SBC06431K,Student Branch Chapter,Universidad Nacional De Colombia Sede Bogota,TEM14,6,2,Yes,No,Met,Not Met
2026-09-10,SBC61301,Student Branch Chapter,Universidad Nacional sede Manizales,IA34,6,3,Yes,Yes,Met,Met
2026-09-10,SBC08221,Student Branch Chapter,Universidad Pedagogica Nacional,E25,0,0,No,No,Not Met,Not Met
2026-09-10,SBC64461,Student Branch Chapter,Universidad Santiago de Cali,C16,7,2,Yes,Yes,Partial,Not Met
2026-09-10,SBC64461B,Student Branch Chapter,Universidad Santiago de Cali,EMB18,8,3,Yes,Yes,Met,Met
2026-09-10,SBC64461A,Student Branch Chapter,Universidad Santiago de Cali,RA24,7,3,Yes,Yes,Met,Met
2026-09-10,SBC64461C,Student Branch Chapter,Universidad Santiago de Cali,SP01,6,1,Yes,No,Not Met,Not Met
2026-09-10,SBC04081C,Student Branch Chapter,Universidad Santo Tomas - Tunja,AES10,6,1,Yes,No,Partial,Not Met
2026-09-10,SBC04081A,Student Branch Chapter,Universidad Santo Tomas - Tunja,ED15,8,1,Yes,No,Not Met,Not Met
2026-09-10,SBC04081B,Student Branch Chapter,Universidad Santo Tomas - Tunja,RA24,9,2,Yes,No,Met,Not Met
2026-09-10,SBC60232106A,Student Branch Chapter,Universidad Santo Tomas-Bucaramanga,COM19,14,3,Yes,Yes,Met,Met
2026-09-10,SBC60232106,Student Branch Chapter,Universidad Santo Tomas-Bucaramanga,RA24,16,3,Yes,Yes,Met,Met
2026-09-10,SBC01201,Student Branch Chapter,Universidad Sergio Arboleda,EMB18/RA24,0,0,No,No,Not Met,Not Met
2026-09-10,SBC16735A,Student Branch Chapter,Universidad Surcolombiana,CS23,0,0,No,No,Not Met,Not Met
2026-09-10,SBC16735,Student Branch Chapter,Universidad Surcolombiana,RA24,8,2,Yes,Yes,Partial,Not Met
2026-09-10,SBC16735B,Student Branch Chapter,Universidad Surcolombiana,PE31,16,2,Yes,No,Met,Not Met
2026-09-10,SBC17431,Student Branch Chapter,Universidad Tecnologica de Pereira,PE31,2,0,No,No,Not Met,Not Met
2026-09-10,SBC17431A,Student Branch Chapter,Universidad Tecnologica de Pereira,PEL35,5,0,No,No,Not Met,Not Met
2026-09-10,SBC17431E,Student Branch Chapter,Universidad Tecnologica de Pereira,AES10,0,0,No,No,Not Met,Not Met
2026-09-10,SBC17431F,Student Branch Chapter,Universidad Tecnologica de Pereira,CAS04,11,3,Yes,Yes,Met,Met
2026-09-10,SBC17431C,Student Branch Chapter,Universidad Tecnologica de Pereira,IA34,0,0,No,No,Not Met,Not Met
2026-09-10,SBC17431D,Student Branch Chapter,Universidad Tecnologica de Pereira,RA24,1,0,No,No,Not Met,Not Met
2026-09-10,SBC14361A,Student Branch Chapter,Universidad de Antioquia,PE31,0,0,No,No,Not Met,Not Met
2026-09-10,SBC64151,Student Branch Chapter,Universidad de Narino,CIS11,0,0,No,No,Not Met,Not Met
2026-09-10,SBC64151B,Student Branch Chapter,Universidad de Narino,RA24,1,0,No,No,Not Met,Not Met
2026-09-10,SBC64151A,Student Branch Chapter,Universidad de Narino,PE31,0,0,No,No,Not Met,Not Met
2026-09-10,SBC07901A,Student Branch Chapter,Universidad de San Buenaventura - Cali,C16,0,0,No,No,Not Met,Not Met
2026-09-10,SBC07901B,Student Branch Chapter,Universidad de San Buenaventura - Cali,ED15,0,0,No,No,Not Met,Not Met
2026-09-10,SBC62571,Student Branch Chapter,Universidad de San Buenaventura,COM19,0,0,No,No,Not Met,Not Met
2026-09-10,SBC62571F,Student Branch Chapter,Universidad de San Buenaventura,CS23,0,0,No,No,Not Met,Not Met
2026-09-10,SBC62571A,Student Branch Chapter,Universidad de San Buenaventura,CT08,0,0,No,No,Not Met,Not Met
2026-09-10,SBC62571E,Student Branch Chapter,Universidad de San Buenaventura,ED15,0,0,No,No,Not Met,Not Met
2026-09-10,SBC6257D,Student Branch Chapter,Universidad de San Buenaventura,EMB18,0,0,No,No,Not Met,Not Met
2026-09-10,SBC6257C,Student Branch Chapter,Universidad de San Buenaventura,IA34,0,0,No,No,Not Met,Not Met
2026-09-10,SBC6257A,Student Branch Chapter,Universidad de San Buenaventura,PE31,0,0,No,No,Not Met,Not Met
2026-09-10,SBC6257B,Student Branch Chapter,Universidad de San Buenaventura,RA24,0,0,No,No,Not Met,Not Met
2026-09-10,SBC62571D,Student Branch Chapter,Universidad de San Buenaventura,SMC28,0,0,No,No,Not Met,Not Met
2026-09-10,SBC66041A,Student Branch Chapter,Universidad de la Sabana,C16,3,0,No,No,Partial,Not Met
2026-09-10,SBC66041B,Student Branch Chapter,Universidad de la Sabana,RA24,7,1,Yes,No,Not Met,Not Met
2026-09-10,SBC12991K,Student Branch Chapter,Universidad de los Andes,AES10,2,1,No,No,Met,Not Met
2026-09-10,SBC12991H,Student Branch Chapter,Universidad de los Andes,C16,22,3,Yes,Yes,Met,Met
2026-09-10,SBC12991C,Student Branch Chapter,Universidad de los Andes,CAS04,14,3,Yes,Yes,Met,Met
2026-09-10,SBC12991E,Student Branch Chapter,Universidad de los Andes,CIS11,11,2,Yes,No,Met,Not Met
2026-09-10,SBC12991B,Student Branch Chapter,Universidad de los Andes,COM19,12,2,Yes,Yes,Partial,Not Met
2026-09-10,SBC12991A,Student Branch Chapter,Universidad de los Andes,CS23,6,3,Yes,Yes,Met,Met
2026-09-10,SBC12991M,Student Branch Chapter,Universidad de los Andes,E25,16,3,Yes,Yes,Met,Met
2026-09-10,SBC12991J,Student Branch Chapter,Universidad de los Andes,ED15,16,2,Yes,No,Met,Not Met
2026-09-10,SBC12991L,Student Branch Chapter,Universidad de los Andes,EMB18,20,3,Yes,Yes,Met,Met
2026-09-10,SBC12991G,Student Branch Chapter,Universidad de los Andes,IA34,20,3,Yes,Yes,Met,Met
2026-09-10,SBC12991F,Student Branch Chapter,Universidad de los Andes,PE31,22,3,Yes,Yes,Met,Met
2026-09-10,SBC12991O,Student Branch Chapter,Universidad de los Andes,PEL35,18,3,Yes,Yes,Met,Met
2026-09-10,SBC12991I,Student Branch Chapter,Universidad de los Andes,RA24,19,3,Yes,Yes,Met,Met
2026-09-10,SBC12991D,Student Branch Chapter,Universidad de los Andes,SP01,0,0,No,No,Not Met,Not Met
2026-09-10,SBC12991P,Student Branch Chapter,Universidad de los Andes,SSC37,8,2,Yes,Yes,Partial,Not Met
2026-09-10,SBC12991N,Student Branch Chapter,Universidad de los Andes,VT06,3,0,No,No,Not Met,Not Met
2026-09-10,SBC09161C,Student Branch Chapter,Universidad del Cauca,AES10,10,3,Yes,Yes,Met,Met
2026-09-10,SBC09161B,Student Branch Chapter,Universidad del Cauca,C16,10,1,Yes,No,Not Met,Not Met
2026-09-10,SBC09161,Student Branch Chapter,Universidad del Cauca,C16/COM19,20,1,Yes,No,Not Met,Not Met
2026-09-10,SBC09161A,Student Branch Chapter,Universidad del Cauca,COM19,16,1,Yes,No,Not Met,Not Met
2026-09-10,SBC09161D,Student Branch Chapter,Universidad del Cauca,ED15,19,1,Yes,No,Not Met,Not Met
2026-09-10,SBC09161E,Student Branch Chapter,Universidad del Cauca,RA24,17,2,Yes,No,Met,Not Met
2026-09-10,SBC65911,Student Branch Chapter,Universidad del Quindio,ED15,7,3,Yes,Yes,Met,Met
2026-09-10,SBC99411C,Student Branch Chapter,Universidad del Rosario,C16,5,1,No,No,Met,Not Met
2026-09-10,SBC99411B,Student Branch Chapter,Universidad del Rosario,CIS11,1,0,No,No,Partial,Not Met
2026-09-10,SBC99411,Student Branch Chapter,Universidad del Rosario,EMB18,3,0,No,No,Not Met,Not Met
2026-09-10,SBC99411A,Student Branch Chapter,Universidad del Rosario,RA24,2,0,No,No,Not Met,Not Met
2026-09-10,SBC95801,Student Branch Chapter,Universidad del Valle,CAS04,39,3,Yes,Yes,Met,Met
2026-09-10,SBC95801A,Student Branch Chapter,Universidad del Valle,RA24,26,3,Yes,Yes,Met,Met
2026-09-10,SBC95801C,Student Branch Chapter,Universidad del Valle,AES10,11,2,Yes,Yes,Partial,Not Met
2026-09-10,SBC95801G,Student Branch Chapter,Universidad del Valle,C16,27,3,Yes,Yes,Met,Met
2026-09-10,SBC95801H,Student Branch Chapter,Universidad del Valle,COM19,17,2,Yes,No,Met,Not Met
2026-09-10,SBC95801D,Student Branch Chapter,Universidad del Valle,CS23,12,2,Yes,No,Met,Not Met
2026-09-10,SBC95801F,Student Branch Chapter,Universidad del Valle,IM09,17,3,Yes,Yes,Met,Met
2026-09-10,SBC95801B,Student Branch Chapter,Universidad del Valle,PE31,18,2,Yes,Yes,Partial,Not Met
2026-09-10,SBC95801E,Student Branch Chapter,Universidad del Valle,PHO36,1,0,No,No,Not Met,Not Met
2026-09-10,SBC60951A,Student Branch Chapter,Universidad El Bosque,C16,2,0,No,No,Not Met,Not Met
2026-09-10,SBC60951B,Student Branch Chapter,Universidad El Bosque,CS23,0,0,No,No,Not Met,Not Met
2026-09-10,SBC60951C,Student Branch Chapter,Universidad El Bosque,EMB18,4,1,No,No,Met,Not Met
2026-09-10,SBC60951E,Student Branch Chapter,Universidad El Bosque,RA24,0,0,No,No,Not Met,Not Met
2026-09-10,SBC41556639,Student Branch Chapter,University of Pamplona,CIS11,12,2,Yes,No,Met,Not Met
2026-09-10,SBC41556639A,Student Branch Chapter,University of Pamplona,PE31,6,2,Yes,No,Met,Not Met
2026-09-11,SBA64411,Affinity Group,Antonio Narino University,WIE,38,2,Yes,No,Met,Not Met
2026-09-11,SBA60236869,Affinity Group,Corporación Universitaria del Huila – CORHUILA,WIE,8,2,Yes,No,Met,Not Met
2026-09-11,SBA27011,Affinity Group,Escuela Colombiana De Ingenieria Julio Garavito,WIE,3,0,No,No,Partial,Not Met
2026-09-11,SBA05421,Affinity Group,Escuela Colombiana de Carreras Industriales,WIE,15,3,Yes,Yes,Met,Met
2026-09-11,SBA13041,Affinity Group,Escuela Tecnologica Instituto Tecnico Central,WIE,5,0,No,No,Not Met,Not Met
2026-09-11,SBA63981,Affinity Group,Granada Univ Militar Nueva,WIE,7,1,Yes,No,Not Met,Not Met
2026-09-11,SBA02571,Affinity Group,Icesi University,WIE,11,3,Yes,Yes,Met,Met
2026-09-11,SBA03103,Affinity Group,Institucion Universitaria CESMAG,WIE,0,0,No,No,Not Met,Not Met
2026-09-11,SBA04591,Affinity Group,Pontificia Univ Javeriana Sede Bogota,WIE,8,2,Yes,Yes,Partial,Not Met
2026-09-11,SBA62391,Affinity Group,Univ Cooperativa De Colombia Sede Bogota,WIE,0,0,No,No,Not Met,Not Met
2026-09-11,SBA18011,Affinity Group,Univ Distrital Francisco Jose de Caldas - Bolivar,WIE,20,1,Yes,No,Not Met,Not Met
2026-09-11,SBA04331,Affinity Group,Universidad Distrital Francisco Jose de Caldas,WIE,18,1,Yes,No,Not Met,Not Met
2026-09-11,SBA60951,Affinity Group,Universidad El Bosque,WIE,0,0,No,No,Not Met,Not Met
2026-09-11,SBA61301,Affinity Group,Universidad Nacional sede Manizales,WIE,1,1,No,Yes,Not Met,Not Met
2026-09-11,SBA09021,Affinity Group,Univ Pontificia Bolivariana (UPB),WIE,0,0,No,No,Not Met,Not Met
2026-09-11,SBA09851,Affinity Group,Univ Santo Tomas De Aquino,WIE,0,0,No,No,Not Met,Not Met
2026-09-11,SBA04331S,Affinity Group,Universidad Distrital Francisco Jose de Caldas,SIGHT,43,1,Yes,No,Not Met,Not Met
2026-09-11,SBA29341,Affinity Group,Universidad Autonoma de Occidente,WIE,0,0,No,No,Not Met,Not Met
2026-09-11,SBA62201S,Affinity Group,Universidad Catolica de Colombia,SIGHT,0,0,No,No,Not Met,Not Met
2026-09-11,SBA62201,Affinity Group,Universidad Catolica de Colombia,WIE,0,0,No,No,Not Met,Not Met
2026-09-11,SBA10591,Affinity Group,Universidad Francisco de Paula Santander,WIE,1,0,No,No,Not Met,Not Met
2026-09-11,SBA10511,Affinity Group,Universidad Industrial de Santander,WIE,12,2,Yes,Yes,Not Met,Not Met
2026-09-11,SBA13071,Affinity Group,Universidad Nacional Abierta y a Distancia,WIE,9,3,Yes,Yes,Met,Met
2026-09-11,SBA06431,Affinity Group,Universidad Nacional De Colombia Sede Bogota,WIE,18,3,Yes,Yes,Met,Met
2026-09-11,SBA81721,Affinity Group,Universidad Piloto de Colombia,WIE,1,0,No,No,Not Met,Not Met
2026-09-11,SBA64461,Affinity Group,Universidad Santiago de Cali,WIE,13,2,Yes,Yes,Partial,Not Met
2026-09-11,SBA04081S,Affinity Group,Universidad Santo Tomas - Tunja,SIGHT,26,1,Yes,No,Partial,Not Met
2026-09-11,SBA04081,Affinity Group,Universidad Santo Tomas - Tunja,WIE,21,1,Yes,No,Partial,Not Met
2026-09-11,SBA01201,Affinity Group,Universidad Sergio Arboleda,WIE,0,0,No,No,Not Met,Not Met
2026-09-11,SBA16735,Affinity Group,Universidad Surcolombiana,WIE,19,1,Yes,No,Partial,Not Met
2026-09-11,SBA17431,Affinity Group,Universidad Tecnologica de Pereira,WIE,3,0,No,No,Partial,Not Met
2026-09-11,SBA64151,Affinity Group,Universidad de Narino,WIE,0,0,No,No,Not Met,Not Met
2026-09-11,SBA62571,Affinity Group,Universidad de San Buenaventura,WIE,0,0,No,No,Not Met,Not Met
2026-09-11,SBA12991,Affinity Group,Universidad de los Andes,WIE,40,2,Yes,Yes,Partial,Not Met
2026-09-11,SBA09161,Affinity Group,Universidad del Cauca,WIE,35,1,Yes,No,Not Met,Not Met
2026-09-11,SBA65911,Affinity Group,Universidad del Quindio,WIE,7,2,Yes,Yes,Partial,Not Met
2026-09-11,SBA95801,Affinity Group,Universidad del Valle,WIE,32,3,Yes,Yes,Met,Met
2026-09-11,STB64411A,Student Branch,Antonio Narino University,,48,3,Yes,Yes,Met,Met
2026-09-11,STB60103228,Student Branch,Corporacion Universitaria Minuto de Dios UNIMINUTO,,0,0,No,No,Not Met,Not Met
2026-09-11,STB18371,Student Branch,Corporacion Universitaria Unitec,,0,0,No,No,Not Met,Not Met
2026-09-11,STB60236869,Student Branch,Corporación Universitaria del Huila – CORHUILA,,32,3,Yes,Yes,Met,Met
2026-09-11,STB40010389,Student Branch,De La Salle University,,6,1,No,No,Met,Not Met
2026-09-11,STB27011,Student Branch,Escuela Colombiana De Ingenieria Julio Garavito,,10,1,No,No,Met,Not Met
2026-09-11,STB05421,Student Branch,Escuela Colombiana de Carreras Industriales,,17,2,Yes,No,Met,Not Met
2026-09-11,STB60204105,Student Branch,Escuela De Aviacion Del Ejercito,,0,0,No,No,Not Met,Not Met
2026-09-11,STB13041,Student Branch,Escuela Tecnologica Instituto Tecnico Central,,9,0,No,No,Partial,Not Met
2026-09-11,STB60222205,Student Branch,Fundacion Universitaria Compensar,,3,0,No,No,Not Met,Not Met
2026-09-11,STB63981,Student Branch,Granada Univ Militar Nueva,,11,1,No,No,Met,Not Met
2026-09-11,STB02571,Student Branch,Icesi University,,46,3,Yes,Yes,Met,Met
2026-09-11,STB03103,Student Branch,Institucion Universitaria CESMAG,,0,0,No,No,Not Met,Not Met
2026-09-11,STB12561,Student Branch,Instituto Tecnologico Metropolitano,,1,0,No,No,Not Met,Not Met
2026-09-11,STB04591,Student Branch,Pontificia Univ Javeriana Sede Bogota,,49,3,Yes,Yes,Met,Met
2026-09-11,STB60181,Student Branch,Pontificia Universidad Javeriana-Cali,,1,0,No,No,Not Met,Not Met
2026-09-11,STB09881,Student Branch,Servicio Nacional de Aprendizale - Antioquia,,4,0,No,No,Not Met,Not Met
2026-09-11,STB60137284,Student Branch,Unidades Tecnologicas de Santander,,16,2,Yes,No,Met,Not Met
2026-09-11,STB62391,Student Branch,Univ Cooperativa De Colombia Sede Bogota,,0,0,No,No,Not Met,Not Met
2026-09-11,STB62121,Student Branch,Univ De Ibague - Coruniversitaria,,0,0,No,No,Not Met,Not Met
2026-09-11,STB18011,Student Branch,Univ Distrital Francisco Jose de Caldas - Bolivar,,25,2,Yes,No,Met,Not Met
2026-09-11,STB09021,Student Branch,Univ Pontificia Bolivariana (UPB),,5,0,No,No,Not Met,Not Met
2026-09-11,STB09851,Student Branch,Univ Santo Tomas De Aquino,,1,0,No,No,Not Met,Not Met
2026-09-11,STB65361,Student Branch,Universidad Autonoma de Bucaramanga,,0,0,No,No,Not Met,Not Met
2026-09-11,STB29341,Student Branch,Universidad Autonoma de Occidente,,1,0,No,No,Not Met,Not Met
2026-09-11,STB62201,Student Branch,Universidad Catolica de Colombia,,1,0,No,No,Not Met,Not Met
2026-09-11,STB65251,Student Branch,Universidad Central,,11,1,No,Yes,Partial,Not Met
2026-09-11,STB04331,Student Branch,Universidad Distrital Francisco Jose de Caldas,,79,3,Yes,Yes,Met,Met
2026-09-11,STB64421,Student Branch,Universidad EAFIT,,4,0,No,No,Not Met,Not Met
2026-09-11,STB10591,Student Branch,Universidad Francisco de Paula Santander,,2,1,No,No,Met,Not Met
2026-09-11,STB03411,Student Branch,Universidad INCCA de Colombia,,0,0,No,No,Not Met,Not Met
2026-09-11,STB10511,Student Branch,Universidad Industrial de Santander,,71,3,Yes,Yes,Met,Met
2026-09-11,STB65061A,Student Branch,Universidad Jorge Tadeo Lozano,,21,3,Yes,Yes,Met,Met
2026-09-11,STB14023,Student Branch,Universidad Mariana,,0,0,No,No,Not Met,Not Met
2026-09-11,STB13071,Student Branch,Universidad Nacional Abierta y a Distancia,,28,2,Yes,No,Met,Not Met
2026-09-11,STB06431,Student Branch,Universidad Nacional De Colombia Sede Bogota,,48,3,Yes,Yes,Met,Met
2026-09-11,STB66021,Student Branch,Universidad Nacional de Colombia Sede Medellin,,10,0,No,No,Not Met,Not Met
2026-09-11,STB61301,Student Branch,Universidad Nacional sede Manizales,,6,1,No,No,Met,Not Met
2026-09-11,STB08221,Student Branch,Universidad Pedagogica Nacional,,0,0,No,No,Not Met,Not Met
2026-09-11,STB60931,Student Branch,Universidad Pedagogica Y Tec de Colombia,,1,0,No,No,Not Met,Not Met
2026-09-11,STB81721,Student Branch,Universidad Piloto de Colombia,,14,3,Yes,Yes,Met,Met
2026-09-11,STB64461,Student Branch,Universidad Santiago de Cali,,25,2,Yes,No,Met,Not Met
2026-09-11,STB04081,Student Branch,Universidad Santo Tomas - Tunja,,21,1,Yes,No,Partial,Not Met
2026-09-11,STB60232106,Student Branch,Universidad Santo Tomas-Bucaramanga,,32,3,Yes,Yes,Met,Met
2026-09-11,STB01201,Student Branch,Universidad Sergio Arboleda,,0,0,No,No,Not Met,Not Met
2026-09-11,STB16735,Student Branch,Universidad Surcolombiana,,25,2,Yes,No,Met,Not Met
2026-09-11,STB17431,Student Branch,Universidad Tecnologica de Pereira,,20,2,Yes,No,Met,Not Met
2026-09-11,STB14361,Student Branch,Universidad de Antioquia,,9,1,No,No,Met,Not Met
2026-09-11,STB64431,Student Branch,Universidad de Cundinamarca,,0,0,No,No,Not Met,Not Met
2026-09-11,STB64635,Student Branch,Universidad de Investigacion y Desarrollo,,0,0,No,No,Not Met,Not Met
2026-09-11,STB07871,Student Branch,Universidad de Medellin,,0,0,No,No,Not Met,Not Met
2026-09-11,STB64151,Student Branch,Universidad de Narino,,4,0,No,No,Not Met,Not Met
2026-09-11,STB62571,Student Branch,Universidad de San Buenaventura,,0,0,No,No,Not Met,Not Met
2026-09-11,STB07901,Student Branch,Universidad de San Buenaventura - Cali,,0,0,No,No,Not Met,Not Met
2026-09-11,STB66041,Student Branch,Universidad de la Sabana,,31,1,Yes,No,Partial,Not Met
2026-09-11,STB12991,Student Branch,Universidad de los Andes,,131,3,Yes,Yes,Met,Met
2026-09-11,STB02331,Student Branch,Universidad de los Llanos,,0,0,No,No,Not Met,Not Met
2026-09-11,STB09161,Student Branch,Universidad del Cauca,,53,3,Yes,Yes,Met,Met
2026-09-11,STB65911,Student Branch,Universidad del Quindio,,9,2,No,Yes,Met,Not Met
2026-09-11,STB99411,Student Branch,Universidad del Rosario,,12,2,Yes,No,Met,Not Met
2026-09-11,STB95801,Student Branch,Universidad del Valle,,107,3,Yes,Yes,Met,Met
2026-09-11,STB60951,Student Branch,Universidad El Bosque,,8,0,No,No,Partial,Not Met
2026-09-11,STB41556639,Student Branch,University of Pamplona,,43,1,Yes,No,Partial,Not Met
2026-09-11,STB03171,Student Branch,University of San Buenaventura,,2,0,No,No,Not Met,Not Met
2026-09-11,SBC64411D,Student Branch Chapter,Antonio Narino University,COM19,18,2,Yes,No,Met,Not Met
2026-09-11,SBC64411C,Student Branch Chapter,Antonio Narino University,EMB18,12,2,Yes,No,Met,Not Met
2026-09-11,SBC64411B,Student Branch Chapter,Antonio Narino University,RA24,25,2,Yes,No,Met,Not Met
2026-09-11,SBC64411A,Student Branch Chapter,Antonio Narino University,TEM14,20,2,Yes,No,Met,Not Met
2026-09-11,SBC60236869,Student Branch Chapter,Corporación Universitaria del Huila – CORHUILA,RA24,10,2,Yes,No,Met,Not Met
2026-09-11,SBC40010389B,Student Branch Chapter,De La Salle University,AES10,0,0,No,No,Not Met,Not Met
2026-09-11,SBC40010389A,Student Branch Chapter,De La Salle University,PE31,1,0,No,No,Partial,Not Met
2026-09-11,SBC40010389,Student Branch Chapter,De La Salle University,RA24,2,0,No,No,Not Met,Not Met
2026-09-11,SBC27011B,Student Branch Chapter,Escuela Colombiana De Ingenieria Julio Garavito,AES10,5,1,No,No,Met,Not Met
2026-09-11,SBC05421A,Student Branch Chapter,Escuela Colombiana de Carreras Industriales,AES10,2,0,No,No,Not Met,Not Met
2026-09-11,SBC05421B,Student Branch Chapter,Escuela Colombiana de Carreras Industriales,COM19,0,0,No,No,Not Met,Not Met
2026-09-11,SBC05421,Student Branch Chapter,Escuela Colombiana de Carreras Industriales,RA24,12,2,Yes,Yes,Partial,Not Met
2026-09-11,SBC05421C,Student Branch Chapter,Escuela Colombiana de Carreras Industriales,EMB18,1,0,No,No,Not Met,Not Met
2026-09-11,SBC27011A,Student Branch Chapter,Escuela Colombiana De Ingenieria Julio Garavito,PE31,0,0,No,No,Partial,Not Met
2026-09-11,SBC13041A,Student Branch Chapter,Escuela Tecnologica Instituto Tecnico Central,C16,1,0,No,No,Not Met,Not Met
2026-09-11,SBC13041B,Student Branch Chapter,Escuela Tecnologica Instituto Tecnico Central,RA24,6,1,Yes,No,Not Met,Not Met
2026-09-11,SBC13041C,Student Branch Chapter,Escuela Tecnologica Instituto Tecnico Central,AES10,1,0,No,No,Not Met,Not Met
2026-09-11,SBC13041D,Student Branch Chapter,Escuela Tecnologica Instituto Tecnico Central,OE22,0,0,No,No,Not Met,Not Met
2026-09-11,SBC0433N,Student Branch Chapter,Universidad Distrital Francisco Jose de Caldas,ED15,15,1,Yes,No,Not Met,Not Met
2026-09-11,SBC0433J,Student Branch Chapter,Universidad Distrital Francisco Jose de Caldas,IA34,15,1,Yes,No,Partial,Not Met
2026-09-11,SBC0433I,Student Branch Chapter,Universidad Distrital Francisco Jose de Caldas,RA24,33,1,Yes,No,Partial,Not Met
2026-09-11,SBC0433M,Student Branch Chapter,Universidad Distrital Francisco Jose de Caldas,TEM14,0,0,No,No,Not Met,Not Met
2026-09-11,SBC0433O,Student Branch Chapter,Universidad Distrital Francisco Jose de Caldas,E25,6,1,Yes,No,Not Met,Not Met
2026-09-11,SBC1051A,Student Branch Chapter,Universidad Industrial de Santander,C16,20,1,Yes,No,Not Met,Not Met
2026-09-11,SBC1051B,Student Branch Chapter,Universidad Industrial de Santander,CS23,6,1,Yes,No,Not Met,Not Met
2026-09-11,SBC63981E,Student Branch Chapter,Granada Univ Militar Nueva,AP03,0,0,No,No,Not Met,Not Met
2026-09-11,SBC6398A,Student Branch Chapter,Granada Univ Militar Nueva,C16,0,0,No,No,Not Met,Not Met
2026-09-11,SBC63981,Student Branch Chapter,Granada Univ Militar Nueva,COM19,0,0,No,No,Not Met,Not Met
2026-09-11,SBC63981C,Student Branch Chapter,Granada Univ Militar Nueva,CS23,0,0,No,No,Not Met,Not Met
2026-09-11,SBC6398C,Student Branch Chapter,Granada Univ Militar Nueva,IA34,0,0,No,No,Not Met,Not Met
2026-09-11,SBC6398B,Student Branch Chapter,Granada Univ Militar Nueva,RA24,0,0,No,No,Not Met,Not Met
2026-09-11,SBC6398E,Student Branch Chapter,Granada Univ Militar Nueva,TEM14,0,0,No,No,Not Met,Not Met
2026-09-11,SBC63981F,Student Branch Chapter,Granada Univ Militar Nueva,AES10,0,0,No,No,Not Met,Not Met
2026-09-11,SBC63981D,Student Branch Chapter,Granada Univ Militar Nueva,VT06,1,0,No,No,Not Met,Not Met
2026-09-11,SBC02571A,Student Branch Chapter,Icesi University,COM19,10,3,Yes,Yes,Met,Met
2026-09-11,SBC02571B,Student Branch Chapter,Icesi University,C16,11,3,Yes,Yes,Met,Met
2026-09-11,SBC02571C,Student Branch Chapter,Icesi University,CIS11,12,2,Yes,No,Met,Not Met
2026-09-11,SBC03103A,Student Branch Chapter,Institucion Universitaria CESMAG,PE31,0,0,No,No,Not Met,Not Met
2026-09-11,SBC03103,Student Branch Chapter,Institucion Universitaria CESMAG,RA24,0,0,No,No,Not Met,Not Met
2026-09-11,SBC02331,Student Branch Chapter,Universidad de los Llanos,IA34,0,0,No,No,Not Met,Not Met
2026-09-11,SBC04591H,Student Branch Chapter,Pontificia Univ Javeriana Sede Bogota,PE31,2,0,No,No,Partial,Not Met
2026-09-11,SBC04591F,Student Branch Chapter,Pontificia Univ Javeriana Sede Bogota,AES10,5,1,No,Yes,Partial,Not Met
2026-09-11,SBC04591C,Student Branch Chapter,Pontificia Univ Javeriana Sede Bogota,C16,8,2,Yes,Yes,Partial,Not Met
2026-09-11,SBC04591A,Student Branch Chapter,Pontificia Univ Javeriana Sede Bogota,CS23,1,0,No,No,Not Met,Not Met
2026-09-11,SBC04591E,Student Branch Chapter,Pontificia Univ Javeriana Sede Bogota,ED15,8,3,Yes,Yes,Met,Met
2026-09-11,SBC04591D,Student Branch Chapter,Pontificia Univ Javeriana Sede Bogota,EMB18,8,3,Yes,Yes,Met,Met
2026-09-11,SBC04591B,Student Branch Chapter,Pontificia Univ Javeriana Sede Bogota,IA34,1,0,No,No,Not Met,Not Met
2026-09-11,SBC04591K,Student Branch Chapter,Pontificia Univ Javeriana Sede Bogota,PE31,2,0,No,No,Partial,Not Met
2026-09-11,SBC04591J,Student Branch Chapter,Pontificia Univ Javeriana Sede Bogota,PHO36,4,2,No,Yes,Met,Not Met
2026-09-11,SBC04591G,Student Branch Chapter,Pontificia Univ Javeriana Sede Bogota,RA24,10,3,Yes,Yes,Met,Met
2026-09-11,SBC04591I,Student Branch Chapter,Pontificia Univ Javeriana Sede Bogota,SP01,0,0,No,No,Not Met,Not Met
2026-09-11,SBC06431H,Student Branch Chapter,Universidad Nacional De Colombia Sede Bogota,EMC27/NANO42/SEN39,10,1,Yes,No,Not Met,Not Met
2026-09-11,SBC62121A,Student Branch Chapter,Univ De Ibague - Coruniversitaria,IA34,0,0,No,No,Not Met,Not Met
2026-09-11,SBC18011A,Student Branch Chapter,Univ Distrital Francisco Jose de Caldas - Bolivar,RA24,4,0,No,No,Partial,Not Met
2026-09-11,SBC18011C,Student Branch Chapter,Univ Distrital Francisco Jose de Caldas - Bolivar,C16,3,0,No,No,Not Met,Not Met
2026-09-11,SBC18011B,Student Branch Chapter,Univ Distrital Francisco Jose de Caldas - Bolivar,COM19,22,2,Yes,No,Met,Not Met
2026-09-11,SBC18011,Student Branch Chapter,Univ Distrital Francisco Jose de Caldas - Bolivar,PE31,1,0,No,No,Not Met,Not Met
2026-09-11,SBC0433K,Student Branch Chapter,Universidad Distrital Francisco Jose de Caldas,AES10,2,0,No,No,Not Met,Not Met
2026-09-11,SBC0433D,Student Branch Chapter,Universidad Distrital Francisco Jose de Caldas,CAS04,24,1,Yes,No,Partial,Not Met
2026-09-11,SBC0433C,Student Branch Chapter,Universidad Distrital Francisco Jose de Caldas,CS23,4,0,No,No,Not Met,Not Met
2026-09-11,SBC0433L,Student Branch Chapter,Universidad Distrital Francisco Jose de Caldas,PEL35,12,3,Yes,Yes,Met,Met
2026-09-11,SBC0433A,Student Branch Chapter,Universidad Distrital Francisco Jose de Caldas,SP01,0,0,No,No,Not Met,Not Met
2026-09-11,SBC04331,Student Branch Chapter,Universidad Distrital Francisco Jose de Caldas,C16,12,1,Yes,No,Partial,Not Met
2026-09-11,SBC0433B,Student Branch Chapter,Universidad Distrital Francisco Jose de Caldas,COM19,14,2,Yes,No,Met,Not Met
2026-09-11,SBC0433F,Student Branch Chapter,Universidad Distrital Francisco Jose de Caldas,EMB18,13,1,Yes,No,Partial,Not Met
2026-09-11,SBC0433E,Student Branch Chapter,Universidad Distrital Francisco Jose de Caldas,GRS29,9,2,Yes,No,Met,Not Met
2026-09-11,SBC0433H,Student Branch Chapter,Universidad Distrital Francisco Jose de Caldas,PE31,15,2,Yes,No,Met,Not Met
2026-09-11,SBC60951,Student Branch Chapter,Universidad El Bosque,COM19,0,0,No,No,Not Met,Not Met
2026-09-11,SBC60951G,Student Branch Chapter,Universidad El Bosque,IA34,0,0,No,No,Not Met,Not Met
2026-09-11,SBC60951F,Student Branch Chapter,Universidad El Bosque,SIT30,2,0,No,No,Not Met,Not Met
2026-09-11,SBC61301A,Student Branch Chapter,Universidad Nacional sede Manizales,PE31,0,0,No,No,Not Met,Not Met
2026-09-11,SBC61301B,Student Branch Chapter,Universidad Nacional sede Manizales,ED15,0,0,No,No,Not Met,Not Met
2026-09-11,SBC090211,Student Branch Chapter,Univ Pontificia Bolivariana (UPB),COM19,0,0,No,No,Not Met,Not Met
2026-09-11,SBC0985A,Student Branch Chapter,Univ Santo Tomas De Aquino,C16,0,0,No,No,Not Met,Not Met
2026-09-11,SBC09851,Student Branch Chapter,Univ Santo Tomas De Aquino,COM19,0,0,No,No,Not Met,Not Met
2026-09-11,SBC09851B,Student Branch Chapter,Univ Santo Tomas De Aquino,PE31,0,0,No,No,Not Met,Not Met
2026-09-11,SBC0985B,Student Branch Chapter,Univ Santo Tomas De Aquino,RA24,1,0,No,No,Not Met,Not Met
2026-09-11,SBC09851A,Student Branch Chapter,Univ Santo Tomas De Aquino,SP01,0,0,No,No,Not Met,Not Met
2026-09-11,SBC17431B,Student Branch Chapter,Universidad Tecnologica de Pereira,CS23/SEN39/CSC41,1,0,No,No,Not Met,Not Met
2026-09-11,SBC65361,Student Branch Chapter,Universidad Autonoma de Bucaramanga,EMB18,0,0,No,No,Not Met,Not Met
2026-09-11,SBC65681,Student Branch Chapter,Universidad del Quindio,IA34,0,0,No,No,Not Met,Not Met
2026-09-11,SBC62201A,Student Branch Chapter,Universidad Catolica de Colombia,C16,0,0,No,No,Not Met,Not Met
2026-09-11,SBC62201,Student Branch Chapter,Universidad Catolica de Colombia,COM19,0,0,No,No,Not Met,Not Met
2026-09-11,SBC62201B,Student Branch Chapter,Universidad Catolica de Colombia,ED15/NANO42,0,0,No,No,Not Met,Not Met
2026-09-11,SBC62201C,Student Branch Chapter,Universidad Catolica de Colombia,PHO36,0,0,No,No,Not Met,Not Met
2026-09-11,SBC60951D,Student Branch Chapter,Universidad El Bosque,PE31,0,0,No,No,Not Met,Not Met
2026-09-11,SBC10591A,Student Branch Chapter,Universidad Francisco de Paula Santander,COM19,0,0,No,No,Not Met,Not Met
2026-09-11,SBC10591B,Student Branch Chapter,Universidad Francisco de Paula Santander,PE31,1,0,No,No,Not Met,Not Met
2026-09-11,SBC10591C,Student Branch Chapter,Universidad Francisco de Paula Santander,RA24,0,0,No,No,Not Met,Not Met
2026-09-11,SBC10591D,Student Branch Chapter,Universidad Francisco de Paula Santander,SP01,0,0,No,No,Not Met,Not Met
2026-09-11,SBC034111,Student Branch Chapter,Universidad INCCA de Colombia,RA24,0,0,No,No,Not Met,Not Met
2026-09-11,SBC10511E,Student Branch Chapter,Universidad Industrial de Santander,AES10,0,0,No,No,Partial,Not Met
2026-09-11,SBC10511I,Student Branch Chapter,Universidad Industrial de Santander,C16,20,3,Yes,Yes,Met,Met
2026-09-11,SBC10511H,Student Branch Chapter,Universidad Industrial de Santander,CS23,6,2,Yes,No,Met,Not Met
2026-09-11,SBC10511J,Student Branch Chapter,Universidad Industrial de Santander,E25,10,3,Yes,Yes,Met,Met
2026-09-11,SBC10511D,Student Branch Chapter,Universidad Industrial de Santander,ED15,22,2,Yes,No,Met,Not Met
2026-09-11,SBC10511C,Student Branch Chapter,Universidad Industrial de Santander,EMB18,15,1,Yes,No,Partial,Not Met
2026-09-11,SBC1015A,Student Branch Chapter,Universidad Industrial de Santander,PE31,8,3,Yes,Yes,Met,Met
2026-09-11,SBC10511G,Student Branch Chapter,Universidad Industrial de Santander,RA24,5,1,No,No,Met,Not Met
2026-09-11,SBC10511,Student Branch Chapter,Universidad Industrial de Santander,SP01,8,1,Yes,No,Not Met,Not Met
2026-09-11,SBC10511F,Student Branch Chapter,Universidad Industrial de Santander,SSC37,11,3,Yes,Yes,Met,Met
2026-09-11,SBC13071A,Student Branch Chapter,Universidad Nacional Abierta y a Distancia,AES10,8,3,Yes,Yes,Met,Met
2026-09-11,SBC13071,Student Branch Chapter,Universidad Nacional Abierta y a Distancia,C16,9,3,Yes,Yes,Met,Met
2026-09-11,SBC06431I,Student Branch Chapter,Universidad Nacional De Colombia Sede Bogota,AES10,2,0,No,No,Not Met,Not Met
2026-09-11,SBC06431G,Student Branch Chapter,Universidad Nacional De Colombia Sede Bogota,AP03,17,3,Yes,Yes,Met,Met
2026-09-11,SBC06431F,Student Branch Chapter,Universidad Nacional De Colombia Sede Bogota,C16,4,2,No,Yes,Met,Not Met
2026-09-11,SBC06431A,Student Branch Chapter,Universidad Nacional De Colombia Sede Bogota,CAS04,8,2,Yes,No,Met,Not Met
2026-09-11,SBC06431C,Student Branch Chapter,Universidad Nacional De Colombia Sede Bogota,COM19,2,0,No,No,Not Met,Not Met
2026-09-11,SBC06431J,Student Branch Chapter,Universidad Nacional De Colombia Sede Bogota,ED15,4,0,No,No,Partial,Not Met
2026-09-11,SBC06431E,Student Branch Chapter,Universidad Nacional De Colombia Sede Bogota,EMB18,5,0,No,No,Partial,Not Met
2026-09-11,SBC06431B,Student Branch Chapter,Universidad Nacional De Colombia Sede Bogota,IA34,0,0,No,No,Not Met,Not Met
2026-09-11,SBC064311,Student Branch Chapter,Universidad Nacional De Colombia Sede Bogota,PE31,5,1,No,No,Met,Not Met
2026-09-11,SBC06431D,Student Branch Chapter,Universidad Nacional De Colombia Sede Bogota,RA24,9,3,Yes,Yes,Met,Met
2026-09-11,SBC06431K,Student Branch Chapter,Universidad Nacional De Colombia Sede Bogota,TEM14,6,2,Yes,No,Met,Not Met
2026-09-11,SBC61301,Student Branch Chapter,Universidad Nacional sede Manizales,IA34,6,3,Yes,Yes,Met,Met
2026-09-11,SBC08221,Student Branch Chapter,Universidad Pedagogica Nacional,E25,0,0,No,No,Not Met,Not Met
2026-09-11,SBC64461,Student Branch Chapter,Universidad Santiago de Cali,C16,7,2,Yes,Yes,Partial,Not Met
2026-09-11,SBC64461B,Student Branch Chapter,Universidad Santiago de Cali,EMB18,8,3,Yes,Yes,Met,Met
2026-09-11,SBC64461A,Student Branch Chapter,Universidad Santiago de Cali,RA24,7,3,Yes,Yes,Met,Met
2026-09-11,SBC64461C,Student Branch Chapter,Universidad Santiago de Cali,SP01,6,1,Yes,No,Not Met,Not Met
2026-09-11,SBC04081C,Student Branch Chapter,Universidad Santo Tomas - Tunja,AES10,6,1,Yes,No,Partial,Not Met
2026-09-11,SBC04081A,Student Branch Chapter,Universidad Santo Tomas - Tunja,ED15,8,1,Yes,No,Not Met,Not Met
2026-09-11,SBC04081B,Student Branch Chapter,Universidad Santo Tomas - Tunja,RA24,9,2,Yes,No,Met,Not Met
2026-09-11,SBC60232106A,Student Branch Chapter,Universidad Santo Tomas-Bucaramanga,COM19,14,3,Yes,Yes,Met,Met
2026-09-11,SBC60232106,Student Branch Chapter,Universidad Santo Tomas-Bucaramanga,RA24,16,3,Yes,Yes,Met,Met
2026-09-11,SBC01201,Student Branch Chapter,Universidad Sergio Arboleda,EMB18/RA24,0,0,No,No,Not Met,Not Met
2026-09-11,SBC16735A,Student Branch Chapter,Universidad Surcolombiana,CS23,0,0,No,No,Not Met,Not Met
2026-09-11,SBC16735,Student Branch Chapter,Universidad Surcolombiana,RA24,8,2,Yes,Yes,Partial,Not Met
2026-09-11,SBC16735B,Student Branch Chapter,Universidad Surcolombiana,PE31,16,2,Yes,No,Met,Not Met
2026-09-11,SBC17431,Student Branch Chapter,Universidad Tecnologica de Pereira,PE31,2,0,No,No,Not Met,Not Met
2026-09-11,SBC17431A,Student Branch Chapter,Universidad Tecnologica de Pereira,PEL35,5,0,No,No,Not Met,Not Met
2026-09-11,SBC17431E,Student Branch Chapter,Universidad Tecnologica de Pereira,AES10,0,0,No,No,Not Met,Not Met
2026-09-11,SBC17431F,Student Branch Chapter,Universidad Tecnologica de Pereira,CAS04,11,3,Yes,Yes,Met,Met
2026-09-11,SBC17431C,Student Branch Chapter,Universidad Tecnologica de Pereira,IA34,0,0,No,No,Not Met,Not Met
2026-09-11,SBC17431D,Student Branch Chapter,Universidad Tecnologica de Pereira,RA24,1,0,No,No,Not Met,Not Met
2026-09-11,SBC14361A,Student Branch Chapter,Universidad de Antioquia,PE31,0,0,No,No,Not Met,Not Met
2026-09-11,SBC64151,Student Branch Chapter,Universidad de Narino,CIS11,0,0,No,No,Not Met,Not Met
2026-09-11,SBC64151B,Student Branch Chapter,Universidad de Narino,RA24,1,0,No,No,Not Met,Not Met
2026-09-11,SBC64151A,Student Branch Chapter,Universidad de Narino,PE31,0,0,No,No,Not Met,Not Met
2026-09-11,SBC07901A,Student Branch Chapter,Universidad de San Buenaventura - Cali,C16,0,0,No,No,Not Met,Not Met
2026-09-11,SBC07901B,Student Branch Chapter,Universidad de San Buenaventura - Cali,ED15,0,0,No,No,Not Met,Not Met
2026-09-11,SBC62571,Student Branch Chapter,Universidad de San Buenaventura,COM19,0,0,No,No,Not Met,Not Met
2026-09-11,SBC62571F,Student Branch Chapter,Universidad de San Buenaventura,CS23,0,0,No,No,Not Met,Not Met
2026-09-11,SBC62571A,Student Branch Chapter,Universidad de San Buenaventura,CT08,0,0,No,No,Not Met,Not Met
2026-09-11,SBC62571E,Student Branch Chapter,Universidad de San Buenaventura,ED15,0,0,No,No,Not Met,Not Met
2026-09-11,SBC6257D,Student Branch Chapter,Universidad de San Buenaventura,EMB18,0,0,No,No,Not Met,Not Met
2026-09-11,SBC6257C,Student Branch Chapter,Universidad de San Buenaventura,IA34,0,0,No,No,Not Met,Not Met
2026-09-11,SBC6257A,Student Branch Chapter,Universidad de San Buenaventura,PE31,0,0,No,No,Not Met,Not Met
2026-09-11,SBC6257B,Student Branch Chapter,Universidad de San Buenaventura,RA24,0,0,No,No,Not Met,Not Met
2026-09-11,SBC62571D,Student Branch Chapter,Universidad de San Buenaventura,SMC28,0,0,No,No,Not Met,Not Met
2026-09-11,SBC66041A,Student Branch Chapter,Universidad de la Sabana,C16,3,0,No,No,Partial,Not Met
2026-09-11,SBC66041B,Student Branch Chapter,Universidad de la Sabana,RA24,7,1,Yes,No,Partial,Not Met
2026-09-11,SBC12991K,Student Branch Chapter,Universidad de los Andes,AES10,3,1,No,No,Met,Not Met
2026-09-11,SBC12991H,Student Branch Chapter,Universidad de los Andes,C16,22,3,Yes,Yes,Met,Met
2026-09-11,SBC12991C,Student Branch Chapter,Universidad de los Andes,CAS04,14,3,Yes,Yes,Met,Met
2026-09-11,SBC12991E,Student Branch Chapter,Universidad de los Andes,CIS11,11,2,Yes,No,Met,Not Met
2026-09-11,SBC12991B,Student Branch Chapter,Universidad de los Andes,COM19,12,2,Yes,Yes,Partial,Not Met
2026-09-11,SBC12991A,Student Branch Chapter,Universidad de los Andes,CS23,6,3,Yes,Yes,Met,Met
2026-09-11,SBC12991M,Student Branch Chapter,Universidad de los Andes,E25,16,3,Yes,Yes,Met,Met
2026-09-11,SBC12991J,Student Branch Chapter,Universidad de los Andes,ED15,16,2,Yes,No,Met,Not Met
2026-09-11,SBC12991L,Student Branch Chapter,Universidad de los Andes,EMB18,20,3,Yes,Yes,Met,Met
2026-09-11,SBC12991G,Student Branch Chapter,Universidad de los Andes,IA34,20,3,Yes,Yes,Met,Met
2026-09-11,SBC12991F,Student Branch Chapter,Universidad de los Andes,PE31,22,3,Yes,Yes,Met,Met
2026-09-11,SBC12991O,Student Branch Chapter,Universidad de los Andes,PEL35,18,3,Yes,Yes,Met,Met
2026-09-11,SBC12991I,Student Branch Chapter,Universidad de los Andes,RA24,19,3,Yes,Yes,Met,Met
2026-09-11,SBC12991D,Student Branch Chapter,Universidad de los Andes,SP01,0,0,No,No,Not Met,Not Met
2026-09-11,SBC12991P,Student Branch Chapter,Universidad de los Andes,SSC37,8,2,Yes,Yes,Partial,Not Met
2026-09-11,SBC12991N,Student Branch Chapter,Universidad de los Andes,VT06,3,0,No,No,Not Met,Not Met
2026-09-11,SBC09161C,Student Branch Chapter,Universidad del Cauca,AES10,10,3,Yes,Yes,Met,Met
2026-09-11,SBC09161B,Student Branch Chapter,Universidad del Cauca,C16,10,1,Yes,No,Not Met,Not Met
2026-09-11,SBC09161,Student Branch Chapter,Universidad del Cauca,C16/COM19,20,1,Yes,No,Not Met,Not Met
2026-09-11,SBC09161A,Student Branch Chapter,Universidad del Cauca,COM19,16,1,Yes,No,Not Met,Not Met
2026-09-11,SBC09161D,Student Branch Chapter,Universidad del Cauca,ED15,19,1,Yes,No,Not Met,Not Met
2026-09-11,SBC09161E,Student Branch Chapter,Universidad del Cauca,RA24,17,2,Yes,No,Met,Not Met
2026-09-11,SBC65911,Student Branch Chapter,Universidad del Quindio,ED15,7,3,Yes,Yes,Met,Met
2026-09-11,SBC99411C,Student Branch Chapter,Universidad del Rosario,C16,5,1,No,No,Met,Not Met
2026-09-11,SBC99411B,Student Branch Chapter,Universidad del Rosario,CIS11,1,0,No,No,Partial,Not Met
2026-09-11,SBC99411,Student Branch Chapter,Universidad del Rosario,EMB18,3,0,No,No,Not Met,Not Met
2026-09-11,SBC99411A,Student Branch Chapter,Universidad del Rosario,RA24,2,0,No,No,Not Met,Not Met
2026-09-11,SBC95801,Student Branch Chapter,Universidad del Valle,CAS04,39,3,Yes,Yes,Met,Met
2026-09-11,SBC95801A,Student Branch Chapter,Universidad del Valle,RA24,26,3,Yes,Yes,Met,Met
2026-09-11,SBC95801C,Student Branch Chapter,Universidad del Valle,AES10,11,2,Yes,Yes,Partial,Not Met
2026-09-11,SBC95801G,Student Branch Chapter,Universidad del Valle,C16,27,3,Yes,Yes,Met,Met
2026-09-11,SBC95801H,Student Branch Chapter,Universidad del Valle,COM19,17,2,Yes,No,Met,Not Met
2026-09-11,SBC95801D,Student Branch Chapter,Universidad del Valle,CS23,12,2,Yes,No,Met,Not Met
2026-09-11,SBC95801F,Student Branch Chapter,Universidad del Valle,IM09,17,3,Yes,Yes,Met,Met
2026-09-11,SBC95801B,Student Branch Chapter,Universidad del Valle,PE31,18,2,Yes,Yes,Partial,Not Met
2026-09-11,SBC95801E,Student Branch Chapter,Universidad del Valle,PHO36,1,0,No,No,Not Met,Not Met
2026-09-11,SBC60951A,Student Branch Chapter,Universidad El Bosque,C16,2,0,No,No,Not Met,Not Met
2026-09-11,SBC60951B,Student Branch Chapter,Universidad El Bosque,CS23,0,0,No,No,Not Met,Not Met
2026-09-11,SBC60951C,Student Branch Chapter,Universidad El Bosque,EMB18,4,1,No,No,Met,Not Met
2026-09-11,SBC60951E,Student Branch Chapter,Universidad El Bosque,RA24,0,0,No,No,Not Met,Not Met
2026-09-11,SBC41556639,Student Branch Chapter,University of Pamplona,CIS11,12,2,Yes,No,Met,Not Met
2026-09-11,SBC41556639A,Student Branch Chapter,University of Pamplona,PE31,6,2,Yes,No,Met,Not Met
