Unit Name,SPO ID,Unit Type,University,Society,Member Count,Members Required,Members Met,Events (General),Events (Technical),Events (Unreported),Events Required,Events Met,Chair,Counselor,Advisor,Vice Chair,Secretary,Treasurer,Webmaster,Officers Status,Requirements Met,Overall Vitality
"Antonio Narino University,WIE",SBA64411,Affinity Group,Antonio Narino University,WIE,38,6,Yes,1,,1,2,No,Yes,,Yes,Yes,Yes,Yes,Yes,Met,2/3,Not Met
"Benemerita Univ Autonoma De Puebla, WIE",SBA64141,Affinity Group,Benemerita Universidad Autonoma De Puebla,WIE,7,6,Yes,1,,0,2,No,No,,Yes,No,No,No,No,Partial,1/3,Not Met
"Catholic University of Petropolis,WIE",SBA39071,Affinity Group,Catholic University of Petropolis,WIE,0,6,No,0,,0,2,No,No,,No,No,No,No,No,Not Met,0/3,Not Met
"Cefet/RJ-Centro Federal De Educ Tec Csf,WIE",SBA63491,Affinity Group,Cefet/RJ-Centro Federal De Educ Tec Csf,WIE,25,6,Yes,0,,0,2,No,No,,No,No,No,No,No,Not Met,1/3,Not Met
"Centroamericana Univ Jose Simeon Canas,SIGHT",SBA53001S,Affinity Group,Centroamericana Univ Jose Simeon Canas,SIGHT,16,6,Yes,1,,0,2,No,Yes,,No,No,No,No,No,Partial,1/3,Not Met
"Centroamericana Univ Jose Simeon Canas,WIE",SBA53001,Affinity Group,Centroamericana Univ Jose Simeon Canas,WIE,11,6,Yes,2,,1,2,Yes,Yes,,No,No,No,No,No,Partial,2/3,Not Met
"Chapingo Autonomous University,WIE",SBA60226280,Affinity Group,Chapingo Autonomous University,WIE,15,6,Yes,1,,0,2,No,Yes,,No,No,No,Yes,Yes,Partial,1/3,Not Met
"Cinvestav Guadalajara, WIE",SBA60361,Affinity Group,Cinvestav Guadalajara,WIE,5,6,No,0,,0,2,No,No,,No,No,No,No,No,Not Met,0/3,Not Met
"Cinvestav Zacatenco,WIE",SBA60521,Affinity Group,Cinvestav Zacatenco,WIE,18,6,Yes,0,,3,2,No,Yes,,Yes,Yes,Yes,Yes,Yes,Met,2/3,Not Met
"Corporación Universitaria del Huila – CORHUILA,WIE",SBA60236869,Affinity Group,Corporación Universitaria del Huila – CORHUILA,WIE,8,6,Yes,1,,1,2,No,Yes,,Yes,No,No,No,No,Met,2/3,Not Met
"Costa Rica Institute of Technology,SB SIGHT",SBA39461S,Affinity Group,Costa Rica Institute of Technology,SB SIGHT,32,6,Yes,0,,0,2,No,No,,No,No,No,No,No,Not Met,1/3,Not Met
"Costa Rica Institute of Technology,WIE",SBA39461,Affinity Group,Costa Rica Institute of Technology,WIE,30,6,Yes,11,,1,2,Yes,Yes,,Yes,Yes,Yes,Yes,Yes,Met,3/3,Met
"Escola Politecnica Universidade de Sao Paulo,WIE",SBA03651,Affinity Group,Escola Politecnica Universidade de Sao Paulo,WIE,0,6,No,0,,0,2,No,No,,No,No,No,No,No,Not Met,0/3,Not Met
"Escola de Engenharia de Sao Carlos,WIE",SBA03151,Affinity Group,Escola de Engenharia de Sao Carlos,WIE,12,6,Yes,1,,0,2,No,Yes,,No,No,No,No,Yes,Partial,1/3,Not Met
"Escuela Colombiana De Ing Julio Garavito, WIE",SBA27011,Affinity Group,Escuela Colombiana De Ingenieria Julio Garavito,WIE,3,6,No,0,,0,2,No,Yes,,No,No,No,No,No,Partial,0/3,Not Met
"Escuela Colombiana de Carreras Industriales,WIE",SBA05421,Affinity Group,Escuela Colombiana de Carreras Industriales,WIE,15,6,Yes,3,,1,2,Yes,Yes,,Yes,Yes,Yes,Yes,Yes,Met,3/3,Met
"Escuela Especializada Ingenieria ITCA-FEPADE,WIE",SBA11409,Affinity Group,Escuela Especializada Ingenieria ITCA-FEPADE,WIE,10,6,Yes,4,,0,2,Yes,Yes,,Yes,Yes,Yes,Yes,Yes,Met,3/3,Met
Escuela Politecnica Nacional SB SIGHT,SBA12801S,Affinity Group,Escuela Politecnica Nacional,SB SIGHT,122,6,Yes,1,,3,2,No,No,,Yes,Yes,Yes,Yes,No,Partial,1/3,Not Met
"Escuela Politecnica Nacional, WIE",SBA12801,Affinity Group,Escuela Politecnica Nacional,WIE,94,6,Yes,9,,3,2,Yes,Yes,,Yes,Yes,Yes,Yes,Yes,Met,3/3,Met
Escuela Superior Politecnica Chimborazo SB SIGHT,SBA65531S,Affinity Group,Escuela Superior Politecnica de Chimborazo,SIGHT,78,6,Yes,0,,0,2,No,No,,No,Yes,Yes,Yes,No,Not Met,1/3,Not Met
"Escuela Superior Politecnica Del Litoral,SIGHT",SBA19041S,Affinity Group,Escuela Superior Politecnica del Litoral,SIGHT,35,6,Yes,1,,0,2,No,Yes,,Yes,Yes,No,No,No,Met,2/3,Not Met
"Escuela Superior Politecnica Del Litoral,WIE",SBA19041,Affinity Group,Escuela Superior Politecnica del Litoral,WIE,38,6,Yes,12,,2,2,Yes,Yes,,Yes,Yes,Yes,No,No,Met,3/3,Met
"Escuela Superior Politecnica de Chimborazo, WIE",SBA65531,Affinity Group,Escuela Superior Politecnica de Chimborazo,WIE,75,6,Yes,0,,4,2,No,Yes,,No,Yes,Yes,Yes,No,Partial,1/3,Not Met
"Escuela Tecnologica Instituto Tecnico Central, WIE",SBA13041,Affinity Group,Escuela Tecnologica Instituto Tecnico Central,WIE,5,6,No,0,,0,2,No,No,,No,No,No,No,No,Not Met,0/3,Not Met
"Faculdade de Tecnologia Senai Cimatec,WIE",SBA06891,Affinity Group,Faculdade de Tecnologia Senai Cimatec,WIE,0,6,No,0,,0,2,No,No,,No,No,No,No,No,Not Met,0/3,Not Met
Federal Fluminense University SB SIGHT,SBA20521S,Affinity Group,Federal Fluminense University,SB SIGHT,56,6,Yes,0,,2,2,No,No,,Yes,Yes,Yes,Yes,No,Partial,1/3,Not Met
"Federal Fluminense University,WIE",SBA20521,Affinity Group,Federal Fluminense University,WIE,17,6,Yes,0,,0,2,No,Yes,,No,No,No,No,No,Partial,1/3,Not Met
"Federal Institute of Paraiba-Campina Grande,WIE",SBA13561,Affinity Group,Federal Institute of Paraiba-Campina Grande,WIE,2,6,No,0,,0,2,No,No,,No,No,No,No,No,Not Met,0/3,Not Met
"Federal Institute of Rio Grande do Norte,WIE",SBA60229023,Affinity Group,Federal Institute of Rio Grande do Norte,WIE,17,6,Yes,0,,0,2,No,Yes,,Yes,Yes,No,Yes,No,Met,2/3,Not Met
"Federal University of Bahia,WIE",SBA93051,Affinity Group,Federal University of Bahia,WIE,26,6,Yes,13,,0,2,Yes,Yes,,Yes,Yes,Yes,Yes,Yes,Met,3/3,Met
"Federal University of Campina Grande,SIGHT",SBA05141S,Affinity Group,Universidade Federal de Campina Grande,SIGHT,49,6,Yes,9,,0,2,Yes,No,,Yes,Yes,Yes,Yes,No,Partial,2/3,Not Met
"Federal University of Campina Grande,WIE",SBA05141,Affinity Group,Universidade Federal de Campina Grande,WIE,33,6,Yes,10,,6,2,Yes,Yes,,Yes,Yes,No,Yes,No,Met,3/3,Met
Federal University of Ceara SB SIGHT,SBA62081S,Affinity Group,Federal University of Ceara,SB SIGHT,35,6,Yes,1,,3,2,No,No,,Yes,Yes,Yes,Yes,No,Partial,1/3,Not Met
"Federal University of Ceara,WIE",SBA62081,Affinity Group,Federal University of Ceara,WIE,19,6,Yes,1,,6,2,No,Yes,,Yes,Yes,Yes,No,No,Met,2/3,Not Met
"Federal University of Rio Grande do Sul,WIE",SBA66441,Affinity Group,Federal University of Rio Grande do Sul,WIE,0,6,No,0,,0,2,No,No,,No,No,No,No,No,Not Met,0/3,Not Met
"Federal University of Sao Joao del-Rei,WIE",SBA11757,Affinity Group,Federal University of Sao Joao del-Rei,WIE,5,6,No,5,,0,2,Yes,Yes,,No,Yes,Yes,Yes,No,Partial,1/3,Not Met
"Federico Santa Maria Technical University,WIE",SBA04321,Affinity Group,Federico Santa Maria Technical University,WIE,6,6,Yes,2,,1,2,Yes,Yes,,Yes,No,No,No,No,Met,3/3,Met
"Granada Univ Militar Nueva, WIE",SBA63981,Affinity Group,Granada Univ Militar Nueva,WIE,7,6,Yes,0,,0,2,No,No,,No,No,No,No,No,Not Met,1/3,Not Met
"Honduras Univ Nacional Autonoma, WIE",SBA28241,Affinity Group,Honduras Univ Nacional Autonoma,WIE,15,6,Yes,0,,1,2,No,No,,No,No,No,No,No,Not Met,1/3,Not Met
"IFBA-Campus Vitoria da Conquista,WIE",SBA39666,Affinity Group,IFBA-Campus Vitoria da Conquista,WIE,1,6,No,0,,0,2,No,Yes,,Yes,No,No,No,No,Met,1/3,Not Met
"Icesi University, WIE",SBA02571,Affinity Group,Icesi University,WIE,12,6,Yes,6,,3,2,Yes,Yes,,Yes,Yes,No,Yes,No,Met,3/3,Met
"Inst Fed de Ed Ciencia e Tecn da Paraiba,WIE",SBA04261,Affinity Group,Inst Fed de Educacao Ciencia e Tecn da Paraiba,WIE,4,6,No,0,,0,2,No,No,,No,No,No,No,No,Not Met,0/3,Not Met
"Inst Fed de Educacao Ciencia e Tec-Bahia,WIE",SBA64651,Affinity Group,Instituto Federal de Educacao Ciencia e Tec-Bahia,WIE,1,6,No,0,,0,2,No,No,,No,No,No,No,No,Not Met,0/3,Not Met
"Inst Nac De Astrofisica,Optica & Electronica,WIE",SBA27051,Affinity Group,"Instituto Nac De Astrofisica,Optica & Electronica",WIE,7,6,Yes,0,,0,2,No,No,,No,No,No,No,No,Not Met,1/3,Not Met
"Inst Poli Nacional Micro y Nano,WIE",SBA60233006,Affinity Group,Inst Politecnico Nacional Micro y Nanotecnologias,WIE,15,6,Yes,9,,6,2,Yes,Yes,,Yes,Yes,Yes,Yes,Yes,Met,3/3,Met
"Inst Superior Tec Privado TECSUP,WIE",SBA12001,Affinity Group,Inst Superior Tec Privado TECSUP,WIE,62,6,Yes,0,,4,2,No,Yes,,Yes,Yes,Yes,Yes,No,Met,2/3,Not Met
"Inst Tec Sup De Coatzacoalcos, WIE",SBA03571,Affinity Group,Instituto Tecnologico Superior de Coatzacoalcos,WIE,12,6,Yes,0,,0,2,No,Yes,,Yes,No,No,No,No,Met,2/3,Not Met
"Institucion Universitaria CESMAG,WIE",SBA03103,Affinity Group,Institucion Universitaria CESMAG,WIE,0,6,No,0,,0,2,No,No,,No,No,No,No,No,Not Met,0/3,Not Met
"Institucion Universitaria ITSA,WIE",SBA66461,Affinity Group,Institucion Universitaria de Barranquilla,WIE,10,6,Yes,1,,0,2,No,Yes,,Yes,Yes,Yes,Yes,Yes,Met,2/3,Not Met
Institucion Universitaria de Barranquilla SB SIGHT,SBA66461S,Affinity Group,Institucion Universitaria de Barranquilla,SB SIGHT,23,6,Yes,1,,0,2,No,No,,Yes,Yes,Yes,Yes,No,Partial,1/3,Not Met
"Instituto Federal Fluminense-Macae,WIE",SBA14010,Affinity Group,Instituto Federal Fluminense-Macae,WIE,13,6,Yes,0,,0,2,No,Yes,,Yes,Yes,Yes,Yes,Yes,Met,2/3,Not Met
"Instituto Federal da Bahia-Paulo Afonso,WIE",SBA11416,Affinity Group,Instituto Federal da Bahia-Paulo Afonso,WIE,18,6,Yes,8,,2,2,Yes,Yes,,Yes,Yes,Yes,Yes,Yes,Met,3/3,Met
"Instituto Politecnico Nacional-ESIME Zacatenco,WIE",SBA00571,Affinity Group,Instituto Politecnico Nacional-ESIME Zacatenco,WIE,7,6,Yes,0,,0,2,No,Yes,,No,No,Yes,No,Yes,Partial,1/3,Not Met
"Instituto Tec De Aguascalientes,WIE",SBA36051,Affinity Group,Instituto Tec De Aguascalientes,WIE,2,6,No,0,,0,2,No,No,,No,No,No,No,No,Not Met,0/3,Not Met
"Instituto Tec Estudios-Monterrey, WIE",SBA05171,Affinity Group,Instituto Tec Estudios-Monterrey,WIE,0,6,No,0,,0,2,No,Yes,,Yes,No,Yes,Yes,No,Met,1/3,Not Met
"Instituto Tecnologico De Acapulco,WIE",SBA63171,Affinity Group,Instituto Tecnologico De Acapulco,WIE,0,6,No,0,,0,2,No,No,,No,No,No,No,No,Not Met,0/3,Not Met
"Instituto Tecnologico De Guzman, WIE",SBA60371,Affinity Group,Instituto Tecnologico de Ciudad Guzman,WIE,0,6,No,0,,0,2,No,No,,No,No,No,No,No,Not Met,0/3,Not Met
"Instituto Tecnologico De Morelia,WIE",SBA99521,Affinity Group,Instituto Tecnologico de Morelia,WIE,16,6,Yes,3,,1,2,Yes,Yes,,Yes,Yes,Yes,Yes,Yes,Met,3/3,Met
"Instituto Tecnologico De Veracruz, WIE",SBA29431,Affinity Group,Instituto Tecnologico De Veracruz,WIE,7,6,Yes,0,,0,2,No,No,,No,No,No,No,No,Not Met,1/3,Not Met
"Instituto Tecnologico Superior de Xalapa, WIE",SBA01015,Affinity Group,Instituto Tecnologico Superior de Xalapa,WIE,6,6,Yes,0,,0,2,No,No,,No,No,No,No,No,Not Met,1/3,Not Met
"Instituto Tecnologico de Buenos Aires,WIE",SBA06421,Affinity Group,Instituto Tecnologico de Buenos Aires,WIE,2,6,No,2,,0,2,Yes,Yes,,Yes,No,Yes,No,No,Met,2/3,Not Met
"Instituto Tecnologico de La Laguna,WIE",SBA21581,Affinity Group,Instituto Tecnologico de La Laguna,WIE,18,6,Yes,0,,0,2,No,Yes,,Yes,No,No,No,No,Met,2/3,Not Met
"Nicaragua Univ Nacional De Ingenieria,WIE",SBA86101,Affinity Group,Nicaragua Univ Nacional De Ingenieria,WIE,1,6,No,0,,0,2,No,No,,No,No,No,No,No,Not Met,0/3,Not Met
"PUC Minas-Pocos de Caldas,WIE",SBA20129,Affinity Group,PUC Minas-Pocos de Caldas,WIE,0,6,No,0,,0,2,No,No,,No,No,No,No,No,Not Met,0/3,Not Met
"Polytechnic University of Puerto Rico, WIE",SBA29291,Affinity Group,Polytechnic University of Puerto Rico,WIE,2,6,No,0,,0,2,No,No,,No,No,No,No,No,Not Met,0/3,Not Met
"Pontifica Univ Catolica de Minas Gerais,WIE",SBA04981,Affinity Group,Pontifical Catholic University of Minas Gerais,WIE,1,6,No,0,,0,2,No,No,,No,No,No,No,No,Not Met,0/3,Not Met
"Pontificia Univ Catolica de Valparaiso,SIGHT",SBA21611S,Affinity Group,Pontificia Universidad Catolica de Valparaiso,SIGHT,4,6,No,0,,0,2,No,No,,No,No,No,No,No,Not Met,0/3,Not Met
"Pontificia Univ Javeriana Sede Bogota, WIE",SBA04591,Affinity Group,Pontificia Univ Javeriana Sede Bogota,WIE,8,6,Yes,2,,0,2,Yes,Yes,,No,Yes,Yes,Yes,Yes,Partial,2/3,Not Met
"Pontificia Universidad Catolica de Chile,SIGHT",SBA09191S,Affinity Group,Pontificia Universidad Catolica de Chile,SIGHT,1,6,No,0,,0,2,No,No,,No,No,No,No,No,Not Met,0/3,Not Met
"Pontificia Universidad Catolica de Valparaiso,WIE",SBA21611,Affinity Group,Pontificia Universidad Catolica de Valparaiso,WIE,14,6,Yes,0,,2,2,No,No,,No,Yes,No,Yes,No,Not Met,1/3,Not Met
"Pontificia Universidad Catolica del Peru, WIE",SBA03241,Affinity Group,Pontificia Universidad Catolica del Peru,WIE,10,6,Yes,0,,0,2,No,Yes,,Yes,Yes,Yes,Yes,No,Met,2/3,Not Met
"Puerto Rico Univ Of-Mayaguez, WIE",SBA01571,Affinity Group,Puerto Rico Univ Of-Mayaguez,WIE,26,6,Yes,4,,0,2,Yes,Yes,,Yes,No,No,No,No,Met,3/3,Met
Rama Estudiantil IEEE-UNAH/Section Honduras SIGHT,SBA28241S,Affinity Group,Honduras Univ Nacional Autonoma,SIGHT,10,6,Yes,0,,0,2,No,No,,No,No,No,No,No,Not Met,1/3,Not Met
"Simon Bolivar University,WIE",SBA98341,Affinity Group,Simon Bolivar University,WIE,1,6,No,0,,0,2,No,No,,No,No,No,No,No,Not Met,0/3,Not Met
"State University of Haiti,SIGHT",SBA16141S,Affinity Group,State University of Haiti,SIGHT,0,6,No,0,,0,2,No,No,,No,No,No,No,No,Not Met,0/3,Not Met
"State University of Londrina,WIE",SBA10961,Affinity Group,State University of Londrina,WIE,1,6,No,0,,0,2,No,Yes,,No,No,No,No,No,Partial,0/3,Not Met
Student Branch UNITEC (Honduras) SIGHT,SBA14691S,Affinity Group,Universidad Tecnologica Centroamericana,SIGHT,51,6,Yes,0,,0,2,No,No,,No,No,No,No,No,Not Met,1/3,Not Met
"U Prof Interdiscip En Ing Tec Avanzadas-IPN,SIGHT",SBA62811S,Affinity Group,Unidad Prof Interdiscip En Ing Tec Avanzadas-IPN,SIGHT,117,6,Yes,8,,0,2,Yes,Yes,,Yes,Yes,Yes,Yes,No,Met,3/3,Met
"U Prof Interdiscip En Ing Tec Avanzadas-IPN,WIE",SBA62811,Affinity Group,Unidad Prof Interdiscip En Ing Tec Avanzadas-IPN,WIE,44,6,Yes,7,,5,2,Yes,Yes,,Yes,Yes,Yes,Yes,Yes,Met,3/3,Met
"UDG-Centro Universitario de Tonala,WIE",SBA10203,Affinity Group,Universidad de Guadalajara-Centro Univ de Tonala,WIE,0,6,No,0,,0,2,No,No,,No,No,No,No,No,Not Met,0/3,Not Met
"UNITEC - San Pedro Sula,WIE",SBA99375,Affinity Group,Universidad Tec. Centroamericana-San Pedro Sula,WIE,3,6,No,0,,0,2,No,No,,Yes,No,No,No,No,Partial,0/3,Not Met
"Unifesspa–Federal Univ of South&Southeast-Pará,WIE",SBA60236490,Affinity Group,Unifesspa–Federal Univ of South and Southeast-Pará,WIE,6,6,Yes,0,,0,2,No,Yes,,Yes,No,No,No,No,Met,2/3,Not Met
"Univ Autonoma Metropolitana-Iztapalapa,WIE",SBA39941,Affinity Group,Univ Autonoma Metropolitana-Iztapalapa,WIE,6,6,Yes,0,,1,2,No,Yes,,No,Yes,No,No,No,Partial,1/3,Not Met
"Univ Catolica Nuestra Senora de la Asuncion,WIE",SBA11535,Affinity Group,Universidad Catolica Nuestra Senora de la Asuncion,WIE,10,6,Yes,1,,2,2,No,Yes,,Yes,Yes,Yes,Yes,No,Met,2/3,Not Met
"Univ Catolica Santo Toribio de Mogrovejo, WIE",SBA04621,Affinity Group,Universidad Catolica Santo Toribio de Mogrovejo,WIE,0,6,No,0,,0,2,No,No,,No,No,No,No,No,Not Met,0/3,Not Met
"Univ Cooperativa De Colombia Sede Bogota,WIE",SBA62391,Affinity Group,Univ Cooperativa De Colombia Sede Bogota,WIE,0,6,No,0,,0,2,No,No,,No,No,No,No,No,Not Met,0/3,Not Met
"Univ Cooperativa de Colombia Sede Santa Martac,WIE",SBA64131,Affinity Group,Univ Cooperativa de Colombia Sede Santa Martac,WIE,10,6,Yes,3,,0,2,Yes,Yes,,Yes,No,No,No,Yes,Met,3/3,Met
"Univ Del Norte, WIE",SBA63011,Affinity Group,Universidad del Norte,WIE,64,6,Yes,20,,1,2,Yes,Yes,,Yes,Yes,Yes,Yes,Yes,Met,3/3,Met
"Univ Dist Francisco Jose de Caldas - Bolivar,WIE",SBA18011,Affinity Group,Univ Distrital Francisco Jose de Caldas - Bolivar,WIE,20,6,Yes,0,,0,2,No,No,,No,No,No,No,No,Not Met,1/3,Not Met
"Univ Distrital Francisco Jose De Cal, WIE",SBA04331,Affinity Group,Universidad Distrital Francisco Jose de Caldas,WIE,18,6,Yes,0,,0,2,No,No,,No,No,No,No,No,Not Met,1/3,Not Met
"Univ El Bosque, WIE",SBA60951,Affinity Group,Universidad El Bosque,WIE,0,6,No,0,,0,2,No,No,,No,No,No,No,No,Not Met,0/3,Not Met
Univ Federal do Reconcavo da Bahia-UFRB SIGHT,SBA20150S,Affinity Group,Universidade Federal do Reconcavo da Bahia,SIGHT,7,6,Yes,1,,0,2,No,No,,Yes,No,Yes,Yes,No,Partial,1/3,Not Met
Univ Fuerzas Armadas ESPE - Latacunga SB SIGHT,SBA11457S,Affinity Group,Universidad de la Fuerzas Armadas ESPE - Latacunga,SIGHT,44,6,Yes,0,,1,2,No,No,,Yes,Yes,Yes,No,No,Partial,1/3,Not Met
"Univ Michoacana De San Nicolas De Hidalgo, WIE",SBA02671,Affinity Group,Universidad Michoacana de San Nicolas de Hidalgo,WIE,1,6,No,0,,0,2,No,No,,No,No,No,No,No,Not Met,0/3,Not Met
"Univ Nacional San Antonio Abad del Cusco, WIE",SBA11731,Affinity Group,Universidad Nacional San Antonio Abad del Cusco,WIE,26,6,Yes,0,,0,2,No,Yes,,Yes,Yes,Yes,Yes,Yes,Met,2/3,Not Met
"Univ Nacional San Antonio Abad del Cusco,SIGHT",SBA11731S,Affinity Group,Universidad Nacional San Antonio Abad del Cusco,SIGHT,27,6,Yes,0,,1,2,No,Yes,,No,Yes,Yes,Yes,No,Partial,1/3,Not Met
"Univ Nacional Sede Manizales, WIE",SBA61301,Affinity Group,Universidad Nacional sede Manizales,WIE,1,6,No,10,,0,2,Yes,No,,No,No,No,No,No,Not Met,1/3,Not Met
"Univ Pontificia Bolivariana (UPB), WIE",SBA09021,Affinity Group,Univ Pontificia Bolivariana (UPB),WIE,0,6,No,0,,0,2,No,No,,No,No,No,No,No,Not Met,0/3,Not Met
"Univ Santo Tomas De Aquino, WIE",SBA09851,Affinity Group,Univ Santo Tomas De Aquino,WIE,0,6,No,0,,0,2,No,No,,No,No,No,No,No,Not Met,0/3,Not Met
"Univ Tec Centroamericana-UNITEC, WIE",SBA14691,Affinity Group,Universidad Tecnologica Centroamericana,WIE,21,6,Yes,0,,0,2,No,Yes,,No,No,No,No,No,Partial,1/3,Not Met
"Univ de la Fuerzas Armadas ESPE - Latacunga,WIE",SBA11457,Affinity Group,Universidad de la Fuerzas Armadas ESPE - Latacunga,WIE,19,6,Yes,16,,2,2,Yes,Yes,,Yes,Yes,No,No,Yes,Met,3/3,Met
"Univ del Cono Sur de las Americas, WIE",SBA04861,Affinity Group,Universidad del Cono Sur de Las Americas,WIE,9,6,Yes,0,,0,2,No,Yes,,Yes,Yes,Yes,No,No,Met,2/3,Not Met
Univ. Distrital Francisco Jose de Caldas SB SIGHT,SBA04331S,Affinity Group,Universidad Distrital Francisco Jose de Caldas,SIGHT,44,6,Yes,1,,0,2,No,No,,No,No,No,No,No,Not Met,1/3,Not Met
"Universidad Andina del Cusco,SIGHT",SBA10182S,Affinity Group,Universidad Andina del Cusco,SIGHT,2,6,No,0,,0,2,No,Yes,,No,No,No,No,No,Partial,0/3,Not Met
"Universidad Andina del Cusco,WIE",SBA10182,Affinity Group,Universidad Andina del Cusco,WIE,0,6,No,0,,0,2,No,No,,No,No,No,No,No,Not Met,0/3,Not Met
"Universidad Austral De Chile,WIE",SBA20241,Affinity Group,Universidad Austral De Chile,WIE,7,6,Yes,1,,0,2,No,Yes,,Yes,Yes,No,No,No,Met,2/3,Not Met
"Universidad Autonoma de Guadalajara, WIE",SBA99961,Affinity Group,Universidad Autonoma de Guadalajara,WIE,0,6,No,0,,0,2,No,No,,No,No,No,No,No,Not Met,0/3,Not Met
"Universidad Autonoma de Occidente,WIE",SBA29341,Affinity Group,Universidad Autonoma de Occidente,WIE,0,6,No,0,,0,2,No,No,,No,No,No,No,No,Not Met,0/3,Not Met
"Universidad Autonoma de Yucatan,WIE",SBA03105,Affinity Group,Universidad Autonoma de Yucatan,WIE,12,6,Yes,6,,1,2,Yes,No,,No,No,No,No,No,Not Met,2/3,Not Met
"Universidad Autonoma del Estado de Mexico,WIE",SBA11766,Affinity Group,Universidad Autonoma del Estado de Mexico,WIE,0,6,No,0,,1,2,No,No,,No,No,No,No,No,Not Met,0/3,Not Met
"Universidad Catolica Boliviana - Cochabamba,WIE",SBA03232,Affinity Group,Universidad Catolica Boliviana - Cochabamba,WIE,0,6,No,0,,0,2,No,No,,No,No,No,No,No,Not Met,0/3,Not Met
"Universidad Catolica Boliviana La Paz,WIE",SBA60821,Affinity Group,Universidad Catolica Boliviana La Paz,WIE,8,6,Yes,0,,0,2,No,No,,No,No,No,No,No,Not Met,1/3,Not Met
Universidad Catolica San Pablo WIE,SBA66271,Affinity Group,Universidad Catolica San Pablo,WIE,17,6,Yes,0,,0,2,No,Yes,,Yes,Yes,Yes,Yes,No,Met,2/3,Not Met
"Universidad Catolica Santiago de Guayaquil, WIE",SBA01211,Affinity Group,Universidad Catolica Santiago de Guayaquil,WIE,1,6,No,0,,0,2,No,No,,No,No,No,No,No,Not Met,0/3,Not Met
"Universidad Catolica de Colombia,SIGHT",SBA62201S,Affinity Group,Universidad Catolica de Colombia,SIGHT,0,6,No,0,,0,2,No,No,,No,No,No,No,No,Not Met,0/3,Not Met
"Universidad Catolica de Colombia,WIE",SBA62201,Affinity Group,Universidad Catolica de Colombia,WIE,0,6,No,0,,0,2,No,No,,No,No,No,No,No,Not Met,0/3,Not Met
"Universidad Catolica de Cuenca, WIE",SBA08441,Affinity Group,Universidad Catolica de Cuenca,WIE,6,6,Yes,4,,2,2,Yes,Yes,,No,No,No,No,No,Partial,2/3,Not Met
"Universidad Catolica de Santa Maria, WIE",SBA04201,Affinity Group,Universidad Catolica de Santa Maria,WIE,10,6,Yes,0,,0,2,No,No,,No,No,No,No,No,Not Met,1/3,Not Met
"Universidad De Chile,WIE",SBA11791,Affinity Group,Universidad De Chile,WIE,18,6,Yes,5,,2,2,Yes,Yes,,No,Yes,Yes,No,No,Partial,2/3,Not Met
"Universidad De Cuenca, WIE",SBA86091,Affinity Group,Universidad de Cuenca,WIE,8,6,Yes,0,,1,2,No,No,,No,No,No,No,No,Not Met,1/3,Not Met
"Universidad Del Azuay, WIE",SBA11021,Affinity Group,Universidad del Azuay,WIE,0,6,No,0,,0,2,No,No,,No,No,No,No,No,Not Met,0/3,Not Met
"Universidad Del Bio-Bio,WIE",SBA33031,Affinity Group,Universidad Del Bio-Bio,WIE,7,6,Yes,2,,0,2,Yes,No,,No,No,No,No,No,Not Met,2/3,Not Met
Universidad Diego Portales IEEE SIGHT,SBA06771S,Affinity Group,Universidad Diego Portales,IEEE SIGHT,16,6,Yes,0,,0,2,No,No,,No,No,No,No,No,Not Met,1/3,Not Met
"Universidad Diego Portales, WIE",SBA06771,Affinity Group,Universidad Diego Portales,WIE,4,6,No,7,,4,2,Yes,Yes,,No,No,No,No,No,Partial,1/3,Not Met
Universidad Don Bosco SB SIGHT Group,SBA60431S,Affinity Group,Universidad Don Bosco,SB SIGHT Group,80,6,Yes,5,,4,2,Yes,No,,No,Yes,Yes,Yes,No,Not Met,2/3,Not Met
"Universidad Don Bosco,WIE",SBA60431,Affinity Group,Universidad Don Bosco,WIE,62,6,Yes,8,,4,2,Yes,No,,No,No,No,No,No,Not Met,2/3,Not Met
"Universidad Dr Jose Matias Delgado,WIE",SBA10117,Affinity Group,Universidad Dr Jose Matias Delgado,WIE,37,6,Yes,7,,0,2,Yes,Yes,,No,Yes,Yes,Yes,Yes,Partial,2/3,Not Met
"Universidad Estadual Paulista,WIE",SBA62761,Affinity Group,Univerdade Estadual Paulista,WIE,13,6,Yes,0,,0,2,No,No,,No,No,No,No,No,Not Met,1/3,Not Met
"Universidad Estadual Paulista-Guaratingueta,WIE",SBA62091,Affinity Group,Universidad Estadual Paulista-Guaratingueta,WIE,6,6,Yes,0,,0,2,No,No,,Yes,No,No,No,No,Partial,1/3,Not Met
"Universidad Estadual Paulista-Ilha Solteira,WIE",SBA20121,Affinity Group,Universidad Estadual Paulista-Ilha Solteira,WIE,0,6,No,0,,0,2,No,No,,No,No,No,No,No,Not Met,0/3,Not Met
"Universidad Estatal Peninsula de Santa,WIE",SBA20209,Affinity Group,Universidad Estatal Peninsula de Santa Elena,WIE,33,6,Yes,3,,0,2,Yes,Yes,,Yes,Yes,Yes,Yes,Yes,Met,3/3,Met
"Universidad Evangélica de El Salvador,WIE",SBA29381,Affinity Group,Universidad Evangélica de El Salvador,WIE,18,6,Yes,2,,1,2,Yes,Yes,,Yes,Yes,Yes,Yes,No,Met,3/3,Met
"Universidad Francisco De Paula Santander,WIE",SBA10591,Affinity Group,Universidad Francisco de Paula Santander,WIE,1,6,No,0,,0,2,No,No,,No,No,No,No,No,Not Met,0/3,Not Met
"Universidad Galileo,WIE",SBA39511,Affinity Group,Universidad Galileo,WIE,1,6,No,0,,0,2,No,Yes,,No,No,No,No,No,Partial,0/3,Not Met
"Universidad Industrial de Santander, WIE",SBA10511,Affinity Group,Universidad Industrial de Santander,WIE,12,6,Yes,3,,0,2,Yes,No,,No,No,No,No,No,Not Met,2/3,Not Met
"Universidad Internacional del Ecuador,WIE",SBA15611,Affinity Group,Universidad Internacional del Ecuador,WIE,31,6,Yes,0,,0,2,No,Yes,,Yes,Yes,Yes,Yes,Yes,Met,2/3,Not Met
"Universidad Laica Eloy Alfaro de Manabi, WIE",SBA10044,Affinity Group,Universidad Laica Eloy Alfaro de Manabi,WIE,5,6,No,0,,0,2,No,Yes,,No,No,No,No,No,Partial,0/3,Not Met
"Universidad Latina de Panama,WIE",SBA64631,Affinity Group,Universidad Latina de Panama,WIE,22,6,Yes,7,,1,2,Yes,Yes,,No,Yes,Yes,Yes,Yes,Partial,2/3,Not Met
"Universidad Mayor de San Andres,WIE",SBA13441,Affinity Group,Universidad Mayor de San Andres,WIE,37,6,Yes,10,,2,2,Yes,Yes,,Yes,Yes,Yes,Yes,Yes,Met,3/3,Met
"Universidad Nacional Abierta y a Distancia,WIE",SBA13071,Affinity Group,Universidad Nacional Abierta y a Distancia,WIE,9,6,Yes,4,,1,2,Yes,Yes,,Yes,Yes,Yes,Yes,Yes,Met,3/3,Met
"Universidad Nacional Autonoma De Mexico, WIE",SBA05681,Affinity Group,Universidad Nacional Autonoma De Mexico,WIE,5,6,No,7,,0,2,Yes,No,,Yes,No,No,No,No,Partial,1/3,Not Met
Universidad Nacional De Asuncion (UNA) SB SIGHT,SBA37161S,Affinity Group,Universidad Nacional de Asuncion,(UNA) SB SIGHT,20,6,Yes,3,,1,2,Yes,Yes,,No,Yes,No,No,No,Partial,2/3,Not Met
"Universidad Nacional De Colombia Sede-Bogota,WIE",SBA06431,Affinity Group,Universidad Nacional De Colombia Sede Bogota,WIE,18,6,Yes,4,,0,2,Yes,Yes,,Yes,Yes,No,No,Yes,Met,3/3,Met
"Universidad Nacional De Loja, WIE",SBA65231,Affinity Group,Universidad Nacional De Loja,WIE,33,6,Yes,5,,3,2,Yes,Yes,,Yes,Yes,Yes,Yes,Yes,Met,3/3,Met
Universidad Nacional Federico Villarreal WIE,SBA64001,Affinity Group,Universidad Nacional Federico Villarreal,WIE,24,6,Yes,0,,0,2,No,Yes,,No,No,No,No,No,Partial,1/3,Not Met
Universidad Nacional Mayor de San Marcos SB SIGHT,SBA03221S,Affinity Group,Universidad Nacional Mayor de San Marcos,SB SIGHT,33,6,Yes,0,,0,2,No,No,,No,No,No,No,No,Not Met,1/3,Not Met
"Universidad Nacional Mayor de San Marcos, WIE",SBA03221,Affinity Group,Universidad Nacional Mayor de San Marcos,WIE,29,6,Yes,4,,2,2,Yes,Yes,,No,No,Yes,Yes,No,Partial,2/3,Not Met
"Universidad Nacional Tecnologica de Lima Sur, WIE",SBA08771,Affinity Group,Universidad Nacional Tecnologica de Lima Sur,WIE,6,6,Yes,1,,0,2,No,Yes,,No,Yes,Yes,Yes,Yes,Partial,1/3,Not Met
"Universidad Nacional de Asuncion,WIE",SBA37161,Affinity Group,Universidad Nacional de Asuncion,WIE,18,6,Yes,2,,0,2,Yes,Yes,,No,Yes,Yes,Yes,Yes,Partial,2/3,Not Met
"Universidad Nacional de General San Martin,WIE",SBA64623,Affinity Group,Universidad Nacional de General San Martin,WIE,0,6,No,0,,0,2,No,No,,No,No,No,No,No,Not Met,0/3,Not Met
"Universidad Nacional de Ingenieria Lima,WIE",SBA05821,Affinity Group,Universidad Nacional de Ingenieria Lima,WIE,12,6,Yes,3,,0,2,Yes,Yes,,No,Yes,Yes,Yes,No,Partial,2/3,Not Met
"Universidad Nacional de Juliaca,WIE",SBA64612,Affinity Group,Universidad Nacional de Juliaca,WIE,7,6,Yes,0,,0,2,No,Yes,,Yes,No,No,No,No,Met,2/3,Not Met
"Universidad Nacional de Mar del Plata,WIE",SBA2528204,Affinity Group,Universidad Nacional de Mar del Plata,WIE,14,6,Yes,2,,0,2,Yes,Yes,,Yes,Yes,Yes,Yes,Yes,Met,3/3,Met
"Universidad Nacional de Piura, WIE",SBA07491,Affinity Group,Universidad Nacional de Piura,WIE,4,6,No,0,,0,2,No,No,,No,No,No,No,No,Not Met,0/3,Not Met
"Universidad Nacional de San Agustin,WIE",SBA37031,Affinity Group,Universidad Nacional de San Agustin,WIE,11,6,Yes,1,,0,2,No,Yes,,No,Yes,Yes,Yes,Yes,Partial,1/3,Not Met
"Universidad Nacional de San Juan,WIE",SBA13291,Affinity Group,Universidad Nacional de San Juan,WIE,2,6,No,2,,1,2,Yes,No,,No,No,No,No,No,Not Met,1/3,Not Met
"Universidad Nacional de Tucuman,WIE",SBA04881B,Affinity Group,Universidad Nacional de Tucuman,WIE,2,6,No,0,,0,2,No,No,,No,No,No,No,No,Not Met,0/3,Not Met
"Universidad Nacional del Altiplano,WIE",SBA01301,Affinity Group,Universidad Nacional del Altiplano,WIE,19,6,Yes,0,,1,2,No,Yes,,No,Yes,Yes,Yes,No,Partial,1/3,Not Met
"Universidad Nacional del Callao, WIE",SBA21571,Affinity Group,Universidad Nacional del Callao,WIE,21,6,Yes,8,,4,2,Yes,Yes,,Yes,Yes,Yes,Yes,No,Met,3/3,Met
"Universidad Nacional del Sur,WIE",SBA06361,Affinity Group,Universidad Nacional del Sur,WIE,2,6,No,0,,4,2,No,Yes,,Yes,No,No,No,No,Met,1/3,Not Met
"Universidad Particular Ricardo Palma, WIE",SBA40501,Affinity Group,Universidad Particular Ricardo Palma,WIE,13,6,Yes,0,,0,2,No,Yes,,Yes,Yes,No,Yes,No,Met,2/3,Not Met
"Universidad Peruana Cayetano Heredia,WIE",SBA11477,Affinity Group,Universidad Peruana Cayetano Heredia,WIE,2,6,No,0,,0,2,No,No,,No,No,No,No,No,Not Met,0/3,Not Met
Universidad Peruana de Ciencias Aplicadas SB SIGHT,SBA60381S,Affinity Group,Universidad Peruana de Ciencias Aplicadas,SB SIGHT,18,6,Yes,0,,0,2,No,No,,No,No,No,No,No,Not Met,1/3,Not Met
"Universidad Peruana de Ciencias Aplicadas, WIE",SBA60381,Affinity Group,Universidad Peruana de Ciencias Aplicadas,WIE,54,6,Yes,15,,2,2,Yes,Yes,,Yes,No,No,Yes,No,Met,3/3,Met
"Universidad Piloto de Colombia,WIE",SBA81721,Affinity Group,Universidad Piloto de Colombia,WIE,1,6,No,1,,1,2,No,No,,No,No,No,No,No,Not Met,0/3,Not Met
"Universidad Politecnica Salesiana - Cuenca, WIE",SBA65241,Affinity Group,Universidad Politecnica Salesiana-Cuenca,WIE,110,6,Yes,6,,1,2,Yes,Yes,,Yes,Yes,Yes,Yes,Yes,Met,3/3,Met
"Universidad Politecnica Salesiana-Cuenca, SIGHT",SBA65241S,Affinity Group,Universidad Politecnica Salesiana-Cuenca,SIGHT,214,6,Yes,1,,0,2,No,Yes,,Yes,Yes,Yes,Yes,Yes,Met,2/3,Not Met
"Universidad Politecnica Salesiana-Guayaquil, WIE",SBA02631,Affinity Group,Universidad Politecnica Salesiana-Guayaquil,WIE,2,6,No,0,,0,2,No,No,,No,No,No,No,No,Not Met,0/3,Not Met
"Universidad Politecnica Salesiana-Quito, WIE",SBA00751,Affinity Group,Universidad Politecnica Salesiana - Quito,WIE,14,6,Yes,0,,0,2,No,No,,No,No,No,No,No,Not Met,1/3,Not Met
"Universidad Pontificia Bolivariana-Monteria,WIE",SBA60211405,Affinity Group,Universidad Pontificia Bolivariana-Monteria,WIE,12,6,Yes,1,,0,2,No,Yes,,Yes,Yes,Yes,Yes,No,Met,2/3,Not Met
"Universidad Privada Antenor Orrego, WIE",SBA60031,Affinity Group,Universidad Privada Antenor Orrego,WIE,1,6,No,1,,0,2,No,No,,No,No,No,No,No,Not Met,0/3,Not Met
"Universidad Privada Boliviana La Paz,WIE",SBA10066,Affinity Group,Universidad Privada Boliviana La Paz,WIE,34,6,Yes,0,,0,2,No,Yes,,Yes,No,No,No,No,Met,2/3,Not Met
"Universidad Privada del Este,WIE",SBA60216322,Affinity Group,Universidad Privada del Este,WIE,8,6,Yes,0,,0,2,No,Yes,,Yes,No,No,No,No,Met,2/3,Not Met
"Universidad Privada del Norte-Lima Norte,WIE",SBA11419,Affinity Group,Universidad Privada del Norte-Lima Norte,WIE,5,6,No,0,,0,2,No,No,,No,No,No,No,No,Not Met,0/3,Not Met
"Universidad San Francisco de Quito,WIE",SBA14971,Affinity Group,Universidad San Francisco de Quito,WIE,14,6,Yes,3,,0,2,Yes,Yes,,Yes,Yes,No,Yes,Yes,Met,3/3,Met
"Universidad San Ignacio De Loyola,WIE",SBA17421,Affinity Group,Universidad San Ignacio De Loyola,WIE,6,6,Yes,3,,1,2,Yes,Yes,,Yes,No,No,No,No,Met,3/3,Met
"Universidad Santiago de Cali,WIE",SBA64461,Affinity Group,Universidad Santiago de Cali,WIE,13,6,Yes,5,,1,2,Yes,Yes,,No,Yes,Yes,Yes,Yes,Partial,2/3,Not Met
"Universidad Santo Tomas - Tunja, SIGHT",SBA04081S,Affinity Group,Universidad Santo Tomas - Tunja,SIGHT,26,6,Yes,0,,0,2,No,No,,Yes,No,No,No,No,Partial,1/3,Not Met
"Universidad Santo Tomas - Tunja, WIE",SBA04081,Affinity Group,Universidad Santo Tomas - Tunja,WIE,21,6,Yes,0,,0,2,No,Yes,,No,No,No,No,No,Partial,1/3,Not Met
"Universidad Sergio Arboleda,WIE",SBA01201,Affinity Group,Universidad Sergio Arboleda,WIE,0,6,No,0,,0,2,No,No,,No,No,No,No,No,Not Met,0/3,Not Met
"Universidad Simon Bolivar,WIE",SBA60043388,Affinity Group,Universidad Simon Bolivar,WIE,33,6,Yes,6,,0,2,Yes,Yes,,Yes,Yes,No,Yes,Yes,Met,3/3,Met
"Universidad Surcolombiana, WIE",SBA16735,Affinity Group,Universidad Surcolombiana,WIE,19,6,Yes,0,,1,2,No,Yes,,No,No,No,No,No,Partial,1/3,Not Met
Universidad Tecnica Estatal de Quevedo SB SIGHT,SBA60226781S,Affinity Group,Universidad Tecnica Estatal de Quevedo,SB SIGHT,14,6,Yes,1,,0,2,No,No,,Yes,Yes,Yes,Yes,No,Partial,1/3,Not Met
"Universidad Tecnica Estatal de Quevedo,WIE",SBA60216631,Affinity Group,Universidad Tecnica Estatal de Quevedo,WIE,25,6,Yes,3,,0,2,Yes,Yes,,Yes,Yes,Yes,Yes,No,Met,3/3,Met
"Universidad Tecnica Particular De Loja, WIE",SBA63711,Affinity Group,Universidad Tecnica Particular de Loja,WIE,1,6,No,0,,0,2,No,No,,No,No,No,No,No,Not Met,0/3,Not Met
"Universidad Tecnica del Norte (UTN),SIGHT",SBA65891S,Affinity Group,Universidad Tecnica del Norte,"(UTN),SIGHT",203,6,Yes,6,,0,2,Yes,Yes,,Yes,Yes,Yes,Yes,No,Met,3/3,Met
"Universidad Tecnica del Norte, WIE",SBA65891,Affinity Group,Universidad Tecnica del Norte,WIE,164,6,Yes,5,,0,2,Yes,Yes,,Yes,Yes,Yes,Yes,Yes,Met,3/3,Met
"Universidad Tecnologica De Bolivar,WIE",SBA13761,Affinity Group,Universidad Tecnologica De Bolivar,WIE,22,6,Yes,1,,5,2,No,Yes,,No,No,No,No,No,Partial,1/3,Not Met
"Universidad Tecnologica Nacional-Buenos Aires,WIE",SBA05911,Affinity Group,Universidad Tecnologica Nacional-Buenos Aires,WIE,2,6,No,0,,0,2,No,No,,No,No,No,No,No,Not Met,0/3,Not Met
"Universidad Tecnologica de Campeche,WIE",SBA18881,Affinity Group,Universidad Tecnologica de Campeche,WIE,14,6,Yes,0,,0,2,No,No,,No,No,No,No,No,Not Met,1/3,Not Met
"Universidad Tecnologica de Honduras, WIE",SBA08721,Affinity Group,Universidad Tecnologica de Honduras,WIE,1,6,No,0,,0,2,No,No,,No,No,No,No,No,Not Met,0/3,Not Met
"Universidad Tecnologica de Panama, WIE",SBA91021,Affinity Group,Universidad Tecnologica de Panama,WIE,29,6,Yes,6,,13,2,Yes,Yes,,Yes,Yes,Yes,Yes,Yes,Met,3/3,Met
"Universidad Tecnologica de Panama,SIGHT",SBA91021S,Affinity Group,Universidad Tecnologica de Panama,SIGHT,33,6,Yes,8,,0,2,Yes,Yes,,No,Yes,Yes,No,No,Partial,2/3,Not Met
"Universidad Tecnologica de Pereira, WIE",SBA17431,Affinity Group,Universidad Tecnologica de Pereira,WIE,3,6,No,1,,0,2,No,No,,Yes,No,No,No,No,Partial,0/3,Not Met
"Universidad Tecnologica del Peru, WIE",SBA63761,Affinity Group,Universidad Tecnologica del Peru,WIE,18,6,Yes,2,,3,2,Yes,Yes,,Yes,Yes,Yes,Yes,No,Met,3/3,Met
"Universidad Veracruzana - FIME,WIE",SBA01022,Affinity Group,Universidad Veracruzana - FIME,WIE,31,6,Yes,2,,0,2,Yes,Yes,,Yes,Yes,Yes,Yes,No,Met,3/3,Met
"Universidad Veracruzana Sede Coatzacoalcos,WIE",SBA11411,Affinity Group,Universidad Veracruzana Sede Coatzacoalcos,WIE,0,6,No,0,,0,2,No,No,,No,No,No,No,No,Not Met,0/3,Not Met
"Universidad de Chile,SIGHT",SBA11791S,Affinity Group,Universidad De Chile,SIGHT,19,6,Yes,4,,1,2,Yes,Yes,,No,Yes,Yes,Yes,Yes,Partial,2/3,Not Met
"Universidad de Costa Rica,WIE",SBA11121,Affinity Group,Universidad de Costa Rica,WIE,9,6,Yes,4,,0,2,Yes,Yes,,No,Yes,Yes,Yes,No,Partial,2/3,Not Met
"Universidad de El Salvador,SIGHT",SBA99671S,Affinity Group,Universidad de el Salvador,SIGHT,14,6,Yes,0,,1,2,No,Yes,,No,Yes,Yes,Yes,No,Partial,1/3,Not Met
"Universidad de Guadalajara,WIE",SBA05521,Affinity Group,Universidad de Guadalajara,WIE,22,6,Yes,2,,0,2,Yes,Yes,,Yes,No,No,Yes,No,Met,3/3,Met
"Universidad de Guadalajara-Valles,WIE",SBA11553,Affinity Group,Universidad de Guadalajara-Valles,WIE,1,6,No,0,,0,2,No,No,,No,No,No,No,No,Not Met,0/3,Not Met
"Universidad de Ingenieria y Tecnologia - UTEC, WIE",SBA14431,Affinity Group,Universidad de Ingenieria y Tecnologia - UTEC,WIE,8,6,Yes,0,,0,2,No,No,,No,No,No,No,No,Not Met,1/3,Not Met
"Universidad de Monterrey,WIE",SBA14941,Affinity Group,Universidad de Monterrey,WIE,26,6,Yes,0,,0,2,No,Yes,,No,Yes,Yes,Yes,Yes,Partial,1/3,Not Met
"Universidad de Narino, WIE",SBA64151,Affinity Group,Universidad de Narino,WIE,0,6,No,0,,0,2,No,No,,No,No,No,No,No,Not Met,0/3,Not Met
"Universidad de Panama,WIE",SBA60171,Affinity Group,Universidad de Panama,WIE,24,6,Yes,1,,1,2,No,Yes,,Yes,No,Yes,Yes,No,Met,2/3,Not Met
"Universidad de Piura - Sede Lima, WIE",SBA10065,Affinity Group,Universidad de Piura - Sede Lima,WIE,1,6,No,0,,0,2,No,No,,No,No,No,No,No,Not Met,0/3,Not Met
"Universidad de Piura, WIE",SBA60621,Affinity Group,Universidad de Piura,WIE,6,6,Yes,2,,1,2,Yes,No,,No,No,No,No,No,Not Met,2/3,Not Met
"Universidad de San Buenaventura,WIE",SBA62571,Affinity Group,Universidad de San Buenaventura,WIE,0,6,No,0,,0,2,No,No,,No,No,No,No,No,Not Met,0/3,Not Met
"Universidad de San Carlos de Guatemala,SIGHT",SBA17091S,Affinity Group,Universidad de San Carlos de Guatemala,SIGHT,25,6,Yes,0,,0,2,No,Yes,,No,Yes,Yes,Yes,No,Partial,1/3,Not Met
"Universidad de San Carlos de Guatemala,WIE",SBA17091,Affinity Group,Universidad de San Carlos de Guatemala,WIE,17,6,Yes,3,,2,2,Yes,Yes,,Yes,Yes,Yes,Yes,Yes,Met,3/3,Met
Universidad de San Martin de Porres (WIE),SBA62541,Affinity Group,Universidad de San Martin de Porres,(WIE),0,6,No,0,,0,2,No,No,,No,No,No,No,No,Not Met,0/3,Not Met
"Universidad de Santiago de Chile,SIGHT",SBA92021S,Affinity Group,Universidad de Santiago de Chile,SIGHT,6,6,Yes,0,,0,2,No,No,,No,No,No,No,No,Not Met,1/3,Not Met
"Universidad de Santiago de Chile,WIE",SBA92021,Affinity Group,Universidad de Santiago de Chile,WIE,8,6,Yes,3,,2,2,Yes,Yes,,Yes,Yes,Yes,Yes,Yes,Met,3/3,Met
Universidad de Sonsonate SB SIGHT,SBA07081S,Affinity Group,Universidad de Sonsonate,SB SIGHT,1,6,No,0,,0,2,No,No,,No,No,No,No,No,Not Met,0/3,Not Met
"Universidad de Sonsonate, WIE",SBA07081,Affinity Group,Universidad de Sonsonate,WIE,1,6,No,0,,0,2,No,No,,No,No,No,No,No,Not Met,0/3,Not Met
"Universidad de el Salvador, WIE",SBA99671,Affinity Group,Universidad de el Salvador,WIE,31,6,Yes,4,,4,2,Yes,Yes,,Yes,Yes,No,Yes,Yes,Met,3/3,Met
Universidad de la Costa WIE,SBA65981,Affinity Group,Universidad de la Costa,WIE,18,6,Yes,7,,0,2,Yes,Yes,,Yes,Yes,Yes,Yes,No,Met,3/3,Met
Universidad de las Americas-Quito SB SIGHT,SBA10045S,Affinity Group,Universidad de las Americas-Quito,SB SIGHT,40,6,Yes,0,,0,2,No,No,,Yes,Yes,Yes,Yes,No,Partial,1/3,Not Met
"Universidad de las Americas-Quito,WIE",SBA10045,Affinity Group,Universidad de las Americas-Quito,WIE,30,6,Yes,0,,0,2,No,No,,No,No,No,No,No,Not Met,1/3,Not Met
Universidad de las Fuerzas Armadas - ESPE SB SIGHT,SBA63741S,Affinity Group,Universidad de las Fuerzas Armadas - ESPE,SB SIGHT,86,6,Yes,5,,0,2,Yes,No,,Yes,Yes,Yes,Yes,No,Partial,2/3,Not Met
"Universidad de las Fuerzas Armadas - ESPE, WIE",SBA63741,Affinity Group,Universidad de las Fuerzas Armadas - ESPE,WIE,32,6,Yes,13,,3,2,Yes,Yes,,Yes,Yes,Yes,No,Yes,Met,3/3,Met
"Universidad de los Andes, WIE",SBA12991,Affinity Group,Universidad de los Andes,WIE,40,6,Yes,9,,1,2,Yes,Yes,,No,Yes,Yes,Yes,Yes,Partial,2/3,Not Met
"Universidad del Cauca,WIE",SBA09161,Affinity Group,Universidad del Cauca,WIE,35,6,Yes,2,,0,2,Yes,No,,No,No,No,No,No,Not Met,2/3,Not Met
"Universidad del Magdalena, WIE",SBA08871,Affinity Group,Universidad del Magdalena,WIE,6,6,Yes,1,,1,2,No,Yes,,No,Yes,No,No,No,Partial,1/3,Not Met
"Universidad del Norte,SIGHT",SBA63011S,Affinity Group,Universidad del Norte,SIGHT,96,6,Yes,1,,1,2,No,Yes,,No,Yes,Yes,Yes,No,Partial,1/3,Not Met
"Universidad del Pacifico,SIGHT",SBA64265S,Affinity Group,Universidad del Pacifico,SIGHT,14,6,Yes,0,,0,2,No,No,,No,No,No,No,No,Not Met,1/3,Not Met
"Universidad del Pacifico,WIE",SBA64265,Affinity Group,Universidad del Pacifico,WIE,6,6,Yes,2,,1,2,Yes,Yes,,Yes,Yes,No,No,No,Met,3/3,Met
"Universidad del Quindio,WIE",SBA65911,Affinity Group,Universidad del Quindio,WIE,7,6,Yes,5,,0,2,Yes,Yes,,No,Yes,No,No,No,Partial,2/3,Not Met
"Universidad del Salvador,WIE",SBA63451,Affinity Group,Universidad del Salvador,WIE,0,6,No,0,,0,2,No,No,,No,No,No,No,No,Not Met,0/3,Not Met
"Universidad del Valle,WIE",SBA95801,Affinity Group,Universidad del Valle,WIE,32,6,Yes,2,,0,2,Yes,Yes,,Yes,No,No,No,No,Met,3/3,Met
"Universidad del Zulia,SIGHT",SBA29631S,Affinity Group,Universidad del Zulia,SIGHT,0,6,No,0,,0,2,No,No,,No,No,No,No,No,Not Met,0/3,Not Met
"Universidade Estadual de Campinas,WIE",SBA91201,Affinity Group,Universidade Estadual de Campinas,WIE,7,6,Yes,1,,0,2,No,Yes,,Yes,Yes,No,No,Yes,Met,2/3,Not Met
"Universidade Estadual de Feira de Santana,WIE",SBA11151,Affinity Group,Universidade Estadual de Feira de Santana,WIE,4,6,No,1,,5,2,No,Yes,,No,No,No,No,No,Partial,0/3,Not Met
"Universidade Estadual de Maringa,WIE",SBA64306,Affinity Group,Universidade Estadual de Maringa,WIE,12,6,Yes,0,,0,2,No,No,,No,No,No,No,No,Not Met,1/3,Not Met
"Universidade Estadual do Oeste do Parana,WIE",SBA61791,Affinity Group,Universidade Estadual do Oeste do Parana,WIE,4,6,No,0,,0,2,No,No,,No,No,No,No,No,Not Met,0/3,Not Met
"Universidade Federal De Juiz De Fora,SIGHT",SBA13491S,Affinity Group,Universidade Federal De Juiz De Fora,SIGHT,85,6,Yes,1,,2,2,No,Yes,,Yes,Yes,Yes,Yes,No,Met,2/3,Not Met
"Universidade Federal De Juiz De Fora,WIE",SBA13491,Affinity Group,Universidade Federal De Juiz De Fora,WIE,70,6,Yes,7,,3,2,Yes,Yes,,Yes,Yes,Yes,Yes,No,Met,3/3,Met
"Universidade Federal Rural do Semi-Arido,WIE",SBA99373,Affinity Group,Universidade Federal Rural do Semi-Arido,WIE,15,6,Yes,7,,0,2,Yes,Yes,,Yes,Yes,Yes,Yes,No,Met,3/3,Met
"Universidade Federal da Paraiba,WIE",SBA14711,Affinity Group,Universidade Federal da Paraiba,WIE,9,6,Yes,1,,4,2,No,Yes,,No,Yes,Yes,Yes,Yes,Partial,1/3,Not Met
"Universidade Federal de Alagoas,WIE",SBA10043,Affinity Group,Universidade Federal de Alagoas,WIE,9,6,Yes,0,,0,2,No,Yes,,Yes,Yes,Yes,Yes,No,Met,2/3,Not Met
"Universidade Federal de Mato Grosso do Sul,WIE",SBA11589,Affinity Group,Universidade Federal de Mato Grosso do Sul,WIE,10,6,Yes,11,,0,2,Yes,Yes,,Yes,No,No,No,No,Met,3/3,Met
"Universidade Federal de Pernambuco,WIE",SBA99374,Affinity Group,Universidade Federal de Pernambuco,WIE,5,6,No,0,,0,2,No,Yes,,Yes,No,No,No,No,Met,1/3,Not Met
"Universidade Federal de Santa Maria, WIE",SBA15155,Affinity Group,Universidade Federal de Santa Maria,WIE,22,6,Yes,2,,1,2,Yes,Yes,,Yes,Yes,Yes,Yes,No,Met,3/3,Met
"Universidade Federal do ABC, WIE",SBA03741,Affinity Group,Universidade Federal do ABC,WIE,5,6,No,0,,0,2,No,No,,No,No,No,No,No,Not Met,0/3,Not Met
"Universidade Federal do Acre,WIE",SBA60096817,Affinity Group,Universidade Federal do Acre,WIE,3,6,No,0,,0,2,No,Yes,,Yes,No,Yes,No,No,Met,1/3,Not Met
Universidade Federal do Amapa SB SIGHT,SBA35736S,Affinity Group,Universidade Federal do Amapa,SB SIGHT,0,6,No,0,,0,2,No,No,,No,No,No,No,No,Not Met,0/3,Not Met
"Universidade Federal do Amapa,WIE",SBA35736,Affinity Group,Universidade Federal do Amapa,WIE,7,6,Yes,2,,2,2,Yes,Yes,,No,Yes,Yes,Yes,Yes,Partial,2/3,Not Met
"Universidade Federal do Para, WIE",SBA02271,Affinity Group,Universidade Federal do Para,WIE,6,6,Yes,0,,0,2,No,No,,No,No,No,No,No,Not Met,1/3,Not Met
"Universidade Federal do Reconcavo da Bahia,WIE",SBA20150,Affinity Group,Universidade Federal do Reconcavo da Bahia,WIE,11,6,Yes,3,,4,2,Yes,No,,No,No,No,No,No,Not Met,2/3,Not Met
"Universidade Federal do Rio Grande do Norte,WIE",SBA66301,Affinity Group,Universidade Federal do Rio Grande do Norte,WIE,72,6,Yes,2,,2,2,Yes,Yes,,Yes,No,Yes,No,No,Met,3/3,Met
"Universidade Federal do Rio de Janeiro,WIE",SBA03101,Affinity Group,Universidade Federal do Rio de Janeiro,WIE,3,6,No,0,,0,2,No,No,,No,No,No,No,No,Not Met,0/3,Not Met
"Universidade Federal do Vale do Sao Francisco,WIE",SBA13801,Affinity Group,Universidade Federal do Vale do Sao Francisco,WIE,0,6,No,0,,0,2,No,No,,No,No,No,No,No,Not Met,0/3,Not Met
"Universidade Veiga de Almeida UVA,WIE",SBA11750,Affinity Group,Universidade Veiga de Almeida UVA,WIE,2,6,No,0,,0,2,No,No,,No,No,No,No,No,Not Met,0/3,Not Met
"Universidade de Brasilia,WIE",SBA12381,Affinity Group,Universidade de Brasilia,WIE,50,6,Yes,9,,2,2,Yes,Yes,,Yes,No,No,No,No,Met,3/3,Met
"Universidade do Estado do Rio de Janeiro,SIGHT",SBA63211S,Affinity Group,Universidade do Estado do Rio de Janeiro,SIGHT,9,6,Yes,0,,0,2,No,No,,No,No,No,No,No,Not Met,1/3,Not Met
"Universidade do Estado do Rio de Janeiro,WIE",SBA63211,Affinity Group,Universidade do Estado do Rio de Janeiro,WIE,7,6,Yes,0,,0,2,No,No,,No,No,No,No,No,Not Met,1/3,Not Met
"University of Atlántico,WIE",SBA60239952,Affinity Group,University of Atlántico,WIE,15,6,Yes,1,,0,2,No,Yes,,Yes,Yes,Yes,Yes,Yes,Met,2/3,Not Met
"University of Concepcion,WIE",SBA04831,Affinity Group,University of Concepcion,WIE,31,6,Yes,7,,2,2,Yes,Yes,,No,No,Yes,No,Yes,Partial,2/3,Not Met
"University of Guayaquil, WIE",SBA64620,Affinity Group,University of Guayaquil,WIE,0,6,No,0,,0,2,No,No,,No,No,No,No,No,Not Met,0/3,Not Met
"University of La Frontera,WIE",SBA60061,Affinity Group,University of La Frontera,WIE,0,6,No,0,,0,2,No,No,,No,No,No,No,No,Not Met,0/3,Not Met
"West Indies Univ Of The-St Augustine,WIE",SBA28151,Affinity Group,West Indies Univ Of The-St Augustine,WIE,15,6,Yes,0,,0,2,No,Yes,,Yes,No,No,No,No,Met,2/3,Not Met
Yachay Tech University SB SIGHT Group,SBA11735S,Affinity Group,Yachay Tech University,SB SIGHT Group,56,6,Yes,3,,0,2,Yes,No,,Yes,Yes,Yes,Yes,Yes,Partial,2/3,Not Met
"Yachay Tech University,WIE",SBA11735,Affinity Group,Yachay Tech University,WIE,59,6,Yes,11,,8,2,Yes,Yes,,Yes,Yes,Yes,Yes,Yes,Met,3/3,Met
Antonio Narino University,STB64411A,Student Branch,Antonio Narino University,,48,12,Yes,4,,0,4,Yes,Yes,Yes,,Yes,Yes,Yes,Yes,Met,3/3,Met
Antonio de Arevalo University Foundation,STB60218366,Student Branch,Antonio de Arevalo University Foundation,,5,12,No,6,,0,4,Yes,Yes,Yes,,No,No,Yes,Yes,Met,2/3,Not Met
Asociacion TECSUP,STB18551,Student Branch,Asociacion TECSUP,,11,12,No,0,,0,4,No,No,No,,No,No,No,No,Not Met,0/3,Not Met
Autonomous Metropolitan Univ-Azcapotzalco,STB20221,Student Branch,Autonomous Metropolitan Univ-Azcapotzalco,,23,12,Yes,0,,0,4,No,Yes,No,,Yes,Yes,Yes,Yes,Partial,1/3,Not Met
Autonomous University of Baja California,STB2516633,Student Branch,Autonomous University of Baja California,,24,12,Yes,0,,0,4,No,Yes,Yes,,Yes,Yes,Yes,Yes,Met,2/3,Not Met
Benemerita Universidad Autonoma De Puebla,STB64141,Student Branch,Benemerita Universidad Autonoma De Puebla,,119,12,Yes,6,,0,4,Yes,Yes,Yes,,Yes,Yes,Yes,Yes,Met,3/3,Met
Catholic University of Asuncion,STB40276807,Student Branch,Catholic University of Asuncion,,2,12,No,0,,0,4,No,No,No,,No,No,No,No,Not Met,0/3,Not Met
Catholic University of Petropolis,STB39071,Student Branch,Catholic University of Petropolis,,0,12,No,0,,0,4,No,No,No,,No,No,No,No,Not Met,0/3,Not Met
Cefet/RJ-Centro Federal De Educ Tec Csf,STB63491,Student Branch,Cefet/RJ-Centro Federal De Educ Tec Csf,,58,12,Yes,3,,0,4,No,Yes,Yes,,Yes,Yes,No,No,Met,2/3,Not Met
Centro Federal Educacao Tecnologico-Minas Gerais,STB40000276,Student Branch,Centro Federal Educacao Tecnologico-Minas Gerais,,14,12,Yes,0,,0,4,No,No,Yes,,Yes,No,Yes,No,Partial,1/3,Not Met
Centro Nacional Investigacion Desarrollo,STB34401,Student Branch,Centro Nacional Investigacion Desarrollo,,11,12,No,0,,0,4,No,Yes,No,,No,No,No,No,Partial,0/3,Not Met
Centro Universitario Da Fei,STB13751,Student Branch,Centro Universitario da Fei,,12,12,Yes,0,,0,4,No,Yes,Yes,,No,No,No,No,Met,2/3,Not Met
Centro Universitario Ecatepec - UAEMex,STB13231,Student Branch,Centro Universitario Ecatepec - UAEMex,,1,12,No,0,,0,4,No,No,No,,No,No,No,No,Not Met,0/3,Not Met
Centro Universitario UAEM - Texcoco,STB12601,Student Branch,Centro Universitario UAEM - Texcoco,,1,12,No,0,,0,4,No,No,No,,No,No,No,No,Not Met,0/3,Not Met
Centro de Investigacion en Computacion,STB41492028,Student Branch,Centro de Investigacion en Computacion,,33,12,Yes,16,,1,4,Yes,Yes,Yes,,Yes,Yes,Yes,Yes,Met,3/3,Met
Centroamericana Univ Jose Simeon Canas,STB53001,Student Branch,Centroamericana Univ Jose Simeon Canas,,50,12,Yes,5,,6,4,Yes,Yes,Yes,,Yes,Yes,Yes,Yes,Met,3/3,Met
Chapingo Autonomous University,STB60226280,Student Branch,Chapingo Autonomous University,,67,12,Yes,17,,0,4,Yes,Yes,Yes,,Yes,Yes,Yes,Yes,Met,3/3,Met
Cicese Research Center,STB2598933,Student Branch,Cicese Research Center,,31,12,Yes,0,,0,4,No,Yes,Yes,,Yes,Yes,Yes,Yes,Met,2/3,Not Met
Cinvestav Guadalajara,STB60361,Student Branch,Cinvestav Guadalajara,,30,12,Yes,5,,0,4,Yes,Yes,Yes,,Yes,Yes,Yes,Yes,Met,3/3,Met
Cinvestav Zacatenco,STB60521,Student Branch,Cinvestav Zacatenco,,70,12,Yes,12,,7,4,Yes,Yes,Yes,,Yes,Yes,Yes,Yes,Met,3/3,Met
Cordoba Univ Tec Facultad Regional,STB60021,Student Branch,Cordoba Univ Tec Facultad Regional,,7,12,No,0,,0,4,No,Yes,Yes,,Yes,No,Yes,Yes,Met,1/3,Not Met
Corporacion Universitaria Minuto de Dios UNIMINUTO,STB60103228,Student Branch,Corporacion Universitaria Minuto de Dios UNIMINUTO,,0,12,No,0,,0,4,No,No,No,,No,No,No,No,Not Met,0/3,Not Met
Corporacion Universitaria Unitec,STB18371,Student Branch,Corporacion Universitaria Unitec,,0,12,No,0,,0,4,No,No,No,,No,No,No,No,Not Met,0/3,Not Met
Corporación Universitaria del Huila – CORHUILA,STB60236869,Student Branch,Corporación Universitaria del Huila – CORHUILA,,32,12,Yes,9,,1,4,Yes,Yes,Yes,,Yes,Yes,Yes,Yes,Met,3/3,Met
Costa Rica Institute of Technology,STB39461,Student Branch,Costa Rica Institute of Technology,,127,12,Yes,13,,2,4,Yes,Yes,Yes,,Yes,No,Yes,Yes,Met,3/3,Met
De La Salle University,STB40010389,Student Branch,De La Salle University,,6,12,No,0,,0,4,No,Yes,Yes,,No,No,No,No,Met,1/3,Not Met
El Salvador Univ Evangelica Univ,STB29381A,Student Branch,Universidad Evangélica de El Salvador,,47,12,Yes,21,,2,4,Yes,Yes,Yes,,Yes,Yes,Yes,Yes,Met,3/3,Met
Escola Politecnica Universidade de Sao Paulo,STB03651,Student Branch,Escola Politecnica Universidade de Sao Paulo,,10,12,No,0,,0,4,No,No,No,,No,No,No,No,Not Met,0/3,Not Met
Escola de Engenharia de Sao Carlos,STB03151,Student Branch,Escola de Engenharia de Sao Carlos,,29,12,Yes,0,,0,4,No,Yes,Yes,,Yes,Yes,Yes,No,Met,2/3,Not Met
Escuela Colombiana De Ingenieria Julio Garavito,STB27011,Student Branch,Escuela Colombiana De Ingenieria Julio Garavito,,10,12,No,0,,0,4,No,Yes,Yes,,Yes,Yes,No,Yes,Met,1/3,Not Met
Escuela Colombiana de Carreras Industriales,STB05421,Student Branch,Escuela Colombiana de Carreras Industriales,,17,12,Yes,1,,0,4,No,Yes,Yes,,Yes,Yes,Yes,Yes,Met,2/3,Not Met
Escuela De Aviacion Del Ejercito,STB60204105,Student Branch,Escuela De Aviacion Del Ejercito,,0,12,No,0,,0,4,No,No,No,,No,No,No,No,Not Met,0/3,Not Met
Escuela Especializada Ingenieria ITCA-FEPADE,STB11409,Student Branch,Escuela Especializada Ingenieria ITCA-FEPADE,,21,12,Yes,16,,0,4,Yes,Yes,Yes,,Yes,Yes,Yes,Yes,Met,3/3,Met
Escuela Militar de Ingenieria-La Paz,STB60961,Student Branch,Escuela Militar de Ingenieria-La Paz,,10,12,No,0,,0,4,No,Yes,Yes,,Yes,Yes,Yes,Yes,Met,1/3,Not Met
Escuela Militar de Ingenieria-Santa Cruz,STB11681,Student Branch,Escuela Militar de Ingenieria-Santa Cruz,,0,12,No,0,,0,4,No,No,Yes,,No,No,No,No,Partial,0/3,Not Met
Escuela Politecnica Nacional,STB12801,Student Branch,Escuela Politecnica Nacional,,211,12,Yes,15,,15,4,Yes,Yes,Yes,,Yes,Yes,Yes,Yes,Met,3/3,Met
Escuela Superior Politecnica Del Litoral,STB19041,Student Branch,Escuela Superior Politecnica del Litoral,,250,12,Yes,9,,2,4,Yes,Yes,Yes,,Yes,Yes,Yes,Yes,Met,3/3,Met
Escuela Superior Politecnica de Chimborazo,STB65531,Student Branch,Escuela Superior Politecnica de Chimborazo,,208,12,Yes,0,,3,4,No,Yes,Yes,,Yes,Yes,Yes,Yes,Met,2/3,Not Met
Escuela Superior de Computo del IPN,STB66061,Student Branch,Escuela Superior de Computo del IPN,,13,12,Yes,0,,0,4,No,Yes,No,,Yes,Yes,Yes,No,Partial,1/3,Not Met
Escuela Tecnologica Instituto Tecnico Central,STB13041,Student Branch,Escuela Tecnologica Instituto Tecnico Central,,9,12,No,1,,0,4,No,No,Yes,,No,No,No,No,Partial,0/3,Not Met
Faculdade de Tecnologia Senai Cimatec,STB06891,Student Branch,Faculdade de Tecnologia Senai Cimatec,,4,12,No,1,,0,4,No,No,No,,Yes,No,No,No,Not Met,0/3,Not Met
Faculdade de Tecnologia e Ciencias-Bahia,STB63441,Student Branch,Faculdade de Tecnologia e Ciencias-Bahia,,0,12,No,0,,0,4,No,No,No,,No,No,No,No,Not Met,0/3,Not Met
Faculdades Jorge Amado,STB11449,Student Branch,Faculdades Jorge Amado,,0,12,No,0,,0,4,No,No,No,,No,No,No,No,Not Met,0/3,Not Met
Facultad Multidisciplinaria de Occidente UES,STB11702,Student Branch,Facultad Multidisciplinaria de Occidente UES,,0,12,No,0,,0,4,No,No,No,,No,No,No,No,Not Met,0/3,Not Met
Favaloro University,STB66011,Student Branch,Favaloro University,,1,12,No,0,,0,4,No,No,No,,No,No,No,No,Not Met,0/3,Not Met
Federal Fluminense University,STB20521,Student Branch,Federal Fluminense University,,52,12,Yes,20,,1,4,Yes,Yes,Yes,,Yes,Yes,Yes,Yes,Met,3/3,Met
Federal Institute of Paraiba-Campina Grande,STB13561,Student Branch,Federal Institute of Paraiba-Campina Grande,,18,12,Yes,0,,3,4,No,Yes,Yes,,Yes,Yes,Yes,Yes,Met,2/3,Not Met
Federal Institute of Rio Grande do Norte,STB60229023,Student Branch,Federal Institute of Rio Grande do Norte,,19,12,Yes,0,,2,4,No,Yes,Yes,,Yes,Yes,No,Yes,Met,2/3,Not Met
Federal University of Amazonas,STB60021833,Student Branch,Federal University of Amazonas,,19,12,Yes,0,,0,4,No,Yes,Yes,,No,No,No,No,Met,2/3,Not Met
Federal University of Bahia,STB93051,Student Branch,Federal University of Bahia,,46,12,Yes,6,,28,4,Yes,Yes,Yes,,Yes,Yes,Yes,Yes,Met,3/3,Met
Federal University of Ceara,STB62081,Student Branch,Federal University of Ceara,,75,12,Yes,0,,5,4,No,Yes,Yes,,Yes,Yes,Yes,Yes,Met,2/3,Not Met
Federal University of Goias,STB08571,Student Branch,Federal University of Goias,,40,12,Yes,6,,0,4,Yes,Yes,Yes,,Yes,Yes,Yes,Yes,Met,3/3,Met
Federal University of Mato Grosso,STB40192365,Student Branch,Federal University of Mato Grosso,,12,12,Yes,1,,0,4,No,No,Yes,,No,No,No,No,Partial,1/3,Not Met
Federal University of Minas Gerais,STB12521,Student Branch,Federal University of Minas Gerais,,26,12,Yes,1,,0,4,No,Yes,Yes,,Yes,Yes,No,Yes,Met,2/3,Not Met
Federal University of Ouro Preto,STB40273279,Student Branch,Federal University of Ouro Preto,,13,12,Yes,3,,0,4,No,Yes,Yes,,Yes,Yes,Yes,No,Met,2/3,Not Met
Federal University of Parana,STB35901,Student Branch,Federal University of Parana,,17,12,Yes,0,,0,4,No,Yes,Yes,,Yes,Yes,Yes,Yes,Met,2/3,Not Met
Federal University of Pelotas,STB40053131,Student Branch,Federal University of Pelotas,,44,12,Yes,0,,0,4,No,Yes,Yes,,Yes,Yes,Yes,No,Met,2/3,Not Met
Federal University of Rio Grande,STB11375,Student Branch,Federal University of Rio Grande,,1,12,No,0,,0,4,No,No,No,,No,No,No,No,Not Met,0/3,Not Met
Federal University of Rio Grande do Sul,STB66441,Student Branch,Federal University of Rio Grande do Sul,,3,12,No,0,,0,4,No,Yes,Yes,,No,Yes,Yes,Yes,Met,1/3,Not Met
Federal University of Rondônia Foundation,STB60222106,Student Branch,Federal University of Rondônia Foundation,,0,12,No,0,,0,4,No,No,No,,No,No,No,No,Not Met,0/3,Not Met
Federal University of Sao Carlos,STB60271,Student Branch,Federal University of Sao Carlos,,3,12,No,0,,0,4,No,No,No,,No,No,No,No,Not Met,0/3,Not Met
Federal University of Sao Joao del-Rei,STB11757,Student Branch,Federal University of Sao Joao del-Rei,,13,12,Yes,3,,0,4,No,Yes,Yes,,Yes,Yes,Yes,No,Met,2/3,Not Met
Federal University of Sergipe,STB60020518,Student Branch,Federal University of Sergipe,,35,12,Yes,3,,0,4,No,Yes,Yes,,Yes,Yes,Yes,Yes,Met,2/3,Not Met
Federal University of Tocantins,STB18491,Student Branch,Federal University of Tocantins,,18,12,Yes,4,,0,4,Yes,Yes,Yes,,Yes,Yes,Yes,Yes,Met,3/3,Met
Federal University of Vicosa,STB66311,Student Branch,Federal University of Vicosa,,4,12,No,0,,0,4,No,No,No,,No,No,No,No,Not Met,0/3,Not Met
Federico Santa Maria Technical University,STB04321,Student Branch,Federico Santa Maria Technical University,,48,12,Yes,1,,3,4,No,Yes,Yes,,No,Yes,Yes,No,Met,2/3,Not Met
Fidelitas Univ,STB62171,Student Branch,Fidelitas Univ,,3,12,No,0,,0,4,No,No,No,,No,No,No,No,Not Met,0/3,Not Met
Fundacion Universitaria Compensar,STB60222205,Student Branch,Fundacion Universitaria Compensar,,3,12,No,0,,0,4,No,No,No,,No,No,No,No,Not Met,0/3,Not Met
Fundacion Universitaria Tecnologico Comfenalco,STB64289,Student Branch,Fundacion Universitaria Tecnologico Comfenalco,,11,12,No,0,,0,4,No,No,No,,No,No,No,No,Not Met,0/3,Not Met
Granada Univ Militar Nueva,STB63981,Student Branch,Granada Univ Militar Nueva,,11,12,No,0,,1,4,No,Yes,Yes,,Yes,Yes,Yes,No,Met,1/3,Not Met
Honduras Univ Nacional Autonoma,STB28241,Student Branch,Honduras Univ Nacional Autonoma,,40,12,Yes,5,,0,4,Yes,Yes,Yes,,Yes,Yes,Yes,Yes,Met,3/3,Met
IES 9012 San Rafael en Informatica,STB10223,Student Branch,IES 9012 San Rafael en Informatica,,0,12,No,0,,0,4,No,No,No,,No,No,No,No,Not Met,0/3,Not Met
IFBA-Campus Vitoria da Conquista,STB39666,Student Branch,IFBA-Campus Vitoria da Conquista,,10,12,No,0,,0,4,No,No,Yes,,No,No,No,No,Partial,0/3,Not Met
Icesi University,STB02571,Student Branch,Icesi University,,46,12,Yes,11,,1,4,Yes,Yes,Yes,,Yes,Yes,Yes,Yes,Met,3/3,Met
Inst Fed de Educacao Ciencia e Tecn da Paraiba,STB04261,Student Branch,Inst Fed de Educacao Ciencia e Tecn da Paraiba,,10,12,No,0,,0,4,No,Yes,Yes,,No,No,No,No,Met,1/3,Not Met
Inst Politecnico Nacional Micro y Nanotecnologias,STB60233006,Student Branch,Inst Politecnico Nacional Micro y Nanotecnologias,,18,12,Yes,14,,5,4,Yes,Yes,Yes,,Yes,Yes,Yes,Yes,Met,3/3,Met
Inst Superior Tec Privado TECSUP,STB12001,Student Branch,Inst Superior Tec Privado TECSUP,,85,12,Yes,4,,8,4,Yes,Yes,Yes,,Yes,Yes,Yes,Yes,Met,3/3,Met
Inst Superior Tecnologico Martha Bucaram Roldos,STB60222645,Student Branch,Inst Superior Tecnologico Martha Bucaram Roldos,,1,12,No,0,,0,4,No,No,No,,No,No,No,No,Not Met,0/3,Not Met
Inst Tec Estudios Sup Monterrey - Puebla Campus,STB66031,Student Branch,Inst Tec Estudios Sup Monterrey - Puebla Campus,,21,12,Yes,9,,0,4,Yes,Yes,Yes,,Yes,Yes,Yes,Yes,Met,3/3,Met
Inst Tec Sup de Calkini en el Estado de Campeche,STB11512,Student Branch,Inst Tec Sup de Calkini en el Estado de Campeche,,0,12,No,0,,0,4,No,No,No,,No,No,No,No,Not Met,0/3,Not Met
Inst Tec Superior de Acatlan de Osorio,STB60217766,Student Branch,Inst Tec Superior de Acatlan de Osorio,,17,12,Yes,1,,0,4,No,Yes,Yes,,Yes,Yes,Yes,Yes,Met,2/3,Not Met
Inst Tecnologico Superior De Irapuato,STB36021,Student Branch,Instituto Tecnologico Superior De Irapuato,,5,12,No,8,,0,4,Yes,Yes,Yes,,No,No,No,No,Met,2/3,Not Met
Inst Tecnologico de Costa Rica - Sede San Carlos,STB11587,Student Branch,Inst Tecnologico de Costa Rica - Sede San Carlos,,12,12,Yes,18,,5,4,Yes,Yes,No,,Yes,Yes,Yes,Yes,Partial,2/3,Not Met
Institucion Universitaria CESMAG,STB03103,Student Branch,Institucion Universitaria CESMAG,,0,12,No,0,,0,4,No,No,No,,No,No,No,No,Not Met,0/3,Not Met
Institucion Universitaria de Barranquilla,STB66461,Student Branch,Institucion Universitaria de Barranquilla,,28,12,Yes,4,,2,4,Yes,Yes,Yes,,Yes,Yes,No,Yes,Met,3/3,Met
Instituto Federal Fluminense-Centro,STB14024,Student Branch,Instituto Federal Fluminense-Centro,,24,12,Yes,3,,0,4,No,Yes,Yes,,Yes,Yes,Yes,Yes,Met,2/3,Not Met
Instituto Federal Fluminense-Macae,STB14010,Student Branch,Instituto Federal Fluminense-Macae,,17,12,Yes,0,,0,4,No,Yes,Yes,,Yes,Yes,Yes,Yes,Met,2/3,Not Met
Instituto Federal da Bahia-Paulo Afonso,STB11416,Student Branch,Instituto Federal da Bahia-Paulo Afonso,,21,12,Yes,0,,0,4,No,No,Yes,,No,No,No,No,Partial,1/3,Not Met
Instituto Federal de Brasilia,STB03230,Student Branch,Instituto Federal de Brasilia,,1,12,No,1,,0,4,No,Yes,No,,No,No,No,No,Partial,0/3,Not Met
Instituto Federal de Educacao Ciencia e Tec-Bahia,STB64651,Student Branch,Instituto Federal de Educacao Ciencia e Tec-Bahia,,3,12,No,0,,0,4,No,No,No,,No,No,No,No,Not Met,0/3,Not Met
Instituto Maua de Tecnologia,STB40243147,Student Branch,Instituto Maua de Tecnologia,,1,12,No,0,,0,4,No,No,No,,No,No,No,No,Not Met,0/3,Not Met
"Instituto Nac De Astrofisica,Optica & Electronica",STB27051,Student Branch,"Instituto Nac De Astrofisica,Optica & Electronica",,26,12,Yes,4,,2,4,Yes,Yes,Yes,,Yes,Yes,Yes,Yes,Met,3/3,Met
Instituto Politecnico Nacional Culhuacan-Esime,STB29441,Student Branch,Instituto Politecnico Nacional Culhuacan-Esime,,35,12,Yes,1,,0,4,No,Yes,Yes,,Yes,Yes,Yes,No,Met,2/3,Not Met
Instituto Politecnico Nacional-Azcapotzalco,STB40111287,Student Branch,Instituto Politecnico Nacional-Azcapotzalco,,6,12,No,2,,0,4,No,No,No,,Yes,No,No,Yes,Not Met,0/3,Not Met
Instituto Politecnico Nacional-ESIME Zacatenco,STB00571,Student Branch,Instituto Politecnico Nacional-ESIME Zacatenco,,53,12,Yes,14,,1,4,Yes,Yes,Yes,,Yes,Yes,Yes,Yes,Met,3/3,Met
Instituto Politécnico Nacional-UPIIZ,STB60240676,Student Branch,Instituto Politécnico Nacional-UPIIZ,,19,12,Yes,0,,0,4,No,Yes,Yes,,No,No,No,No,Met,2/3,Not Met
Instituto Tec De Aguascalientes,STB36051,Student Branch,Instituto Tec De Aguascalientes,,3,12,No,2,,1,4,No,Yes,Yes,,No,No,Yes,No,Met,1/3,Not Met
Instituto Tec Estudios-Monterrey,STB05171,Student Branch,Instituto Tec Estudios-Monterrey,,8,12,No,0,,0,4,No,No,Yes,,Yes,Yes,Yes,No,Partial,0/3,Not Met
Instituto Tec de Estudio Sup Monterrey-Guadalajara,STB39931,Student Branch,Insitutto Tec de Estudio Sup Monterrey-Guadalajara,,9,12,No,0,,0,4,No,No,No,,No,No,No,No,Not Met,0/3,Not Met
Instituto Tec de Estudios Superior de Los Cabos,STB07171,Student Branch,Instituto Tec de Estudios Superior de Los Cabos,,0,12,No,0,,0,4,No,No,No,,No,No,No,No,Not Met,0/3,Not Met
Instituto Tecnologico Autonomo De Mexico,STB39981,Student Branch,Instituto Tecnologico Autonomo De Mexico,,1,12,No,0,,0,4,No,No,No,,No,No,No,No,Not Met,0/3,Not Met
Instituto Tecnologico De Acapulco,STB63171,Student Branch,Instituto Tecnologico De Acapulco,,0,12,No,0,,0,4,No,No,No,,No,No,No,No,Not Met,0/3,Not Met
Instituto Tecnologico De Apizaco,STB63701,Student Branch,Instituto Tecnologico de Apizaco,,3,12,No,0,,0,4,No,No,No,,No,No,No,No,Not Met,0/3,Not Met
Instituto Tecnologico De Celaya,STB37831,Student Branch,Instituto Tecnologico de Celaya,,21,12,Yes,0,,0,4,No,Yes,Yes,,Yes,Yes,Yes,Yes,Met,2/3,Not Met
Instituto Tecnologico De Chihuahua,STB38681,Student Branch,Instituto Tecnologico De Chihuahua,,11,12,No,1,,0,4,No,Yes,Yes,,Yes,Yes,Yes,Yes,Met,1/3,Not Met
Instituto Tecnologico De Ciudad Madero,STB89501,Student Branch,Instituto Tecnologico De Ciudad Madero,,16,12,Yes,3,,0,4,No,No,Yes,,No,No,No,No,Partial,1/3,Not Met
Instituto Tecnologico De Cuautla,STB08251,Student Branch,Instituto Tecnologico de Cuautla,,0,12,No,0,,0,4,No,No,No,,No,No,No,No,Not Met,0/3,Not Met
Instituto Tecnologico De Durango,STB39201,Student Branch,Instituto Tecnologico De Durango,,15,12,Yes,0,,5,4,No,Yes,Yes,,Yes,Yes,Yes,Yes,Met,2/3,Not Met
Instituto Tecnologico De Hermosillo,STB34381,Student Branch,Instituto Tecnologico de Hermosillo,,27,12,Yes,0,,0,4,No,Yes,Yes,,Yes,Yes,No,No,Met,2/3,Not Met
Instituto Tecnologico De Lazaro Cardenas,STB99992A,Student Branch,Instituto Tecnologico De Lazaro Cardenas,,65,12,Yes,0,,0,4,No,No,Yes,,No,No,No,No,Partial,1/3,Not Met
Instituto Tecnologico De Morelia,STB99521,Student Branch,Instituto Tecnologico de Morelia,,76,12,Yes,10,,0,4,Yes,Yes,Yes,,Yes,Yes,Yes,Yes,Met,3/3,Met
Instituto Tecnologico De Puebla,STB60081,Student Branch,Instituto Tecnologico de Puebla,,2,12,No,0,,0,4,No,No,No,,No,No,No,No,Not Met,0/3,Not Met
Instituto Tecnologico De Queretaro,STB99111,Student Branch,Instituto Tecnologico de Queretaro,,0,12,No,0,,0,4,No,No,No,,No,No,No,No,Not Met,0/3,Not Met
Instituto Tecnologico De San Luis Potosi,STB13551,Student Branch,Instituto Tecnologico De San Luis Potosi,,1,12,No,0,,0,4,No,No,No,,No,No,No,No,Not Met,0/3,Not Met
Instituto Tecnologico De Sonora,STB35761,Student Branch,Instituto Tecnologico De Sonora,,36,12,Yes,0,,0,4,No,Yes,Yes,,Yes,Yes,Yes,No,Met,2/3,Not Met
Instituto Tecnologico De Tuxtla Gutierrez,STB34571,Student Branch,Instituto Tecnologico De Tuxtla Gutierrez,,10,12,No,0,,0,4,No,Yes,Yes,,Yes,No,No,No,Met,1/3,Not Met
Instituto Tecnologico De Veracruz,STB29431,Student Branch,Instituto Tecnologico De Veracruz,,71,12,Yes,0,,0,4,No,Yes,Yes,,Yes,Yes,Yes,Yes,Met,2/3,Not Met
Instituto Tecnologico Metropolitano,STB12561,Student Branch,Instituto Tecnologico Metropolitano,,1,12,No,0,,0,4,No,No,No,,No,No,No,No,Not Met,0/3,Not Met
Instituto Tecnologico Nacional Campus Zacatepec,STB36071,Student Branch,Instituto Tecnologico Nacional Campus Zacatepec,,10,12,No,0,,0,4,No,Yes,No,,No,No,No,No,Partial,0/3,Not Met
Instituto Tecnologico Superior Oriente,STB10178,Student Branch,Instituto Tecnologico Superior Oriente,,0,12,No,0,,0,4,No,No,No,,No,No,No,No,Not Met,0/3,Not Met
Instituto Tecnologico Superior de Atlixco,STB11479,Student Branch,Instituto Tecnologico Superior de Atlixco,,41,12,Yes,9,,0,4,Yes,Yes,Yes,,Yes,No,Yes,Yes,Met,3/3,Met
Instituto Tecnologico Superior de Coatzacoalcos,STB03571,Student Branch,Instituto Tecnologico Superior de Coatzacoalcos,,57,12,Yes,0,,0,4,No,Yes,Yes,,Yes,Yes,Yes,Yes,Met,2/3,Not Met
Instituto Tecnologico Superior de Comalcalco,STB12301,Student Branch,Instituto Tecnologico Superior de Comalcalco,,0,12,No,0,,0,4,No,No,No,,No,No,No,No,Not Met,0/3,Not Met
Instituto Tecnologico Superior de Guanajuato,STB17441,Student Branch,Instituto Tecnologico Superior de Guanajuato,,0,12,No,0,,0,4,No,No,No,,No,No,No,No,Not Met,0/3,Not Met
Instituto Tecnologico Superior de Huauchinango,STB60207226,Student Branch,Instituto Tecnologico Superior de Huauchinango,,65,12,Yes,4,,0,4,Yes,Yes,Yes,,Yes,Yes,Yes,Yes,Met,3/3,Met
Instituto Tecnologico Superior de Huichapan,STB14921,Student Branch,Instituto Tecnologico Superior de Huichapan,,0,12,No,0,,0,4,No,No,No,,No,No,No,No,Not Met,0/3,Not Met
Instituto Tecnologico Superior de Lerdo,STB60631,Student Branch,Instituto Tecnologico Superior de Lerdo,,0,12,No,0,,0,4,No,No,No,,No,No,No,No,Not Met,0/3,Not Met
Instituto Tecnologico Superior de Misantla,STB60224241,Student Branch,Instituto Tecnologico Superior de Misantla,,15,12,Yes,0,,0,4,No,No,Yes,,No,No,No,No,Partial,1/3,Not Met
Instituto Tecnologico Superior de Naranjos,STB60209749,Student Branch,Instituto Tecnologico Superior de Naranjos,,0,12,No,0,,0,4,No,No,No,,No,No,No,No,Not Met,0/3,Not Met
Instituto Tecnologico Superior de Patzcuaro,STB11555,Student Branch,Instituto Tecnologico Superior de Patzcuaro,,1,12,No,0,,0,4,No,No,No,,No,No,No,No,Not Met,0/3,Not Met
Instituto Tecnologico Superior de Poza Rica,STB10089,Student Branch,Instituto Tecnologico Superior de Poza Rica,,5,12,No,0,,0,4,No,No,No,,No,No,No,No,Not Met,0/3,Not Met
Instituto Tecnologico Superior de Uruapan,STB11527,Student Branch,Instituto Tecnologico Superior de Uruapan,,12,12,Yes,0,,0,4,No,Yes,No,,No,No,No,No,Partial,1/3,Not Met
Instituto Tecnologico Superior de Xalapa,STB01015,Student Branch,Instituto Tecnologico Superior de Xalapa,,30,12,Yes,0,,0,4,No,Yes,Yes,,Yes,Yes,Yes,No,Met,2/3,Not Met
Instituto Tecnologico de Buenos Aires,STB06421,Student Branch,Instituto Tecnologico de Buenos Aires,,38,12,Yes,3,,1,4,No,Yes,Yes,,No,No,No,No,Met,2/3,Not Met
Instituto Tecnologico de Ciudad Guzman,STB60371,Student Branch,Instituto Tecnologico de Ciudad Guzman,,3,12,No,0,,0,4,No,No,No,,No,No,No,No,Not Met,0/3,Not Met
Instituto Tecnologico de Culiacan,STB18611,Student Branch,Instituto Tecnologico de Culiacan,,31,12,Yes,2,,5,4,No,Yes,Yes,,Yes,Yes,Yes,Yes,Met,2/3,Not Met
Instituto Tecnologico de Estudios Sup de Occidente,STB26071,Student Branch,Instituto Tecnologico de Estudios Sup De Occidente,,2,12,No,0,,0,4,No,No,No,,No,No,No,No,Not Met,0/3,Not Met
Instituto Tecnologico de La Laguna,STB21581,Student Branch,Instituto Tecnologico de La Laguna,,26,12,Yes,0,,0,4,No,Yes,Yes,,Yes,Yes,Yes,Yes,Met,2/3,Not Met
Instituto Tecnologico de Leon,STB11331,Student Branch,Instituto Tecnologico de Leon,,2,12,No,0,,0,4,No,No,No,,No,No,No,No,Not Met,0/3,Not Met
Instituto Tecnologico de Merida,STB06621,Student Branch,Instituto Tecnologico de Merida,,28,12,Yes,1,,0,4,No,Yes,Yes,,Yes,Yes,Yes,Yes,Met,2/3,Not Met
Instituto Tecnologico de Minatitlan,STB09221,Student Branch,Instituto Tecnologico de Minatitlan,,2,12,No,0,,0,4,No,No,No,,No,No,No,No,Not Met,0/3,Not Met
Instituto Tecnologico de Nuevo Leon,STB66521,Student Branch,Instituto Tecnologico de Nuevo Leon,,5,12,No,0,,0,4,No,Yes,No,,No,No,Yes,No,Partial,0/3,Not Met
Instituto Tecnologico de Orizaba,STB37821,Student Branch,Instituto Tecnologico de Orizaba,,31,12,Yes,0,,0,4,No,Yes,Yes,,Yes,Yes,Yes,Yes,Met,2/3,Not Met
Instituto Tecnologico de Pabellon de Arteaga,STB60220525,Student Branch,Instituto Tecnologico de Pabellon de Arteaga,,29,12,Yes,1,,2,4,No,No,Yes,,No,Yes,Yes,Yes,Partial,1/3,Not Met
Instituto Tecnologico de Pachuca,STB07051A,Student Branch,Instituto Tecnologico de Pachuca,,20,12,Yes,0,,0,4,No,Yes,No,,Yes,Yes,Yes,Yes,Partial,1/3,Not Met
Instituto Tecnologico de Toluca,STB03321,Student Branch,Instituto Tecnologico de Toluca,,5,12,No,1,,0,4,No,Yes,Yes,,Yes,No,Yes,No,Met,1/3,Not Met
Instituto Tecnologico de la Costa Grande,STB62521A,Student Branch,Instituto Tecnologico de la Costa Grande,,20,12,Yes,0,,0,4,No,Yes,Yes,,No,No,No,No,Met,2/3,Not Met
Instituto de Desenvolvimento e Pesquisa,STB60227687,Student Branch,Instituto de Desenvolvimento e Pesquisa,,27,12,Yes,6,,0,4,Yes,Yes,Yes,,Yes,Yes,Yes,Yes,Met,3/3,Met
Interamerican University of Puerto Rico,STB35171,Student Branch,Interamerican University of Puerto Rico,,2,12,No,0,,0,4,No,No,No,,No,No,No,No,Not Met,0/3,Not Met
Iteso University,STB64629,Student Branch,Iteso University,,12,12,Yes,0,,0,4,No,No,No,,No,No,No,No,Not Met,1/3,Not Met
La Universidad Nacional Agraria de la Selva,STB64287,Student Branch,La Universidad Nacional Agraria de la Selva,,0,12,No,0,,0,4,No,No,No,,No,No,No,No,Not Met,0/3,Not Met
Leon Instituto Tecnologico,STB11011,Student Branch,Leon Instituto Tecnologico,,0,12,No,0,,0,4,No,No,No,,No,No,No,No,Not Met,0/3,Not Met
Mackenzie University-Escola De Eng,STB11071,Student Branch,Mackenzie University-Escola De Eng,,1,12,No,0,,0,4,No,No,No,,No,No,No,No,Not Met,0/3,Not Met
National Univ of Central Buenos Aires (UNICEN),STB61851,Student Branch,National University of Central Buenos Aires,,1,12,No,0,,0,4,No,No,No,,No,No,No,No,Not Met,0/3,Not Met
National University of Costa Rica,STB40239987,Student Branch,National University of Costa Rica,,27,12,Yes,2,,3,4,No,Yes,Yes,,Yes,Yes,Yes,Yes,Met,2/3,Not Met
National University of Entre Rios,STB13251,Student Branch,National University of Entre Rios,,0,12,No,0,,0,4,No,No,No,,No,No,No,No,Not Met,0/3,Not Met
National University of Rio Cuarto,STB63731,Student Branch,National University of Rio Cuarto,,5,12,No,0,,0,4,No,No,No,,No,No,No,No,Not Met,0/3,Not Met
Nicaragua Univ Nacional De Ingenieria,STB86101,Student Branch,Nicaragua Univ Nacional De Ingenieria,,4,12,No,0,,0,4,No,No,No,,No,No,No,No,Not Met,0/3,Not Met
Ort Instituto Tecnologico-Uruguay,STB60261,Student Branch,Ort Instituto Tecnologico-Uruguay,,1,12,No,1,,1,4,No,No,No,,No,No,No,No,Not Met,0/3,Not Met
PUC Minas-Pocos de Caldas,STB20129,Student Branch,PUC Minas-Pocos de Caldas,,0,12,No,0,,0,4,No,No,No,,No,No,No,No,Not Met,0/3,Not Met
Politecnico de la Costa Atlantica,STB99095,Student Branch,Politecnico de la Costa Atlantica,,0,12,No,0,,0,4,No,No,No,,No,No,No,No,Not Met,0/3,Not Met
Polytechnic University of Puerto Rico,STB29291,Student Branch,Polytechnic University of Puerto Rico,,63,12,Yes,0,,0,4,No,Yes,No,,No,No,No,No,Partial,1/3,Not Met
Pontifical Catholic University of Minas Gerais,STB04981,Student Branch,Pontifical Catholic University of Minas Gerais,,1,12,No,0,,0,4,No,No,No,,No,No,No,No,Not Met,0/3,Not Met
Pontifical Catholic University of Rio de Janeiro,STB14071,Student Branch,Pontifical Catholic University of Rio de Janeiro,,7,12,No,0,,0,4,No,No,No,,No,No,No,No,Not Met,0/3,Not Met
Pontificia Univ Javeriana Sede Bogota,STB04591,Student Branch,Pontificia Univ Javeriana Sede Bogota,,51,12,Yes,86,,2,4,Yes,Yes,Yes,,Yes,Yes,Yes,Yes,Met,3/3,Met
Pontificia Universidad Catolica de Chile,STB09191,Student Branch,Pontificia Universidad Catolica de Chile,,43,12,Yes,2,,5,4,No,Yes,Yes,,Yes,Yes,Yes,Yes,Met,2/3,Not Met
Pontificia Universidad Catolica de Valparaiso,STB21611,Student Branch,Pontificia Universidad Catolica de Valparaiso,,58,12,Yes,1,,4,4,No,Yes,Yes,,No,No,Yes,Yes,Met,2/3,Not Met
Pontificia Universidad Catolica del Ecuador,STB62531,Student Branch,Pontificia Universidad Catolica del Ecuador,,4,12,No,0,,0,4,No,No,Yes,,No,No,No,No,Partial,0/3,Not Met
Pontificia Universidad Catolica del Peru,STB03241,Student Branch,Pontificia Universidad Catolica del Peru,,108,12,Yes,0,,2,4,No,Yes,Yes,,Yes,Yes,Yes,No,Met,2/3,Not Met
Pontificia Universidad Javeriana-Cali,STB60181,Student Branch,Pontificia Universidad Javeriana-Cali,,1,12,No,0,,0,4,No,No,No,,No,No,No,No,Not Met,0/3,Not Met
Puerto Rico Univ Of-Mayaguez,STB01571,Student Branch,Puerto Rico Univ Of-Mayaguez,,171,12,Yes,9,,0,4,Yes,Yes,Yes,,No,Yes,No,No,Met,3/3,Met
Rafael Landivar University,STB97041,Student Branch,Rafael Landivar University,,7,12,No,0,,0,4,No,No,No,,No,No,No,No,Not Met,0/3,Not Met
Santa Cruz Univ Privada de la Sierra,STB09401,Student Branch,Santa Cruz Univ Privada de la Sierra,,0,12,No,0,,0,4,No,No,No,,No,No,No,No,Not Met,0/3,Not Met
Santa Maria La Antigua Univ,STB11661,Student Branch,Santa Maria La Antigua Univ,,0,12,No,0,,0,4,No,No,No,,No,No,No,No,Not Met,0/3,Not Met
Servicio Nacional de Aprendizale - Antioquia,STB09881,Student Branch,Servicio Nacional de Aprendizale - Antioquia,,4,12,No,0,,0,4,No,No,No,,No,No,No,No,Not Met,0/3,Not Met
Simon Bolivar University,STB98341,Student Branch,Simon Bolivar University,,3,12,No,0,,0,4,No,No,No,,No,No,No,No,Not Met,0/3,Not Met
State University of Haiti,STB16141,Student Branch,State University of Haiti,,1,12,No,0,,0,4,No,No,No,,No,No,No,No,Not Met,0/3,Not Met
State University of Londrina,STB10961,Student Branch,State University of Londrina,,8,12,No,1,,0,4,No,No,No,,No,No,Yes,No,Not Met,0/3,Not Met
TecNM Iztapalapa III,STB60203327,Student Branch,Instituto Tecnologico de Iztapalapa III,,7,12,No,0,,1,4,No,Yes,Yes,,Yes,Yes,No,No,Met,1/3,Not Met
Tecnologico de Estudios Sup de Villa Guerrero,STB12661,Student Branch,Tecnologico de Estudios Sup de Villa Guerrero,,0,12,No,0,,0,4,No,No,No,,No,No,No,No,Not Met,0/3,Not Met
Tecnologico de Estudios Superiores de Coacalco,STB03021,Student Branch,Tecnologico de Estudios Superiores de Coacalco,,0,12,No,0,,0,4,No,No,No,,No,No,No,No,Not Met,0/3,Not Met
Tecnologico de Estudios Superiores de Ixtapaluca,STB10001,Student Branch,Tecnologico de Estudios Superiores de Ixtapaluca,,1,12,No,0,,0,4,No,No,No,,No,No,No,No,Not Met,0/3,Not Met
Tecnologico de Estudios Superiores-Tianguistenco,STB99090,Student Branch,Tecnologico de Estudios Superiores-Tianguistenco,,0,12,No,0,,0,4,No,No,No,,No,No,No,No,Not Met,0/3,Not Met
Tecnologico de Monterrey,STB39211,Student Branch,Tecnologico de Monterrey,,26,12,Yes,0,,0,4,No,Yes,Yes,,Yes,Yes,Yes,Yes,Met,2/3,Not Met
Tecnologico de Monterrey - Santa Fe,STB16131,Student Branch,Tecnologico de Monterrey - Santa Fe,,1,12,No,0,,0,4,No,No,Yes,,No,No,No,No,Partial,0/3,Not Met
Tecnologico de Software,STB60239883,Student Branch,Tecnologico de Software,,39,12,Yes,0,,1,4,No,Yes,Yes,,Yes,Yes,Yes,Yes,Met,2/3,Not Met
UADER Faculty of Science and Technology,STB11528,Student Branch,UADER Faculty of Science and Technology,,0,12,No,1,,0,4,No,No,Yes,,No,No,No,No,Partial,0/3,Not Met
UDG-Centro Universitario de Tonala,STB10203,Student Branch,Universidad de Guadalajara-Centro Univ de Tonala,,10,12,No,0,,0,4,No,No,No,,No,No,No,No,Not Met,0/3,Not Met
UNITEC - San Pedro Sula,STB99375,Student Branch,Universidad Tec. Centroamericana-San Pedro Sula,,28,12,Yes,1,,3,4,No,Yes,Yes,,Yes,Yes,Yes,Yes,Met,2/3,Not Met
UPIBI - IPN,STB65511,Student Branch,UPIBI - IPN,,0,12,No,0,,0,4,No,No,No,,No,No,No,No,Not Met,0/3,Not Met
UTN-Facultad Regional San Nicolas,STB64294,Student Branch,Universidad Tecnologica Nacional-San Nicolas,,2,12,No,0,,0,4,No,No,No,,No,No,No,No,Not Met,0/3,Not Met
UVM Guadalajara Sur,STB11758,Student Branch,Universidad del Valle de Mexico-Guadalajara Sur,,0,12,No,0,,0,4,No,No,No,,No,No,No,No,Not Met,0/3,Not Met
Unidad Prof Interdiscip En Ing Tec Avanzadas-IPN,STB62811,Student Branch,Unidad Prof Interdiscip En Ing Tec Avanzadas-IPN,,84,12,Yes,19,,7,4,Yes,Yes,Yes,,Yes,Yes,Yes,Yes,Met,3/3,Met
Unidades Tecnologicas de Santander,STB60137284,Student Branch,Unidades Tecnologicas de Santander,,16,12,Yes,0,,0,4,No,Yes,Yes,,No,No,No,No,Met,2/3,Not Met
Unifesspa–Federal Univ of South and Southeast-Pará,STB60236490,Student Branch,Unifesspa–Federal Univ of South and Southeast-Pará,,14,12,Yes,0,,0,4,No,Yes,Yes,,Yes,Yes,Yes,Yes,Met,2/3,Not Met
Univ Autonoma Metropolitana-Iztapalapa,STB39941,Student Branch,Univ Autonoma Metropolitana-Iztapalapa,,9,12,No,1,,1,4,No,Yes,Yes,,No,Yes,No,No,Met,1/3,Not Met
Univ Autonoma del Estado de Hidalgo - Tlahuelilpan,STB60217858,Student Branch,Univ Autonoma del Estado de Hidalgo - Tlahuelilpan,,0,12,No,1,,0,4,No,Yes,No,,No,No,Yes,No,Partial,0/3,Not Met
Univ Bonaterra,STB33751,Student Branch,Univ Bonaterra,,0,12,No,0,,0,4,No,No,No,,No,No,No,No,Not Met,0/3,Not Met
Univ Cooperativa De Colombia Sede Bogota,STB62391,Student Branch,Univ Cooperativa De Colombia Sede Bogota,,0,12,No,0,,0,4,No,No,No,,No,No,No,No,Not Met,0/3,Not Met
Univ Cooperativa de Colombia Sede Santa Martac,STB64131,Student Branch,Univ Cooperativa de Colombia Sede Santa Martac,,16,12,Yes,10,,6,4,Yes,Yes,Yes,,Yes,Yes,Yes,Yes,Met,3/3,Met
Univ De Ibague - Coruniversitaria,STB62121,Student Branch,Univ De Ibague - Coruniversitaria,,0,12,No,0,,0,4,No,No,No,,No,No,No,No,Not Met,0/3,Not Met
Univ Distrital Francisco Jose de Caldas - Bolivar,STB18011,Student Branch,Univ Distrital Francisco Jose de Caldas - Bolivar,,25,12,Yes,0,,0,4,No,Yes,Yes,,Yes,Yes,Yes,Yes,Met,2/3,Not Met
Univ Federal Rural do Semi-Arido - Caraubas,STB99100,Student Branch,Univ Federal Rural do Semi-Arido - Caraubas,,0,12,No,0,,0,4,No,No,No,,No,No,No,No,Not Met,0/3,Not Met
Univ Iberoamericana Golfo Centro,STB60341,Student Branch,Univ Iberoamericana Golfo Centro,,3,12,No,0,,0,4,No,No,No,,No,No,No,No,Not Met,0/3,Not Met
Univ Interamericana de Puerto Rico-Bayamon,STB60641,Student Branch,Univ Interamericana de Puerto Rico-Bayamon,,0,12,No,0,,0,4,No,No,No,,No,No,No,No,Not Met,0/3,Not Met
Univ LatinoAmericana De Ciencia Y Tec ULACIT,STB20225,Student Branch,Universidad Latinoamericana de Ciencia y Tec,,1,12,No,0,,0,4,No,No,No,,No,No,No,No,Not Met,0/3,Not Met
Univ Mayor De La Republica Oriental Del Uruguay,STB17841,Student Branch,Univ Mayor De La Republica Oriental Del Uruguay,,2,12,No,5,,1,4,Yes,Yes,No,,Yes,Yes,Yes,Yes,Partial,1/3,Not Met
Univ Michoacana De San Nicolas De Hidalgo,STB02671,Student Branch,Universidad Michoacana de San Nicolas de Hidalgo,,2,12,No,6,,4,4,Yes,Yes,Yes,,Yes,Yes,Yes,Yes,Met,2/3,Not Met
Univ Nac Exp Poli Antonio Jose De Sucre,STB63581,Student Branch,Univ Nac Exp Poli Antonio Jose De Sucre,,0,12,No,0,,0,4,No,No,No,,No,No,No,No,Not Met,0/3,Not Met
Univ Nac del Noroeste de Provincia Buenos Aires,STB07391,Student Branch,Univ Nac del Noroeste de Provincia de Buenos Aires,,0,12,No,0,,0,4,No,No,No,,No,No,No,No,Not Met,0/3,Not Met
Univ Nacional San Luis Gonzaga de Ica,STB03591,Student Branch,Univ Nacional San Luis Gonzaga de Ica,,2,12,No,0,,0,4,No,No,No,,No,No,No,No,Not Met,0/3,Not Met
Univ Nacional de Villarrica del Espiritu Santo,STB60216316,Student Branch,Univ Nacional de Villarrica del Espiritu Santo,,1,12,No,0,,0,4,No,No,No,,No,No,No,No,Not Met,0/3,Not Met
Univ Nacional de la Patagonia San Juan Bosco,STB60091,Student Branch,Univ Nacional de la Patagonia San Juan Bosco,,0,12,No,0,,0,4,No,No,No,,No,No,No,No,Not Met,0/3,Not Met
Univ Pontificia Bolivariana (UPB),STB09021,Student Branch,Univ Pontificia Bolivariana (UPB),,5,12,No,0,,0,4,No,No,No,,No,No,No,No,Not Met,0/3,Not Met
Univ Santo Tomas De Aquino,STB09851,Student Branch,Univ Santo Tomas De Aquino,,1,12,No,0,,0,4,No,No,No,,No,No,No,No,Not Met,0/3,Not Met
Univ Tec Centroamericana - UNITEC,STB14691,Student Branch,Universidad Tecnologica Centroamericana,,57,12,Yes,12,,0,4,Yes,Yes,Yes,,Yes,Yes,Yes,Yes,Met,3/3,Met
Univerdade Estadual Paulista,STB62761,Student Branch,Univerdade Estadual Paulista,,24,12,Yes,0,,0,4,No,Yes,Yes,,Yes,Yes,Yes,Yes,Met,2/3,Not Met
Universidad APEC,STB18771,Student Branch,Universidad APEC,,15,12,Yes,1,,0,4,No,Yes,Yes,,Yes,Yes,Yes,Yes,Met,2/3,Not Met
Universidad Adolfo Ibanez,STB11521,Student Branch,Universidad Adolfo Ibanez,,4,12,No,0,,0,4,No,No,No,,No,No,No,No,Not Met,0/3,Not Met
Universidad Ana G. Mendez,STB61461,Student Branch,Universidad Ana G Mendez,,6,12,No,0,,0,4,No,No,No,,No,No,No,No,Not Met,0/3,Not Met
Universidad Andina del Cusco,STB10182,Student Branch,Universidad Andina del Cusco,,0,12,No,0,,0,4,No,No,No,,No,No,No,No,Not Met,0/3,Not Met
Universidad Andres Bello,STB10224,Student Branch,Universidad Andres Bello,,24,12,Yes,1,,0,4,No,Yes,Yes,,Yes,Yes,Yes,Yes,Met,2/3,Not Met
Universidad Argentina de la Empresa,STB36321,Student Branch,Universidad Argentina de la Empresa,,4,12,No,0,,0,4,No,No,No,,No,No,No,No,Not Met,0/3,Not Met
Universidad Austral De Chile,STB20241,Student Branch,Universidad Austral De Chile,,24,12,Yes,3,,1,4,No,Yes,Yes,,Yes,Yes,Yes,Yes,Met,2/3,Not Met
Universidad Autonoma Gabriel Rene Moreno,STB60200848,Student Branch,Universidad Autonoma Gabriel Rene Moreno,,4,12,No,0,,0,4,No,Yes,Yes,,No,No,No,No,Met,1/3,Not Met
Universidad Autonoma Metropolitana Lerma Campus,STB60214183,Student Branch,Universidad Autonoma Metropolitana Lerma Campus,,16,12,Yes,3,,0,4,No,Yes,Yes,,Yes,Yes,Yes,Yes,Met,2/3,Not Met
Universidad Autonoma de Aguascalientes,STB60021134,Student Branch,Universidad Autonoma de Aguascalientes,,26,12,Yes,15,,1,4,Yes,Yes,Yes,,Yes,Yes,Yes,Yes,Met,3/3,Met
Universidad Autonoma de Bucaramanga,STB65361,Student Branch,Universidad Autonoma de Bucaramanga,,0,12,No,0,,0,4,No,No,No,,No,No,No,No,Not Met,0/3,Not Met
Universidad Autonoma de Campeche,STB65681,Student Branch,Universidad Autonoma de Campeche,,0,12,No,0,,0,4,No,No,No,,No,No,No,No,Not Met,0/3,Not Met
Universidad Autonoma de Chihuahua,STB11592,Student Branch,Universidad Autonoma de Chihuahua,,49,12,Yes,11,,0,4,Yes,Yes,Yes,,Yes,Yes,Yes,No,Met,3/3,Met
Universidad Autonoma de Ciudad Juarez,STB65721,Student Branch,Universidad Autonoma de Ciudad Juarez,,8,12,No,0,,0,4,No,No,No,,No,No,No,No,Not Met,0/3,Not Met
Universidad Autonoma de Guadalajara,STB99961,Student Branch,Universidad Autonoma de Guadalajara,,3,12,No,0,,0,4,No,No,No,,No,No,No,No,Not Met,0/3,Not Met
Universidad Autonoma de Nuevo Leon,STB59501,Student Branch,Universidad Autonoma de Nuevo Leon,,76,12,Yes,6,,5,4,Yes,Yes,Yes,,No,No,Yes,No,Met,3/3,Met
Universidad Autonoma de Occidente,STB29341,Student Branch,Universidad Autonoma de Occidente,,1,12,No,0,,0,4,No,No,No,,No,No,No,No,Not Met,0/3,Not Met
Universidad Autonoma de Queretaro,STB61841,Student Branch,Universidad Autonoma de Queretaro,,17,12,Yes,7,,15,4,Yes,No,Yes,,No,No,No,Yes,Partial,2/3,Not Met
Universidad Autonoma de San Luis Potosi,STB16891,Student Branch,Universidad Autonoma de San Luis Potosi,,14,12,Yes,0,,0,4,No,No,No,,No,No,No,No,Not Met,1/3,Not Met
Universidad Autonoma de Tlaxcala,STB63481,Student Branch,Universidad Autonoma de Tlaxcala,,0,12,No,0,,0,4,No,No,No,,No,No,No,No,Not Met,0/3,Not Met
Universidad Autonoma de Yucatan,STB03105,Student Branch,Universidad Autonoma de Yucatan,,32,12,Yes,2,,0,4,No,No,No,,No,No,No,No,Not Met,1/3,Not Met
Universidad Autonoma de Zacatecas,STB16721,Student Branch,Universidad Autonoma de Zacatecas,,4,12,No,0,,0,4,No,No,No,,No,No,No,No,Not Met,0/3,Not Met
Universidad Autonoma de la Ciudad de Mexico,STB04051,Student Branch,Universidad Autonoma de la Ciudad de Mexico,,3,12,No,0,,1,4,No,Yes,Yes,,No,Yes,No,No,Met,1/3,Not Met
Universidad Autonoma del Caribe,STB09871,Student Branch,Universidad Autonoma del Caribe,,48,12,Yes,16,,1,4,Yes,Yes,Yes,,Yes,Yes,Yes,Yes,Met,3/3,Met
Universidad Autonoma del Carmen,STB09251,Student Branch,Universidad Autonoma del Carmen,,3,12,No,0,,0,4,No,Yes,No,,No,No,No,No,Partial,0/3,Not Met
Universidad Autonoma del Estado de Mexico,STB11766,Student Branch,Universidad Autonoma del Estado de Mexico,,10,12,No,1,,0,4,No,Yes,No,,Yes,Yes,Yes,Yes,Partial,0/3,Not Met
Universidad Autonoma del Estado de Morelos,STB62781,Student Branch,Universidad Autonoma del Estado de Morelos,,16,12,Yes,0,,0,4,No,No,No,,No,No,No,No,Not Met,1/3,Not Met
Universidad Autonoma del Peru,STB10180,Student Branch,Universidad Autonoma del Peru,,1,12,No,0,,0,4,No,No,No,,No,No,No,No,Not Met,0/3,Not Met
Universidad Bolivariana del Ecuador,STB60216295,Student Branch,Universidad Bolivariana del Ecuador,,18,12,Yes,1,,0,4,No,Yes,Yes,,Yes,Yes,Yes,Yes,Met,2/3,Not Met
Universidad Catolica Boliviana - Cochabamba,STB03232,Student Branch,Universidad Catolica Boliviana - Cochabamba,,2,12,No,0,,0,4,No,No,No,,No,No,No,No,Not Met,0/3,Not Met
Universidad Catolica Boliviana La Paz,STB60821,Student Branch,Universidad Catolica Boliviana La Paz,,66,12,Yes,2,,0,4,No,Yes,Yes,,Yes,Yes,Yes,Yes,Met,2/3,Not Met
Universidad Catolica Boliviana Santa Cruz,STB10179,Student Branch,Universidad Catolica Boliviana - Santa Cruz,,1,12,No,0,,0,4,No,No,No,,No,No,No,No,Not Met,0/3,Not Met
Universidad Catolica Nuestra Senora de la Asuncion,STB11535,Student Branch,Universidad Catolica Nuestra Senora de la Asuncion,,14,12,Yes,1,,5,4,No,Yes,Yes,,No,Yes,Yes,No,Met,2/3,Not Met
Universidad Catolica San Pablo,STB66271,Student Branch,Universidad Catolica San Pablo,,36,12,Yes,0,,0,4,No,Yes,Yes,,Yes,Yes,Yes,Yes,Met,2/3,Not Met
Universidad Catolica Santo Toribio de Mogrovejo,STB04621,Student Branch,Universidad Catolica Santo Toribio de Mogrovejo,,0,12,No,0,,0,4,No,No,No,,No,No,No,No,Not Met,0/3,Not Met
Universidad Catolica de Colombia,STB62201,Student Branch,Universidad Catolica de Colombia,,1,12,No,0,,0,4,No,No,No,,No,No,No,No,Not Met,0/3,Not Met
Universidad Catolica de Cuenca,STB08441,Student Branch,Universidad Catolica de Cuenca,,55,12,Yes,0,,1,4,No,Yes,Yes,,Yes,Yes,Yes,Yes,Met,2/3,Not Met
Universidad Catolica de Santa Maria,STB04201,Student Branch,Universidad Catolica de Santa Maria,,21,12,Yes,1,,0,4,No,Yes,Yes,,Yes,Yes,Yes,Yes,Met,2/3,Not Met
Universidad Catolica de Santiago de Guayaquil,STB01211,Student Branch,Universidad Catolica Santiago de Guayaquil,,15,12,Yes,0,,1,4,No,Yes,Yes,,Yes,Yes,Yes,Yes,Met,2/3,Not Met
Universidad Catolica de Santiago del Estero,STB14004,Student Branch,Universidad Catolica de Santiago del Estero,,0,12,No,0,,0,4,No,No,No,,No,No,No,No,Not Met,0/3,Not Met
Universidad Catolica de la Santisima Concepcion,STB10207,Student Branch,Universidad Catolica de la Santisima Concepcion,,2,12,No,0,,0,4,No,No,No,,No,No,No,No,Not Met,0/3,Not Met
Universidad Central,STB65251,Student Branch,Universidad Central,,11,12,No,6,,3,4,Yes,Yes,Yes,,Yes,Yes,Yes,No,Met,2/3,Not Met
Universidad Central del Ecuador,STB10069A,Student Branch,Universidad Central del Ecuador,,29,12,Yes,12,,3,4,Yes,Yes,Yes,,Yes,Yes,Yes,Yes,Met,3/3,Met
Universidad Centroamericana de Nicaragua,STB18751,Student Branch,Universidad Centroamericana de Nicaragua,,1,12,No,0,,0,4,No,No,No,,No,No,No,No,Not Met,0/3,Not Met
Universidad Cesar Vallejo-Piura,STB09241,Student Branch,Universidad Cesar Vallejo-Piura,,3,12,No,0,,0,4,No,No,No,,No,No,No,No,Not Met,0/3,Not Met
Universidad Continental,STB60209374,Student Branch,Universidad Continental,,16,12,Yes,0,,0,4,No,Yes,Yes,,No,No,No,No,Met,2/3,Not Met
Universidad Continental de Ciencias e Ingenieria,STB12011,Student Branch,Universidad Continental de Ciencias e Ingenieria,,12,12,Yes,0,,0,4,No,No,No,,No,No,No,No,Not Met,1/3,Not Met
Universidad Cristobal Colon,STB63191,Student Branch,Universidad Cristobal Colon,,31,12,Yes,1,,1,4,No,Yes,Yes,,Yes,Yes,Yes,Yes,Met,2/3,Not Met
Universidad De Chile,STB11791,Student Branch,Universidad De Chile,,92,12,Yes,10,,3,4,Yes,Yes,Yes,,Yes,Yes,Yes,Yes,Met,3/3,Met
Universidad De Montevideo,STB45891747,Student Branch,Universidad De Montevideo,,7,12,No,1,,1,4,No,Yes,No,,No,No,No,Yes,Partial,0/3,Not Met
Universidad Del Azuay,STB11021,Student Branch,Universidad del Azuay,,0,12,No,0,,0,4,No,No,No,,No,No,No,No,Not Met,0/3,Not Met
Universidad Del Bio-Bio,STB33031,Student Branch,Universidad Del Bio-Bio,,16,12,Yes,1,,0,4,No,No,No,,No,No,No,No,Not Met,1/3,Not Met
Universidad Diego Portales,STB06771,Student Branch,Universidad Diego Portales,,20,12,Yes,7,,4,4,Yes,Yes,Yes,,Yes,Yes,Yes,Yes,Met,3/3,Met
Universidad Distrital Francisco Jose de Caldas,STB04331,Student Branch,Universidad Distrital Francisco Jose de Caldas,,80,12,Yes,4,,6,4,Yes,Yes,Yes,,Yes,Yes,Yes,Yes,Met,3/3,Met
Universidad Don Bosco,STB60431,Student Branch,Universidad Don Bosco,,167,12,Yes,53,,8,4,Yes,Yes,Yes,,Yes,No,Yes,Yes,Met,3/3,Met
Universidad Dr Jose Matias Delgado,STB10117,Student Branch,Universidad Dr Jose Matias Delgado,,48,12,Yes,9,,1,4,Yes,Yes,Yes,,Yes,Yes,Yes,Yes,Met,3/3,Met
Universidad EAFIT,STB64421,Student Branch,Universidad EAFIT,,4,12,No,0,,0,4,No,No,No,,No,No,No,No,Not Met,0/3,Not Met
Universidad Especializada de las Americas (UDELAS),STB60205673,Student Branch,Universidad Especializada de las Americas (UDELAS),,38,12,Yes,1,,0,4,No,Yes,Yes,,No,Yes,No,Yes,Met,2/3,Not Met
Universidad Estadual Paulista-Guaratingueta,STB62091,Student Branch,Universidad Estadual Paulista-Guaratingueta,,9,12,No,0,,0,4,No,Yes,Yes,,Yes,Yes,No,No,Met,1/3,Not Met
Universidad Estadual Paulista-Ilha Solteira,STB20121,Student Branch,Universidad Estadual Paulista-Ilha Solteira,,2,12,No,0,,0,4,No,No,No,,No,No,No,No,Not Met,0/3,Not Met
Universidad Estatal Peninsula de Santa Elena,STB20209,Student Branch,Universidad Estatal Peninsula de Santa Elena,,65,12,Yes,3,,2,4,No,Yes,Yes,,Yes,Yes,No,Yes,Met,2/3,Not Met
Universidad Finis Terrae,STB60243738,Student Branch,Universidad Finis Terrae,,20,12,Yes,1,,1,4,No,Yes,Yes,,No,No,No,No,Met,2/3,Not Met
Universidad Francisco de Paula Santander,STB10591,Student Branch,Universidad Francisco de Paula Santander,,3,12,No,0,,0,4,No,Yes,Yes,,No,No,No,No,Met,1/3,Not Met
Universidad Galileo,STB39511,Student Branch,Universidad Galileo,,17,12,Yes,1,,1,4,No,Yes,Yes,,Yes,Yes,Yes,Yes,Met,2/3,Not Met
Universidad INCCA de Colombia,STB03411,Student Branch,Universidad INCCA de Colombia,,0,12,No,0,,0,4,No,No,No,,No,No,No,No,Not Met,0/3,Not Met
Universidad Iberoamericana Ciudad de Mexico,STB06121,Student Branch,Universidad Iberoamericana Ciudad de Mexico,,12,12,Yes,0,,0,4,No,No,Yes,,No,No,No,No,Partial,1/3,Not Met
Universidad Indoamerica,STB60210971,Student Branch,Universidad Indoamerica,,26,12,Yes,1,,1,4,No,Yes,Yes,,Yes,Yes,Yes,Yes,Met,2/3,Not Met
Universidad Industrial de Santander,STB10511,Student Branch,Universidad Industrial de Santander,,72,12,Yes,40,,7,4,Yes,Yes,Yes,,Yes,Yes,Yes,Yes,Met,3/3,Met
Universidad Internacional del Ecuador,STB15611,Student Branch,Universidad Internacional del Ecuador,,63,12,Yes,0,,0,4,No,Yes,No,,Yes,No,Yes,Yes,Partial,1/3,Not Met
Universidad Invenio,STB60104734,Student Branch,Universidad Invenio,,27,12,Yes,20,,3,4,Yes,Yes,Yes,,Yes,Yes,Yes,No,Met,3/3,Met
Universidad Jorge Tadeo Lozano,STB65061A,Student Branch,Universidad Jorge Tadeo Lozano,,21,12,Yes,27,,2,4,Yes,Yes,Yes,,Yes,Yes,Yes,Yes,Met,3/3,Met
Universidad La Salle-Mexico City,STB98811,Student Branch,Universidad La Salle-Mexico City,,8,12,No,1,,0,4,No,No,No,,No,No,No,Yes,Not Met,0/3,Not Met
Universidad Laica Eloy Alfaro de Manabi,STB10044,Student Branch,Universidad Laica Eloy Alfaro de Manabi,,14,12,Yes,4,,0,4,Yes,Yes,Yes,,Yes,Yes,Yes,Yes,Met,3/3,Met
Universidad Latina de Costa Rica,STB65071,Student Branch,Universidad Latina de Costa Rica,,2,12,No,0,,0,4,No,No,No,,No,No,No,No,Not Met,0/3,Not Met
Universidad Latina de Panama,STB64631,Student Branch,Universidad Latina de Panama,,65,12,Yes,10,,4,4,Yes,Yes,Yes,,Yes,Yes,Yes,Yes,Met,3/3,Met
Universidad Libre–Barranquilla,STB60231786,Student Branch,Universidad Libre–Barranquilla,,21,12,Yes,8,,4,4,Yes,Yes,Yes,,Yes,Yes,Yes,Yes,Met,3/3,Met
Universidad Loyola,STB00081,Student Branch,Universidad Loyola,,0,12,No,0,,0,4,No,No,No,,No,No,No,No,Not Met,0/3,Not Met
Universidad Mariana,STB14023,Student Branch,Universidad Mariana,,1,12,No,0,,0,4,No,No,No,,No,No,No,No,Not Met,0/3,Not Met
Universidad Mayor,STB41581008,Student Branch,Universidad Mayor,,11,12,No,0,,0,4,No,No,No,,No,No,No,No,Not Met,0/3,Not Met
Universidad Mayor de San Andres,STB13441,Student Branch,Universidad Mayor de San Andres,,124,12,Yes,14,,5,4,Yes,Yes,Yes,,Yes,Yes,Yes,Yes,Met,3/3,Met
Universidad Mayor de San Simon,STB09361,Student Branch,Universidad Mayor de San Simon,,30,12,Yes,4,,1,4,Yes,Yes,Yes,,Yes,Yes,Yes,No,Met,3/3,Met
Universidad Mesoamericana,STB20235,Student Branch,Universidad Mesoamericana,,0,12,No,0,,0,4,No,No,No,,No,No,No,No,Not Met,0/3,Not Met
Universidad Nacional Abierta y a Distancia,STB13071,Student Branch,Universidad Nacional Abierta y a Distancia,,28,12,Yes,2,,0,4,No,Yes,Yes,,Yes,Yes,Yes,Yes,Met,2/3,Not Met
Universidad Nacional Arturo Jauretche,STB15791,Student Branch,Universidad Nacional Arturo Jauretche,,0,12,No,0,,0,4,No,No,No,,No,No,No,No,Not Met,0/3,Not Met
Universidad Nacional Autonoma De Mexico,STB05681,Student Branch,Universidad Nacional Autonoma De Mexico,,129,12,Yes,27,,4,4,Yes,Yes,Yes,,Yes,Yes,Yes,No,Met,3/3,Met
Universidad Nacional De Colombia Sede Bogota,STB06431,Student Branch,Universidad Nacional De Colombia Sede Bogota,,48,12,Yes,5,,1,4,Yes,Yes,Yes,,Yes,Yes,Yes,Yes,Met,3/3,Met
Universidad Nacional De Loja,STB65231,Student Branch,Universidad Nacional De Loja,,74,12,Yes,6,,5,4,Yes,Yes,Yes,,Yes,Yes,Yes,Yes,Met,3/3,Met
Universidad Nacional Federico Villarreal,STB64001,Student Branch,Universidad Nacional Federico Villarreal,,29,12,Yes,1,,1,4,No,Yes,Yes,,Yes,Yes,Yes,No,Met,2/3,Not Met
Universidad Nacional Hermilio Valdizan,STB60211650,Student Branch,Universidad Nacional Hermilio Valdizan,,18,12,Yes,0,,0,4,No,No,No,,No,No,No,No,Not Met,1/3,Not Met
Universidad Nacional Jorge Basadre Grohmann,STB60045248,Student Branch,Universidad Nacional Jorge Basadre Grohmann,,0,12,No,0,,0,4,No,No,No,,No,No,No,No,Not Met,0/3,Not Met
Universidad Nacional Mayor de San Marcos,STB03221,Student Branch,Universidad Nacional Mayor de San Marcos,,176,12,Yes,10,,1,4,Yes,Yes,Yes,,Yes,Yes,Yes,No,Met,3/3,Met
Universidad Nacional Pedro Ruiz Gallo,STB60531,Student Branch,Universidad Nacional Pedro Ruiz Gallo,,0,12,No,0,,0,4,No,No,No,,No,No,No,No,Not Met,0/3,Not Met
Universidad Nacional San Antonio Abad del Cusco,STB11731,Student Branch,Universidad Nacional San Antonio Abad del Cusco,,90,12,Yes,0,,0,4,No,Yes,Yes,,Yes,Yes,Yes,Yes,Met,2/3,Not Met
Universidad Nacional Siglo XX Potosi,STB60222590,Student Branch,Universidad Nacional Siglo XX Potosi,,25,12,Yes,0,,1,4,No,Yes,Yes,,Yes,Yes,Yes,No,Met,2/3,Not Met
Universidad Nacional Tecnologica de Lima Sur,STB08771,Student Branch,Universidad Nacional Tecnologica de Lima Sur,,32,12,Yes,0,,0,4,No,Yes,Yes,,No,Yes,Yes,Yes,Met,2/3,Not Met
Universidad Nacional de Asuncion,STB37161,Student Branch,Universidad Nacional de Asuncion,,49,12,Yes,16,,1,4,Yes,Yes,Yes,,Yes,Yes,Yes,Yes,Met,3/3,Met
Universidad Nacional de Caaguazu,STB60216313,Student Branch,Universidad Nacional de Caaguazu,,4,12,No,0,,1,4,No,Yes,Yes,,Yes,No,No,No,Met,1/3,Not Met
Universidad Nacional de Catamarca,STB65051,Student Branch,Universidad Nacional de Catamarca,,1,12,No,0,,0,4,No,No,No,,No,No,No,No,Not Met,0/3,Not Met
Universidad Nacional de Chimborazo,STB00141,Student Branch,Universidad Nacional de Chimborazo,,29,12,Yes,2,,0,4,No,Yes,Yes,,Yes,Yes,Yes,Yes,Met,2/3,Not Met
Universidad Nacional de Colombia Sede Medellin,STB66021,Student Branch,Universidad Nacional de Colombia Sede Medellin,,10,12,No,0,,0,4,No,No,No,,No,No,No,No,Not Met,0/3,Not Met
Universidad Nacional de Colombia Sede de La Paz,STB60227842,Student Branch,Universidad Nacional de Colombia Sede de La Paz,,5,12,No,1,,0,4,No,Yes,No,,Yes,Yes,Yes,No,Partial,0/3,Not Met
Universidad Nacional de Cordoba,STB28491,Student Branch,Universidad Nacional de Cordoba,,27,12,Yes,0,,5,4,No,Yes,Yes,,Yes,Yes,Yes,Yes,Met,2/3,Not Met
Universidad Nacional de General San Martin,STB64623,Student Branch,Universidad Nacional de General San Martin,,3,12,No,0,,0,4,No,No,No,,No,No,No,No,Not Met,0/3,Not Met
Universidad Nacional de Ingenieria Lima,STB05821,Student Branch,Universidad Nacional de Ingenieria Lima,,131,12,Yes,4,,14,4,Yes,Yes,Yes,,Yes,Yes,Yes,No,Met,3/3,Met
Universidad Nacional de Juliaca,STB64612,Student Branch,Universidad Nacional de Juliaca,,12,12,Yes,0,,0,4,No,Yes,Yes,,Yes,Yes,Yes,Yes,Met,2/3,Not Met
Universidad Nacional de La Plata,STB02551,Student Branch,Universidad Nacional de La Plata,,10,12,No,0,,0,4,No,No,No,,No,No,No,No,Not Met,0/3,Not Met
Universidad Nacional de Mar del Plata,STB2528204,Student Branch,Universidad Nacional de Mar del Plata,,24,12,Yes,8,,0,4,Yes,Yes,Yes,,Yes,Yes,Yes,Yes,Met,3/3,Met
Universidad Nacional de Piura,STB07491,Student Branch,Universidad Nacional de Piura,,18,12,Yes,0,,0,4,No,Yes,Yes,,Yes,Yes,Yes,Yes,Met,2/3,Not Met
Universidad Nacional de Rosario,STB11691,Student Branch,Universidad Nacional de Rosario,,3,12,No,0,,0,4,No,No,No,,No,No,No,No,Not Met,0/3,Not Met
Universidad Nacional de San Agustin,STB37031,Student Branch,Universidad Nacional de San Agustin,,58,12,Yes,1,,0,4,No,Yes,Yes,,Yes,Yes,Yes,No,Met,2/3,Not Met
Universidad Nacional de San Juan,STB13291,Student Branch,Universidad Nacional de San Juan,,19,12,Yes,11,,1,4,Yes,Yes,Yes,,Yes,No,Yes,Yes,Met,3/3,Met
Universidad Nacional de San Luis-FCFMyN,STB13311,Student Branch,Universidad Nacional de San Luis-FCFMyN,,5,12,No,1,,1,4,No,Yes,No,,Yes,No,No,No,Partial,0/3,Not Met
Universidad Nacional de San Luis-FICA,STB16911,Student Branch,Universidad Nacional de San Luis-FICA,,1,12,No,0,,0,4,No,Yes,Yes,,No,No,No,No,Met,1/3,Not Met
Universidad Nacional de Trujillo-La Libertad,STB11523,Student Branch,Universidad Nacional de Trujillo-La Libertad,,4,12,No,0,,0,4,No,No,No,,No,No,No,No,Not Met,0/3,Not Met
Universidad Nacional de Tucuman,STB04881,Student Branch,Universidad Nacional de Tucuman,,19,12,Yes,0,,1,4,No,Yes,Yes,,Yes,Yes,Yes,Yes,Met,2/3,Not Met
Universidad Nacional del Altiplano,STB01301,Student Branch,Universidad Nacional del Altiplano,,51,12,Yes,3,,2,4,No,Yes,Yes,,Yes,Yes,Yes,Yes,Met,2/3,Not Met
Universidad Nacional del Callao,STB21571,Student Branch,Universidad Nacional del Callao,,71,12,Yes,4,,3,4,Yes,Yes,Yes,,Yes,Yes,Yes,Yes,Met,3/3,Met
Universidad Nacional del Centro del Peru,STB16851,Student Branch,Universidad Nacional del Centro del Peru,,12,12,Yes,0,,0,4,No,Yes,Yes,,Yes,Yes,Yes,No,Met,2/3,Not Met
Universidad Nacional del Este,STB60209263,Student Branch,Universidad Nacional del Este,,3,12,No,0,,1,4,No,Yes,No,,No,No,No,No,Partial,0/3,Not Met
Universidad Nacional del Sur,STB06361,Student Branch,Universidad Nacional del Sur,,22,12,Yes,2,,3,4,No,Yes,Yes,,Yes,No,Yes,No,Met,2/3,Not Met
Universidad Nacional sede Manizales,STB61301,Student Branch,Universidad Nacional sede Manizales,,6,12,No,12,,0,4,Yes,Yes,Yes,,No,No,Yes,No,Met,2/3,Not Met
Universidad Panamericana,STB37101,Student Branch,Universidad Panamericana,,1,12,No,0,,0,4,No,No,No,,No,No,No,No,Not Met,0/3,Not Met
Universidad Panamericana Campus Guadalajara,STB60209096,Student Branch,Universidad Panamericana Campus Guadalajara,,1,12,No,1,,0,4,No,No,No,,No,No,No,No,Not Met,0/3,Not Met
Universidad Particular Ricardo Palma,STB40501,Student Branch,Universidad Particular Ricardo Palma,,22,12,Yes,0,,3,4,No,Yes,No,,Yes,Yes,Yes,No,Partial,1/3,Not Met
Universidad Pedagogica Nacional,STB08221,Student Branch,Universidad Pedagogica Nacional,,0,12,No,0,,0,4,No,No,No,,No,No,No,No,Not Met,0/3,Not Met
Universidad Pedagogica Y Tec de Colombia,STB60931,Student Branch,Universidad Pedagogica Y Tec de Colombia,,1,12,No,0,,0,4,No,No,No,,No,No,No,No,Not Met,0/3,Not Met
Universidad Peruana Cayetano Heredia,STB11477,Student Branch,Universidad Peruana Cayetano Heredia,,10,12,No,0,,0,4,No,Yes,Yes,,Yes,Yes,Yes,Yes,Met,1/3,Not Met
Universidad Peruana Los Andes,STB18581,Student Branch,Universidad Peruana Los Andes,,0,12,No,0,,0,4,No,No,No,,No,No,No,No,Not Met,0/3,Not Met
Universidad Peruana de Ciencias Aplicadas,STB60381,Student Branch,Universidad Peruana de Ciencias Aplicadas,,162,12,Yes,1,,6,4,No,Yes,Yes,,Yes,Yes,Yes,Yes,Met,2/3,Not Met
Universidad Piloto de Colombia,STB81721,Student Branch,Universidad Piloto de Colombia,,16,12,Yes,19,,3,4,Yes,Yes,Yes,,Yes,Yes,Yes,Yes,Met,3/3,Met
Universidad Politecnica Salesiana - Quito,STB00751,Student Branch,Universidad Politecnica Salesiana - Quito,,33,12,Yes,0,,1,4,No,Yes,Yes,,Yes,No,Yes,Yes,Met,2/3,Not Met
Universidad Politecnica Salesiana-Cuenca,STB65241,Student Branch,Universidad Politecnica Salesiana-Cuenca,,136,12,Yes,0,,0,4,No,Yes,Yes,,Yes,Yes,Yes,Yes,Met,2/3,Not Met
Universidad Politecnica Salesiana-Guayaquil,STB02631,Student Branch,Universidad Politecnica Salesiana-Guayaquil,,28,12,Yes,0,,0,4,No,Yes,Yes,,Yes,Yes,Yes,Yes,Met,2/3,Not Met
Universidad Politecnica Taiwan Paraguay,STB60216319,Student Branch,Universidad Politecnica Taiwan Paraguay,,18,12,Yes,0,,1,4,No,Yes,Yes,,No,Yes,No,No,Met,2/3,Not Met
Universidad Politecnica de Aguascalientes,STB60093943,Student Branch,Universidad Politecnica de Aguascalientes,,59,12,Yes,6,,0,4,Yes,Yes,Yes,,Yes,Yes,Yes,Yes,Met,3/3,Met
Universidad Politecnica de El Salvador,STB30041,Student Branch,Universidad Politecnica de El Salvador,,0,12,No,0,,0,4,No,No,No,,No,No,No,No,Not Met,0/3,Not Met
Universidad Politecnica de Pachuca,STB13261,Student Branch,Universidad Politecnica de Pachuca,,0,12,No,0,,0,4,No,No,No,,No,No,No,No,Not Met,0/3,Not Met
Universidad Politecnica de Puebla,STB16738,Student Branch,Universidad Politecnica de Puebla,,2,12,No,0,,0,4,No,No,No,,No,No,No,No,Not Met,0/3,Not Met
Universidad Politecnica de Queretaro,STB08381,Student Branch,Universidad Politecnica de Queretaro,,0,12,No,0,,0,4,No,No,No,,No,No,No,No,Not Met,0/3,Not Met
Universidad Politecnica de Tulancingo,STB15311,Student Branch,Universidad Politecnica de Tulancingo,,11,12,No,0,,0,4,No,Yes,Yes,,Yes,Yes,No,Yes,Met,1/3,Not Met
Universidad Politecnica de Yucatan,STB11403,Student Branch,Universidad Politecnica de Yucatan,,9,12,No,2,,0,4,No,Yes,Yes,,Yes,Yes,No,Yes,Met,1/3,Not Met
Universidad Politécnica Estatal del Carchi,STB60240563,Student Branch,Universidad Politécnica Estatal del Carchi,,16,12,Yes,1,,1,4,No,Yes,Yes,,Yes,Yes,Yes,Yes,Met,2/3,Not Met
Universidad Pontificia Bolivariana-Monteria,STB60211405,Student Branch,Universidad Pontificia Bolivariana-Monteria,,18,12,Yes,1,,0,4,No,Yes,Yes,,Yes,Yes,Yes,Yes,Met,2/3,Not Met
Universidad Popular Autonoma del Estado de Puebla,STB41543722,Student Branch,Universidad Popular Autonoma del Estado de Puebla,,15,12,Yes,3,,0,4,No,Yes,Yes,,No,No,No,No,Met,2/3,Not Met
Universidad Popular Del Cesar,STB65351,Student Branch,Universidad Popular Del Cesar,,1,12,No,0,,0,4,No,Yes,Yes,,No,No,No,Yes,Met,1/3,Not Met
Universidad Privada Antenor Orrego,STB60031,Student Branch,Universidad Privada Antenor Orrego,,10,12,No,1,,0,4,No,No,No,,No,No,No,No,Not Met,0/3,Not Met
Universidad Privada Boliviana,STB06721,Student Branch,Universidad Privada Boliviana,,21,12,Yes,0,,0,4,No,No,Yes,,No,No,No,No,Partial,1/3,Not Met
Universidad Privada Boliviana La Paz,STB10066,Student Branch,Universidad Privada Boliviana La Paz,,58,12,Yes,3,,0,4,No,Yes,Yes,,Yes,Yes,Yes,Yes,Met,2/3,Not Met
Universidad Privada Boliviana-Santa Cruz,STB60230407,Student Branch,Universidad Privada Boliviana-Santa Cruz,,34,12,Yes,2,,0,4,No,Yes,Yes,,Yes,Yes,Yes,Yes,Met,2/3,Not Met
Universidad Privada Domingo Savio-Tarija,STB60223120,Student Branch,Universidad Privada Domingo Savio-Tarija,,9,12,No,0,,0,4,No,Yes,No,,Yes,Yes,Yes,Yes,Partial,0/3,Not Met
Universidad Privada de Tacna,STB37351,Student Branch,Universidad Privada de Tacna,,3,12,No,0,,0,4,No,No,No,,No,No,No,No,Not Met,0/3,Not Met
Universidad Privada del Este,STB60216322,Student Branch,Universidad Privada del Este,,21,12,Yes,4,,1,4,Yes,Yes,Yes,,Yes,Yes,Yes,Yes,Met,3/3,Met
Universidad Privada del Norte,STB16881,Student Branch,Universidad Privada del Norte,,6,12,No,0,,0,4,No,No,No,,No,No,No,No,Not Met,0/3,Not Met
Universidad Privada del Norte-Lima Norte,STB11419,Student Branch,Universidad Privada del Norte-Lima Norte,,10,12,No,0,,0,4,No,Yes,No,,Yes,No,Yes,No,Partial,0/3,Not Met
Universidad Privada del Valle La Paz,STB02511,Student Branch,Universidad Privada del Valle La Paz,,8,12,No,0,,0,4,No,Yes,Yes,,Yes,No,Yes,No,Met,1/3,Not Met
Universidad Publica de El Alto,STB17991,Student Branch,Universidad Publica de El Alto,,31,12,Yes,0,,1,4,No,Yes,Yes,,Yes,Yes,Yes,No,Met,2/3,Not Met
Universidad Regiomontana,STB16731,Student Branch,Universidad Regiomontana,,0,12,No,0,,0,4,No,No,No,,No,No,No,No,Not Met,0/3,Not Met
Universidad San Francisco de Quito,STB14971,Student Branch,Universidad San Francisco de Quito,,139,12,Yes,1,,1,4,No,Yes,Yes,,Yes,Yes,Yes,Yes,Met,2/3,Not Met
Universidad San Ignacio De Loyola,STB17421,Student Branch,Universidad San Ignacio De Loyola,,15,12,Yes,0,,0,4,No,No,No,,No,No,No,No,Not Met,1/3,Not Met
Universidad San Sebastian,STB60209602,Student Branch,Universidad San Sebastian,,1,12,No,0,,0,4,No,No,No,,No,No,No,No,Not Met,0/3,Not Met
Universidad Santiago de Cali,STB64461,Student Branch,Universidad Santiago de Cali,,25,12,Yes,4,,0,4,Yes,Yes,Yes,,Yes,Yes,Yes,Yes,Met,3/3,Met
Universidad Santo Tomas - Tunja,STB04081,Student Branch,Universidad Santo Tomas - Tunja,,21,12,Yes,0,,2,4,No,Yes,No,,No,No,No,No,Partial,1/3,Not Met
Universidad Santo Tomas-Bucaramanga,STB60232106,Student Branch,Universidad Santo Tomas-Bucaramanga,,32,12,Yes,6,,1,4,Yes,Yes,Yes,,Yes,Yes,Yes,Yes,Met,3/3,Met
Universidad Senor de Sipan,STB66261,Student Branch,Universidad Senor de Sipan,,18,12,Yes,0,,0,4,No,No,No,,No,No,No,No,Not Met,1/3,Not Met
Universidad Sergio Arboleda,STB01201,Student Branch,Universidad Sergio Arboleda,,0,12,No,0,,0,4,No,No,No,,No,No,No,No,Not Met,0/3,Not Met
Universidad Simon Bolivar,STB60043388,Student Branch,Universidad Simon Bolivar,,66,12,Yes,1,,3,4,No,Yes,Yes,,No,Yes,Yes,Yes,Met,2/3,Not Met
Universidad Surcolombiana,STB16735,Student Branch,Universidad Surcolombiana,,25,12,Yes,1,,1,4,No,Yes,Yes,,Yes,Yes,Yes,Yes,Met,2/3,Not Met
Universidad Tec Milenio Campus Las Torres,STB10021,Student Branch,Universidad Tec Milenio Campus Las Torres,,1,12,No,0,,0,4,No,No,No,,No,No,No,No,Not Met,0/3,Not Met
Universidad Technologica De Morelia,STB18021,Student Branch,Universidad Tecnologica de Morelia,,5,12,No,0,,0,4,No,No,No,,No,No,No,No,Not Met,0/3,Not Met
Universidad Technologica Metropolitana,STB01991,Student Branch,Universidad Tecnologica Metropolitana,,1,12,No,0,,0,4,No,No,No,,No,No,No,No,Not Met,0/3,Not Met
Universidad Tecnica Del Norte,STB65891,Student Branch,Universidad Tecnica del Norte,,183,12,Yes,2,,1,4,No,Yes,Yes,,Yes,Yes,Yes,Yes,Met,2/3,Not Met
Universidad Tecnica Estatal de Quevedo,STB60216631,Student Branch,Universidad Tecnica Estatal de Quevedo,,46,12,Yes,4,,0,4,Yes,Yes,Yes,,Yes,Yes,Yes,Yes,Met,3/3,Met
Universidad Tecnica Particular de Loja,STB63711,Student Branch,Universidad Tecnica Particular de Loja,,2,12,No,0,,0,4,No,No,No,,No,No,No,No,Not Met,0/3,Not Met
Universidad Tecnica de Ambato,STB65711,Student Branch,Universidad Tecnica de Ambato,,0,12,No,0,,0,4,No,No,No,,No,No,No,No,Not Met,0/3,Not Met
Universidad Tecnica de Cotopaxi,STB14005,Student Branch,Universidad Tecnica de Cotopaxi,,0,12,No,0,,0,4,No,No,No,,No,No,No,No,Not Met,0/3,Not Met
Universidad Tecnica de Manabi,STB35737,Student Branch,Universidad Tecnica de Manabi,,2,12,No,0,,0,4,No,No,No,,No,No,No,No,Not Met,0/3,Not Met
Universidad Tecnica de Oruro,STB13461,Student Branch,Universidad Tecnica de Oruro,,0,12,No,0,,0,4,No,No,No,,No,No,No,No,Not Met,0/3,Not Met
Universidad Tecnologica De Bolivar,STB13761,Student Branch,Universidad Tecnologica De Bolivar,,142,12,Yes,31,,19,4,Yes,Yes,Yes,,Yes,Yes,Yes,Yes,Met,3/3,Met
Universidad Tecnologica La Salle,STB16151,Student Branch,Universidad Tecnologica La Salle,,0,12,No,0,,0,4,No,No,No,,No,No,No,No,Not Met,0/3,Not Met
Universidad Tecnologica Naciona-Resistencia,STB60160804,Student Branch,Universidad Tecnologica Naciona-Resistencia,,24,12,Yes,0,,0,4,No,Yes,Yes,,No,Yes,Yes,No,Met,2/3,Not Met
Universidad Tecnologica Nacional-Buenos Aires,STB05911,Student Branch,Universidad Tecnologica Nacional-Buenos Aires,,12,12,Yes,0,,0,4,No,Yes,Yes,,No,No,No,No,Met,2/3,Not Met
Universidad Tecnologica Nacional-Tucuman,STB64626,Student Branch,Universidad Tecnologica Nacional-Tucuman,,1,12,No,0,,0,4,No,No,No,,No,No,No,No,Not Met,0/3,Not Met
Universidad Tecnologica Oteima,STB03751,Student Branch,Universidad Tecnologica Oteima,,0,12,No,0,,0,4,No,No,No,,No,No,No,No,Not Met,0/3,Not Met
Universidad Tecnologica de Campeche,STB18881,Student Branch,Universidad Tecnologica de Campeche,,23,12,Yes,4,,0,4,Yes,Yes,Yes,,Yes,Yes,Yes,Yes,Met,3/3,Met
Universidad Tecnologica de Honduras,STB08721,Student Branch,Universidad Tecnologica de Honduras,,16,12,Yes,0,,0,4,No,No,No,,No,No,No,No,Not Met,1/3,Not Met
Universidad Tecnologica de Mexico-Atizapan,STB03181,Student Branch,Universidad Tecnologica de Mexico-Atizapan,,0,12,No,0,,0,4,No,No,No,,No,No,No,No,Not Met,0/3,Not Met
Universidad Tecnologica de Nezahualcoyotl,STB65521,Student Branch,Universidad Tecnologica de Nezahualcoyotl,,0,12,No,0,,0,4,No,No,No,,No,No,No,No,Not Met,0/3,Not Met
Universidad Tecnologica de Panama,STB91021,Student Branch,Universidad Tecnologica de Panama,,214,12,Yes,9,,0,4,Yes,Yes,Yes,,Yes,Yes,Yes,Yes,Met,3/3,Met
Universidad Tecnologica de Pereira,STB17431,Student Branch,Universidad Tecnologica de Pereira,,20,12,Yes,1,,0,4,No,Yes,Yes,,No,No,No,No,Met,2/3,Not Met
Universidad Tecnologica de Tula-Tepeji,STB60201,Student Branch,Universidad Tecnologica de Tula-Tepeji,,1,12,No,0,,0,4,No,No,No,,No,No,No,No,Not Met,0/3,Not Met
Universidad Tecnologica del Peru,STB63761,Student Branch,Universidad Tecnologica del Peru,,70,12,Yes,9,,0,4,Yes,Yes,Yes,,Yes,Yes,Yes,Yes,Met,3/3,Met
Universidad Tecnológica Privada de Santa Cruz,STB60223996,Student Branch,Universidad Tecnológica Privada de Santa Cruz,,10,12,No,0,,0,4,No,No,No,,No,No,No,No,Not Met,0/3,Not Met
Universidad Tecnológica del Uruguay,STB60216685,Student Branch,Universidad Tecnológica del Uruguay,,25,12,Yes,2,,5,4,No,Yes,Yes,,Yes,Yes,Yes,No,Met,2/3,Not Met
Universidad UTE,STB60242561,Student Branch,Universidad UTE,,5,12,No,0,,0,4,No,Yes,No,,Yes,Yes,Yes,Yes,Partial,0/3,Not Met
Universidad Vasco de Quiroga,STB45891557,Student Branch,Universidad Vasco de Quiroga,,20,12,Yes,1,,0,4,No,Yes,Yes,,No,Yes,Yes,Yes,Met,2/3,Not Met
Universidad Veracruzana - FIME,STB01022,Student Branch,Universidad Veracruzana - FIME,,44,12,Yes,2,,0,4,No,Yes,Yes,,Yes,Yes,Yes,No,Met,2/3,Not Met
Universidad Veracruzana FIE,STB60191,Student Branch,Universidad Veracruzana FIE,,75,12,Yes,2,,0,4,No,Yes,Yes,,Yes,Yes,Yes,Yes,Met,2/3,Not Met
Universidad Veracruzana Ing Boca del Rio,STB65671,Student Branch,Universidad Veracruzana Ing Boca del Rio,,124,12,Yes,12,,4,4,Yes,No,Yes,,No,No,No,No,Partial,2/3,Not Met
Universidad Veracruzana Microna,STB29161,Student Branch,Universidad Veracruzana Microna,,9,12,No,0,,0,4,No,Yes,Yes,,No,No,No,No,Met,1/3,Not Met
Universidad Veracruzana Orizaba Cordoba,STB60235185,Student Branch,Universidad Veracruzana Orizaba Cordoba,,67,12,Yes,0,,0,4,No,Yes,Yes,,Yes,Yes,Yes,Yes,Met,2/3,Not Met
Universidad Veracruzana Sede Coatzacoalcos,STB11411,Student Branch,Universidad Veracruzana Sede Coatzacoalcos,,0,12,No,0,,0,4,No,No,No,,No,No,No,No,Not Met,0/3,Not Met
Universidad Veracruzana-LSCA,STB60221827,Student Branch,Universidad Veracruzana-LSCA,,30,12,Yes,0,,0,4,No,No,No,,No,No,No,No,Not Met,1/3,Not Met
Universidad Veracruzana-Poza Rica,STB11700,Student Branch,Universidad Veracruzana-Poza Rica,,13,12,Yes,0,,0,4,No,Yes,Yes,,Yes,Yes,Yes,No,Met,2/3,Not Met
Universidad de Antioquia,STB14361,Student Branch,Universidad de Antioquia,,9,12,No,3,,0,4,No,Yes,Yes,,Yes,Yes,Yes,Yes,Met,1/3,Not Met
Universidad de Antofagasta,STB28261,Student Branch,Universidad de Antofagasta,,20,12,Yes,0,,3,4,No,Yes,Yes,,Yes,Yes,Yes,Yes,Met,2/3,Not Met
Universidad de Buenos Aires,STB00231,Student Branch,Universidad de Buenos Aires,,34,12,Yes,1,,3,4,No,Yes,Yes,,Yes,Yes,Yes,Yes,Met,2/3,Not Met
Universidad de Ciencias y Artes de Chiapas UNICACH,STB10062,Student Branch,Universidad de Ciencias y Artes de Chiapas,,0,12,No,0,,0,4,No,No,No,,No,No,No,No,Not Met,0/3,Not Met
Universidad de Ciencias y Humanidades,STB18351,Student Branch,Universidad de Ciencias y Humanidades,,0,12,No,0,,0,4,No,No,No,,No,No,No,No,Not Met,0/3,Not Met
Universidad de Colima - Sede Manzanillo,STB66251,Student Branch,Universidad de Colima - Sede Manzanillo,,0,12,No,0,,0,4,No,No,No,,No,No,No,No,Not Met,0/3,Not Met
Universidad de Cordoba,STB20126,Student Branch,Universidad de Cordoba,,11,12,No,0,,0,4,No,No,Yes,,No,No,No,No,Partial,0/3,Not Met
Universidad de Costa Rica,STB11121,Student Branch,Universidad de Costa Rica,,44,12,Yes,12,,2,4,Yes,Yes,Yes,,Yes,Yes,Yes,Yes,Met,3/3,Met
Universidad de Costa Rica - Sede Guanacaste,STB10064,Student Branch,Universidad de Costa Rica - Sede Guanacaste,,0,12,No,0,,0,4,No,No,No,,No,No,No,No,Not Met,0/3,Not Met
Universidad de Cuenca,STB86091,Student Branch,Universidad de Cuenca,,28,12,Yes,0,,0,4,No,Yes,No,,Yes,Yes,Yes,No,Partial,1/3,Not Met
Universidad de Cundinamarca,STB64431,Student Branch,Universidad de Cundinamarca,,0,12,No,0,,0,4,No,No,No,,No,No,No,No,Not Met,0/3,Not Met
Universidad de Guadalajara,STB05521,Student Branch,Universidad de Guadalajara,,77,12,Yes,8,,2,4,Yes,Yes,Yes,,Yes,Yes,Yes,No,Met,3/3,Met
Universidad de Guadalajara - Cutlajo,STB60216885,Student Branch,Universidad de Guadalajara - Cutlajo,,28,12,Yes,0,,0,4,No,Yes,Yes,,Yes,Yes,Yes,Yes,Met,2/3,Not Met
Universidad de Guadalajara-Valles,STB11553,Student Branch,Universidad de Guadalajara-Valles,,4,12,No,0,,0,4,No,No,No,,No,No,No,No,Not Met,0/3,Not Met
Universidad de Guanajuato,STB15131,Student Branch,Universidad de Guanajuato,,35,12,Yes,0,,0,4,No,No,Yes,,No,No,No,No,Partial,1/3,Not Met
Universidad de Ingenieria y Tecnologia - UTEC,STB14431,Student Branch,Universidad de Ingenieria y Tecnologia - UTEC,,65,12,Yes,0,,0,4,No,Yes,Yes,,Yes,Yes,Yes,No,Met,2/3,Not Met
Universidad de Investigacion y Desarrollo,STB64635,Student Branch,Universidad de Investigacion y Desarrollo,,0,12,No,0,,0,4,No,No,No,,No,No,No,No,Not Met,0/3,Not Met
Universidad de Las Americas-Puebla,STB16711,Student Branch,Univ de Las Americas-Puebla,,25,12,Yes,7,,1,4,Yes,Yes,Yes,,Yes,Yes,Yes,No,Met,3/3,Met
Universidad de Lima,STB64011,Student Branch,Universidad de Lima,,8,12,No,0,,0,4,No,No,No,,No,No,No,No,Not Met,0/3,Not Met
Universidad de Los Andes-Merida,STB17851,Student Branch,Universidad de Los Andes-Merida,,0,12,No,0,,0,4,No,No,No,,No,No,No,No,Not Met,0/3,Not Met
Universidad de Los Lagos,STB60243777,Student Branch,Universidad de Los Lagos,,16,12,Yes,2,,0,4,No,Yes,Yes,,Yes,Yes,Yes,Yes,Met,2/3,Not Met
Universidad de Medellin,STB07871,Student Branch,Universidad de Medellin,,0,12,No,0,,0,4,No,No,No,,No,No,No,No,Not Met,0/3,Not Met
Universidad de Monterrey,STB14941,Student Branch,Universidad de Monterrey,,58,12,Yes,0,,0,4,No,Yes,Yes,,Yes,Yes,Yes,Yes,Met,2/3,Not Met
Universidad de Narino,STB64151,Student Branch,Universidad de Narino,,4,12,No,0,,0,4,No,No,No,,No,No,No,No,Not Met,0/3,Not Met
Universidad de O'Higgins,STB60226547,Student Branch,Universidad de O'Higgins,,6,12,No,7,,0,4,Yes,Yes,Yes,,Yes,Yes,Yes,No,Met,2/3,Not Met
Universidad de Panama,STB60171,Student Branch,Universidad de Panama,,37,12,Yes,6,,2,4,Yes,Yes,Yes,,Yes,Yes,Yes,Yes,Met,3/3,Met
Universidad de Piura,STB60621,Student Branch,Universidad de Piura,,18,12,Yes,3,,0,4,No,Yes,No,,Yes,No,No,No,Partial,1/3,Not Met
Universidad de Piura - Sede Lima,STB10065,Student Branch,Universidad de Piura - Sede Lima,,1,12,No,0,,0,4,No,No,No,,No,No,No,No,Not Met,0/3,Not Met
Universidad de San Buenaventura,STB62571,Student Branch,Universidad de San Buenaventura,,0,12,No,0,,0,4,No,No,No,,No,No,No,No,Not Met,0/3,Not Met
Universidad de San Buenaventura - Cali,STB07901,Student Branch,Universidad de San Buenaventura - Cali,,0,12,No,0,,0,4,No,No,No,,No,No,No,No,Not Met,0/3,Not Met
Universidad de San Carlos de Guatemala,STB17091,Student Branch,Universidad de San Carlos de Guatemala,,61,12,Yes,1,,1,4,No,Yes,Yes,,Yes,Yes,Yes,Yes,Met,2/3,Not Met
Universidad de San Martin de Porres,STB62541,Student Branch,Universidad de San Martin de Porres,,0,12,No,0,,0,4,No,No,No,,No,No,No,No,Not Met,0/3,Not Met
Universidad de Santiago de Chile,STB92021,Student Branch,Universidad de Santiago de Chile,,32,12,Yes,0,,0,4,No,Yes,No,,Yes,Yes,Yes,Yes,Partial,1/3,Not Met
Universidad de Sonora,STB20222,Student Branch,Universidad de Sonora,,3,12,No,0,,0,4,No,No,No,,No,No,No,No,Not Met,0/3,Not Met
Universidad de Sonsonate,STB07081,Student Branch,Universidad de Sonsonate,,1,12,No,0,,0,4,No,No,No,,No,No,No,No,Not Met,0/3,Not Met
Universidad de Sucre,STB60225041,Student Branch,Universidad de Sucre,,6,12,No,4,,0,4,Yes,Yes,Yes,,No,No,No,No,Met,2/3,Not Met
Universidad de Talca,STB60063426,Student Branch,Universidad de Talca,,13,12,Yes,1,,0,4,No,Yes,No,,No,No,No,No,Partial,1/3,Not Met
Universidad de Tarapaca,STB29371,Student Branch,Universidad de Tarapaca,,4,12,No,0,,0,4,No,Yes,No,,No,No,No,No,Partial,0/3,Not Met
Universidad de Valparaiso,STB64627,Student Branch,Universidad de Valparaiso,,3,12,No,0,,0,4,No,No,No,,No,No,No,No,Not Met,0/3,Not Met
Universidad de el Salvador,STB99671,Student Branch,Universidad de el Salvador,,88,12,Yes,13,,15,4,Yes,Yes,Yes,,Yes,Yes,No,Yes,Met,3/3,Met
Universidad de la Costa,STB65981,Student Branch,Universidad de la Costa,,65,12,Yes,29,,3,4,Yes,Yes,Yes,,Yes,Yes,Yes,Yes,Met,3/3,Met
Universidad de la Fuerzas Armadas ESPE - Latacunga,STB11457,Student Branch,Universidad de la Fuerzas Armadas ESPE - Latacunga,,42,12,Yes,5,,3,4,Yes,Yes,Yes,,Yes,Yes,No,Yes,Met,3/3,Met
Universidad de la Sabana,STB66041,Student Branch,Universidad de la Sabana,,35,12,Yes,0,,0,4,No,Yes,No,,Yes,No,No,Yes,Partial,1/3,Not Met
Universidad de las Americas-Quito,STB10045,Student Branch,Universidad de las Americas-Quito,,68,12,Yes,0,,0,4,No,Yes,No,,Yes,Yes,Yes,Yes,Partial,1/3,Not Met
Universidad de las Fuerzas Armadas - ESPE,STB63741,Student Branch,Universidad de las Fuerzas Armadas - ESPE,,126,12,Yes,20,,2,4,Yes,Yes,Yes,,Yes,Yes,No,Yes,Met,3/3,Met
Universidad de los Andes,STB12991,Student Branch,Universidad de los Andes,,132,12,Yes,108,,5,4,Yes,Yes,Yes,,Yes,Yes,Yes,Yes,Met,3/3,Met
Universidad de los Llanos,STB02331,Student Branch,Universidad de los Llanos,,0,12,No,0,,0,4,No,No,No,,No,No,No,No,Not Met,0/3,Not Met
Universidad del Cauca,STB09161,Student Branch,Universidad del Cauca,,54,12,Yes,12,,0,4,Yes,Yes,Yes,,Yes,Yes,Yes,No,Met,3/3,Met
Universidad del Cono Sur de las Americas,STB04861,Student Branch,Universidad del Cono Sur de Las Americas,,14,12,Yes,0,,1,4,No,Yes,Yes,,Yes,Yes,No,No,Met,2/3,Not Met
Universidad del Istmo,STB60226380,Student Branch,Universidad del Istmo,,12,12,Yes,0,,3,4,No,Yes,Yes,,Yes,No,No,Yes,Met,2/3,Not Met
Universidad del Magdalena,STB08871,Student Branch,Universidad del Magdalena,,19,12,Yes,6,,0,4,Yes,Yes,Yes,,Yes,Yes,Yes,Yes,Met,3/3,Met
Universidad del Norte,STB63011,Student Branch,Universidad del Norte,,175,12,Yes,101,,9,4,Yes,Yes,Yes,,Yes,Yes,Yes,Yes,Met,3/3,Met
Universidad del Pacifico,STB64265,Student Branch,Universidad del Pacifico,,29,12,Yes,1,,0,4,No,Yes,Yes,,Yes,Yes,Yes,Yes,Met,2/3,Not Met
Universidad del Quindio,STB65911,Student Branch,Universidad del Quindio,,9,12,No,4,,0,4,Yes,Yes,Yes,,Yes,No,Yes,No,Met,2/3,Not Met
Universidad del Rosario,STB99411,Student Branch,Universidad del Rosario,,13,12,Yes,2,,1,4,No,Yes,Yes,,Yes,No,No,No,Met,2/3,Not Met
Universidad del Salvador,STB63451,Student Branch,Universidad del Salvador,,0,12,No,0,,0,4,No,No,No,,No,No,No,No,Not Met,0/3,Not Met
Universidad del Sol,STB62511,Student Branch,Universidad del Sol,,0,12,No,0,,0,4,No,No,No,,No,No,No,No,Not Met,0/3,Not Met
Universidad del Valle,STB95801,Student Branch,Universidad del Valle,,108,12,Yes,28,,2,4,Yes,Yes,Yes,,Yes,Yes,Yes,Yes,Met,3/3,Met
Universidad del Valle de Atemajac,STB63131,Student Branch,Universidad del Valle de Atemajac,,0,12,No,0,,0,4,No,No,No,,No,No,No,No,Not Met,0/3,Not Met
Universidad del Valle de Guatemala,STB28211,Student Branch,Universidad del Valle de Guatemala,,10,12,No,1,,0,4,No,No,Yes,,No,Yes,Yes,Yes,Partial,0/3,Not Met
Universidad del Valle-Cochabamba,STB11478,Student Branch,Universidad del Valle-Cochabamba,,11,12,No,1,,0,4,No,No,Yes,,No,No,No,No,Partial,0/3,Not Met
Universidad del Zulia,STB29631,Student Branch,Universidad del Zulia,,3,12,No,0,,0,4,No,No,No,,No,No,No,No,Not Met,0/3,Not Met
Universidad el Bosque,STB60951,Student Branch,Universidad El Bosque,,8,12,No,0,,0,4,No,No,Yes,,No,No,No,No,Partial,0/3,Not Met
Universidade Estadual de Campinas,STB91201,Student Branch,Universidade Estadual de Campinas,,82,12,Yes,0,,0,4,No,Yes,Yes,,Yes,No,Yes,No,Met,2/3,Not Met
Universidade Estadual de Feira de Santana,STB11151,Student Branch,Universidade Estadual de Feira de Santana,,8,12,No,0,,0,4,No,Yes,Yes,,Yes,No,No,Yes,Met,1/3,Not Met
Universidade Estadual de Maringa,STB64306,Student Branch,Universidade Estadual de Maringa,,20,12,Yes,0,,1,4,No,Yes,Yes,,Yes,Yes,Yes,Yes,Met,2/3,Not Met
Universidade Estadual do Oeste do Parana,STB61791,Student Branch,Universidade Estadual do Oeste do Parana,,14,12,Yes,1,,2,4,No,Yes,No,,Yes,Yes,No,No,Partial,1/3,Not Met
Universidade Federal De Juiz De Fora,STB13491,Student Branch,Universidade Federal De Juiz De Fora,,87,12,Yes,43,,8,4,Yes,Yes,Yes,,Yes,Yes,Yes,Yes,Met,3/3,Met
Universidade Federal Rural de Pernambuco,STB11448,Student Branch,Universidade Federal Rural de Pernambuco,,2,12,No,0,,0,4,No,No,No,,No,No,No,No,Not Met,0/3,Not Met
Universidade Federal Rural do Semi-Arido,STB99373,Student Branch,Universidade Federal Rural do Semi-Arido,,25,12,Yes,0,,0,4,No,No,Yes,,Yes,No,No,No,Partial,1/3,Not Met
Universidade Federal da Paraiba,STB14711,Student Branch,Universidade Federal da Paraiba,,45,12,Yes,0,,1,4,No,Yes,Yes,,Yes,Yes,Yes,Yes,Met,2/3,Not Met
Universidade Federal de Alagoas,STB10043,Student Branch,Universidade Federal de Alagoas,,41,12,Yes,0,,0,4,No,Yes,Yes,,Yes,Yes,Yes,Yes,Met,2/3,Not Met
Universidade Federal de Campina Grande,STB05141,Student Branch,Universidade Federal de Campina Grande,,101,12,Yes,16,,2,4,Yes,Yes,Yes,,Yes,Yes,Yes,Yes,Met,3/3,Met
Universidade Federal de Lavras,STB60021935,Student Branch,Universidade Federal de Lavras,,14,12,Yes,0,,0,4,No,Yes,Yes,,Yes,Yes,Yes,Yes,Met,2/3,Not Met
Universidade Federal de Mato Grosso do Sul,STB11589,Student Branch,Universidade Federal de Mato Grosso do Sul,,30,12,Yes,29,,1,4,Yes,Yes,No,,No,Yes,No,Yes,Partial,2/3,Not Met
Universidade Federal de Pernambuco,STB99374,Student Branch,Universidade Federal de Pernambuco,,29,12,Yes,0,,0,4,No,Yes,No,,Yes,Yes,Yes,Yes,Partial,1/3,Not Met
Universidade Federal de Santa Catarina,STB08701,Student Branch,Universidade Federal de Santa Catarina,,41,12,Yes,0,,0,4,No,No,No,,No,No,No,No,Not Met,1/3,Not Met
Universidade Federal de Santa Maria,STB15155,Student Branch,Universidade Federal de Santa Maria,,79,12,Yes,2,,2,4,No,Yes,Yes,,Yes,Yes,Yes,No,Met,2/3,Not Met
Universidade Federal de Sao Carlos,STB39471,Student Branch,Universidade Federal de Sao Carlos,,2,12,No,0,,0,4,No,No,No,,No,No,No,No,Not Met,0/3,Not Met
Universidade Federal do ABC,STB03741,Student Branch,Universidade Federal do ABC,,40,12,Yes,0,,0,4,No,Yes,Yes,,No,No,No,No,Met,2/3,Not Met
Universidade Federal do Acre,STB60096817,Student Branch,Universidade Federal do Acre,,15,12,Yes,0,,1,4,No,Yes,Yes,,Yes,No,No,No,Met,2/3,Not Met
Universidade Federal do Amapa,STB35736,Student Branch,Universidade Federal do Amapa,,7,12,No,0,,1,4,No,Yes,No,,Yes,Yes,Yes,No,Partial,0/3,Not Met
Universidade Federal do Ceara - Sobral,STB99072,Student Branch,Universidade Federal do Ceara - Sobral,,3,12,No,0,,0,4,No,Yes,No,,No,No,No,No,Partial,0/3,Not Met
Universidade Federal do Espirito Santo-Sao Mateus,STB10204,Student Branch,Universidade Federal do Espirito Santo-Sao Mateus,,1,12,No,0,,0,4,No,Yes,Yes,,Yes,Yes,No,No,Met,1/3,Not Met
Universidade Federal do Pampa,STB60095867,Student Branch,Universidade Federal do Pampa,,12,12,Yes,6,,0,4,Yes,Yes,Yes,,Yes,Yes,Yes,No,Met,3/3,Met
Universidade Federal do Para,STB02271,Student Branch,Universidade Federal do Para,,24,12,Yes,0,,0,4,No,Yes,No,,Yes,Yes,Yes,No,Partial,1/3,Not Met
Universidade Federal do Para - Tucurui,STB12031,Student Branch,Universidade Federal do Para - Tucurui,,0,12,No,0,,0,4,No,No,No,,No,No,No,No,Not Met,0/3,Not Met
Universidade Federal do Reconcavo da Bahia,STB20150,Student Branch,Universidade Federal do Reconcavo da Bahia,,31,12,Yes,12,,1,4,Yes,Yes,Yes,,Yes,No,Yes,Yes,Met,3/3,Met
Universidade Federal do Rio Grande do Norte,STB66301,Student Branch,Universidade Federal do Rio Grande do Norte,,154,12,Yes,10,,0,4,Yes,Yes,Yes,,Yes,Yes,Yes,Yes,Met,3/3,Met
Universidade Federal do Rio de Janeiro,STB03101,Student Branch,Universidade Federal do Rio de Janeiro,,25,12,Yes,4,,0,4,Yes,Yes,Yes,,Yes,No,Yes,No,Met,3/3,Met
Universidade Federal do Vale do Sao Francisco,STB13801,Student Branch,Universidade Federal do Vale do Sao Francisco,,0,12,No,0,,0,4,No,No,No,,No,No,No,No,Not Met,0/3,Not Met
Universidade Tecnologica Federal do Parana,STB10175,Student Branch,Universidade Tecnologica Federal do Parana,,48,12,Yes,4,,6,4,Yes,Yes,Yes,,Yes,No,No,No,Met,3/3,Met
Universidade Veiga de Almeida UVA,STB11750,Student Branch,Universidade Veiga de Almeida UVA,,13,12,Yes,0,,0,4,No,Yes,Yes,,Yes,Yes,Yes,Yes,Met,2/3,Not Met
Universidade de Brasilia,STB12381,Student Branch,Universidade de Brasilia,,174,12,Yes,4,,2,4,Yes,Yes,Yes,,Yes,Yes,Yes,Yes,Met,3/3,Met
Universidade de Sao Paulo,STB10521,Student Branch,Universidade de Sao Paulo,,51,12,Yes,0,,0,4,No,Yes,No,,No,No,No,No,Partial,1/3,Not Met
Universidade do Contestado,STB18361,Student Branch,Universidade do Contestado,,0,12,No,0,,0,4,No,No,No,,No,No,No,No,Not Met,0/3,Not Met
Universidade do Estado de Mato Grosso,STB16921,Student Branch,Universidade do Estado de Mato Grosso,,2,12,No,0,,0,4,No,No,Yes,,No,No,No,No,Partial,0/3,Not Met
Universidade do Estado do Rio de Janeiro,STB63211,Student Branch,Universidade do Estado do Rio de Janeiro,,19,12,Yes,10,,0,4,Yes,Yes,Yes,,Yes,Yes,Yes,No,Met,3/3,Met
Universidade do Vale do Rio dos Sinos,STB14002,Student Branch,Universidade do Vale do Rio dos Sinos,,0,12,No,0,,0,4,No,No,No,,No,No,No,No,Not Met,0/3,Not Met
University Autonomous Tomas Frias,STB12131,Student Branch,University Autonomous Tomas Frias,,2,12,No,3,,0,4,No,Yes,No,,Yes,Yes,No,No,Partial,0/3,Not Met
University of Atlántico,STB60239952,Student Branch,University of Atlántico,,29,12,Yes,7,,1,4,Yes,Yes,Yes,,Yes,Yes,Yes,Yes,Met,3/3,Met
University of Concepcion,STB04831,Student Branch,University of Concepcion,,79,12,Yes,5,,1,4,Yes,Yes,Yes,,Yes,Yes,Yes,Yes,Met,3/3,Met
University of Guayaquil,STB64620,Student Branch,University of Guayaquil,,1,12,No,0,,0,4,No,No,No,,No,No,No,No,Not Met,0/3,Not Met
University of La Frontera,STB60061,Student Branch,University of La Frontera,,17,12,Yes,1,,0,4,No,Yes,Yes,,Yes,Yes,Yes,Yes,Met,2/3,Not Met
University of Magallanes,STB20621,Student Branch,University of Magallanes,,0,12,No,0,,0,4,No,No,No,,No,No,No,No,Not Met,0/3,Not Met
University of Palermo,STB08261,Student Branch,University of Palermo,,6,12,No,0,,0,4,No,No,No,,No,No,No,No,Not Met,0/3,Not Met
University of Pamplona,STB41556639,Student Branch,University of Pamplona,,43,12,Yes,0,,0,4,No,No,Yes,,No,No,No,No,Partial,1/3,Not Met
University of Pernambuco,STB60060452,Student Branch,University of Pernambuco,,18,12,Yes,0,,0,4,No,Yes,Yes,,No,Yes,Yes,Yes,Met,2/3,Not Met
University of Puerto Rico at Aguadilla,STB61221,Student Branch,University of Puerto Rico at Aguadilla,,0,12,No,0,,0,4,No,No,No,,No,No,No,No,Not Met,0/3,Not Met
University of Puerto Rico-Bayamon,STB08311,Student Branch,University of Puerto Rico Bayamon,,3,12,No,0,,0,4,No,No,No,,No,No,No,No,Not Met,0/3,Not Met
University of Saint Francis Xavier,STB03108,Student Branch,University of Saint Francis Xavier,,12,12,Yes,0,,0,4,No,Yes,Yes,,Yes,Yes,Yes,Yes,Met,2/3,Not Met
University of San Buenaventura,STB03171,Student Branch,University of San Buenaventura,,2,12,No,0,,0,4,No,No,No,,No,No,No,No,Not Met,0/3,Not Met
Uruguay Catolica Univ De Damas Larranag,STB60011,Student Branch,Uruguay Univ Catolica De Damaso Larranaga,,9,12,No,1,,0,4,No,Yes,No,,No,No,No,No,Partial,0/3,Not Met
Uruguay Univ del Trabajo,STB60001,Student Branch,Uruguay Univ del Trabajo,,0,12,No,0,,0,4,No,Yes,No,,No,No,No,No,Partial,0/3,Not Met
West Indies Univ Of The-St Augustine,STB28151,Student Branch,West Indies Univ Of The-St Augustine,,40,12,Yes,8,,0,4,Yes,No,Yes,,No,No,No,No,Partial,2/3,Not Met
Yachay Tech University,STB11735,Student Branch,Yachay Tech University,,130,12,Yes,4,,1,4,Yes,Yes,Yes,,Yes,Yes,Yes,Yes,Met,3/3,Met
"Antonio Narino University,COM19",SBC64411D,Student Branch Chapter,Antonio Narino University,COM19,18,6,Yes,0,0,1,2,No,Yes,,Yes,Yes,Yes,Yes,Yes,Met,2/3,Not Met
"Antonio Narino University,EMB18",SBC64411C,Student Branch Chapter,Antonio Narino University,EMB18,12,6,Yes,0,0,0,2,No,Yes,,Yes,Yes,Yes,Yes,Yes,Met,2/3,Not Met
"Antonio Narino University,RA24",SBC64411B,Student Branch Chapter,Antonio Narino University,RA24,25,6,Yes,0,0,1,2,No,Yes,,Yes,Yes,Yes,Yes,Yes,Met,2/3,Not Met
"Antonio Narino University,TEM14",SBC64411A,Student Branch Chapter,Antonio Narino University,TEM14,20,6,Yes,0,0,0,2,No,Yes,,Yes,Yes,Yes,Yes,Yes,Met,2/3,Not Met
"Antonio de Arevalo University Foundation,C16",SBC60218366,Student Branch Chapter,Antonio de Arevalo University Foundation,C16,2,6,No,1,1,0,2,No,Yes,,No,No,No,Yes,No,Partial,0/3,Not Met
"Antonio de Arevalo University Foundation,RA24",SBC60218366A,Student Branch Chapter,Antonio de Arevalo University Foundation,RA24,1,6,No,0,0,0,2,No,No,,No,No,No,No,No,Not Met,0/3,Not Met
"Antonio de Arevalo University Foundation,TEM14",SBC60218366B,Student Branch Chapter,Antonio de Arevalo University Foundation,TEM14,4,6,No,3,1,0,2,No,Yes,,Yes,No,No,No,No,Met,1/3,Not Met
"Autonomous University of Baja California,IE13",SBC2516633A,Student Branch Chapter,Autonomous University of Baja California,IE13,7,6,Yes,6,0,0,2,No,Yes,,Yes,Yes,Yes,Yes,Yes,Met,2/3,Not Met
"Autonomous University of Baja California,PE31",SBC2516633,Student Branch Chapter,Autonomous University of Baja California,PE31,13,6,Yes,9,1,4,2,No,Yes,,Yes,Yes,No,No,Yes,Met,2/3,Not Met
"Benemerita Univ Autonoma De Puebla, PEL35",SBC64141C,Student Branch Chapter,Benemerita Universidad Autonoma De Puebla,PEL35,0,6,No,0,0,0,2,No,No,,No,No,No,No,No,Not Met,0/3,Not Met
"Benemerita Univ Autonoma De Puebla, SMC28",SBC64141F,Student Branch Chapter,Benemerita Universidad Autonoma De Puebla,SMC28,4,6,No,1,1,0,2,No,No,,No,No,No,No,No,Not Met,0/3,Not Met
"Benemerita Universidad Autonoma De Puebla, IA34",SBC64141B,Student Branch Chapter,Benemerita Universidad Autonoma De Puebla,IA34,6,6,Yes,0,0,0,2,No,No,,No,No,No,No,No,Not Met,1/3,Not Met
"Benemerita Universidad Autonoma De Puebla,C16",SBC64141,Student Branch Chapter,Benemerita Universidad Autonoma De Puebla,C16,4,6,No,0,0,0,2,No,No,,No,No,No,No,No,Not Met,0/3,Not Met
"Benemerita Universidad Autonoma De Puebla,ED15",SBC64141A,Student Branch Chapter,Benemerita Universidad Autonoma De Puebla,ED15,7,6,Yes,0,0,0,2,No,No,,No,No,No,No,No,Not Met,1/3,Not Met
"Benemerita Universidad Autonoma De Puebla,EMB18",SBC64141H,Student Branch Chapter,Benemerita Universidad Autonoma De Puebla,EMB18,10,6,Yes,0,0,0,2,No,No,,No,No,No,No,No,Not Met,1/3,Not Met
"Benemerita Universidad Autonoma De Puebla,RA24",SBC64141G,Student Branch Chapter,Benemerita Universidad Autonoma De Puebla,RA24,19,6,Yes,1,1,0,2,No,No,,No,No,No,No,No,Not Met,1/3,Not Met
"Benemerita Universidad Autonoma de Puebla, MTT17",SBC64141E,Student Branch Chapter,Benemerita Universidad Autonoma De Puebla,MTT17,0,6,No,1,1,0,2,No,No,,No,No,No,No,No,Not Met,0/3,Not Met
"Benemerita Universidad Autonoma de Puebla, PE31",SBC64141D,Student Branch Chapter,Benemerita Universidad Autonoma De Puebla,PE31,31,6,Yes,0,0,0,2,No,No,,No,No,No,No,No,Not Met,1/3,Not Met
"Cefet/RJ-Centro Federal De Educ Tec Csf,C16",SBC63491C,Student Branch Chapter,Cefet/RJ-Centro Federal De Educ Tec Csf,C16,32,6,Yes,0,0,1,2,No,No,,Yes,Yes,Yes,Yes,No,Partial,1/3,Not Met
"Cefet/RJ-Centro Federal De Educ Tec Csf,IE13",SBC63491F,Student Branch Chapter,Cefet/RJ-Centro Federal De Educ Tec Csf,IE13,16,6,Yes,1,0,0,2,No,Yes,,Yes,Yes,Yes,Yes,Yes,Met,2/3,Not Met
"Cefet/RJ-Centro Federal De Educ Tec Csf,PE31",SBC63491B,Student Branch Chapter,Cefet/RJ-Centro Federal De Educ Tec Csf,PE31,10,6,Yes,8,2,0,2,Yes,No,,Yes,Yes,Yes,Yes,Yes,Partial,2/3,Not Met
"Cefet/RJ-Centro Federal De Educ Tec Csf,PHO36",SBC63491G,Student Branch Chapter,Cefet/RJ-Centro Federal De Educ Tec Csf,PHO36,6,6,Yes,0,0,0,2,No,Yes,,Yes,Yes,Yes,Yes,No,Met,2/3,Not Met
"Cefet/RJ-Centro Federal De Educ Tec Csf,RA24",SBC63491A,Student Branch Chapter,Cefet/RJ-Centro Federal De Educ Tec Csf,RA24,6,6,Yes,0,0,0,2,No,No,,No,Yes,Yes,No,No,Not Met,1/3,Not Met
"Cefet/Rj-Centro Federal De Educ Tec Csf,AES10",SBC63491E,Student Branch Chapter,Cefet/RJ-Centro Federal De Educ Tec Csf,AES10,5,6,No,0,0,0,2,No,Yes,,Yes,No,No,No,No,Met,1/3,Not Met
"Cefet/Rj-Centro Federal De Educ Tec Csf,SIT30",SBC63491D,Student Branch Chapter,Cefet/RJ-Centro Federal De Educ Tec Csf,SIT30,1,6,No,0,0,0,2,No,No,,No,No,No,No,No,Not Met,0/3,Not Met
"Centro Nacional Investigacion Desarrollo, C16",SBC3440A,Student Branch Chapter,Centro Nacional Investigacion Desarrollo,C16,2,6,No,0,0,0,2,No,No,,No,No,No,No,No,Not Met,0/3,Not Met
"Centro Nacional Investigacion Desarrollo, CIS11",SBC3440B,Student Branch Chapter,Centro Nacional Investigacion Desarrollo,CIS11,3,6,No,0,0,0,2,No,No,,No,No,Yes,No,No,Not Met,0/3,Not Met
"Centro Nacional Investigacion Desarrollo, PEL35",SBC34401,Student Branch Chapter,Centro Nacional Investigacion Desarrollo,PEL35,2,6,No,0,0,0,2,No,No,,No,No,No,No,No,Not Met,0/3,Not Met
"Centro Universitario Da Fei,ED15",SBC13751A,Student Branch Chapter,Centro Universitario da Fei,ED15,9,6,Yes,0,0,2,2,No,No,,Yes,No,No,No,No,Partial,1/3,Not Met
"Centro de Investigacion en Computacion,CIS11",SBC41492028A,Student Branch Chapter,Centro de Investigacion en Computacion,CIS11,16,6,Yes,0,0,0,2,No,No,,No,Yes,Yes,Yes,Yes,Not Met,1/3,Not Met
"Centro de Investigacion en Computacion,SMC28",SBC41492028,Student Branch Chapter,Centro de Investigacion en Computacion,SMC28,16,6,Yes,0,0,0,2,No,Yes,,Yes,Yes,Yes,No,No,Met,2/3,Not Met
"Centro de Investigacion en Computacion,SSC37",SBC41492028B,Student Branch Chapter,Centro de Investigacion en Computacion,SSC37,11,6,Yes,3,3,0,2,Yes,Yes,,Yes,Yes,Yes,Yes,Yes,Met,3/3,Met
"Centroamericana Univ Jose Simeon Canas,C16",SBC53001,Student Branch Chapter,Centroamericana Univ Jose Simeon Canas,C16,9,6,Yes,1,0,1,2,No,Yes,,No,No,No,No,No,Partial,1/3,Not Met
"Centroamericana Univ Jose Simeon Canas,COM19",SBC53001A,Student Branch Chapter,Centroamericana Univ Jose Simeon Canas,COM19,1,6,No,1,0,0,2,No,No,,No,No,No,No,No,Not Met,0/3,Not Met
"Centroamericana Univ Jose Simeon Canas,IA34",SBC53001B,Student Branch Chapter,Centroamericana Univ Jose Simeon Canas,IA34,10,6,Yes,1,0,0,2,No,No,,No,No,No,No,No,Not Met,1/3,Not Met
"Centroamericana Univ Jose Simeon Canas,PE31",SBC53001C,Student Branch Chapter,Centroamericana Univ Jose Simeon Canas,PE31,11,6,Yes,2,1,3,2,No,Yes,,Yes,Yes,Yes,Yes,No,Met,2/3,Not Met
"Centroamericana Univ Jose Simeon Canas,RA24",SBC53001D,Student Branch Chapter,Centroamericana Univ Jose Simeon Canas,RA24,8,6,Yes,3,2,0,2,Yes,Yes,,Yes,Yes,No,No,Yes,Met,3/3,Met
"Chapingo Autonomous University,C16",SBC60226280A,Student Branch Chapter,Chapingo Autonomous University,C16,16,6,Yes,4,3,0,2,Yes,Yes,,Yes,Yes,Yes,Yes,Yes,Met,3/3,Met
"Chapingo Autonomous University,PE31",SBC60226280B,Student Branch Chapter,Chapingo Autonomous University,PE31,7,6,Yes,0,0,0,2,No,Yes,,Yes,No,No,No,No,Met,2/3,Not Met
"Chapingo Autonomous University,RA24",SBC60226280,Student Branch Chapter,Chapingo Autonomous University,RA24,21,6,Yes,3,2,1,2,Yes,Yes,,No,Yes,Yes,Yes,Yes,Partial,2/3,Not Met
"Cicese Research Center,C16",SBC2598933A,Student Branch Chapter,Cicese Research Center,C16,6,6,Yes,0,0,0,2,No,Yes,,Yes,No,No,No,No,Met,2/3,Not Met
"Cicese Research Center,PHO36",SBC2598933,Student Branch Chapter,Cicese Research Center,PHO36,6,6,Yes,0,0,0,2,No,Yes,,Yes,Yes,Yes,Yes,Yes,Met,2/3,Not Met
"Cinvestav Guadalajara,C16",SBC60361A,Student Branch Chapter,Cinvestav Guadalajara,C16,4,6,No,0,0,0,2,No,No,,No,No,No,No,No,Not Met,0/3,Not Met
"Cinvestav Guadalajara,ED15",SBC60361,Student Branch Chapter,Cinvestav Guadalajara,ED15,10,6,Yes,3,3,0,2,Yes,No,,No,No,No,No,No,Not Met,2/3,Not Met
"Cinvestav Guadalajara,MTT17",SBC60361B,Student Branch Chapter,Cinvestav Guadalajara,MTT17,8,6,Yes,2,2,0,2,Yes,No,,No,No,No,No,No,Not Met,2/3,Not Met
"Cinvestav Zacatenco,AP03",SBC60521D,Student Branch Chapter,Cinvestav Zacatenco,AP03,9,6,Yes,3,3,2,2,Yes,Yes,,Yes,No,Yes,No,No,Met,3/3,Met
"Cinvestav Zacatenco,C16",SBC60521F,Student Branch Chapter,Cinvestav Zacatenco,C16,18,6,Yes,2,1,3,2,No,Yes,,Yes,Yes,Yes,Yes,Yes,Met,2/3,Not Met
"Cinvestav Zacatenco,CS23",SBC60521G,Student Branch Chapter,Cinvestav Zacatenco,CS23,10,6,Yes,1,1,1,2,No,Yes,,Yes,Yes,Yes,Yes,Yes,Met,2/3,Not Met
"Cinvestav Zacatenco,ED15",SBC60521,Student Branch Chapter,Cinvestav Zacatenco,ED15,21,6,Yes,8,7,4,2,Yes,Yes,,Yes,Yes,Yes,Yes,Yes,Met,3/3,Met
"Cinvestav Zacatenco,EMB18",SBC60521A,Student Branch Chapter,Cinvestav Zacatenco,EMB18,10,6,Yes,6,1,3,2,No,Yes,,Yes,Yes,Yes,No,Yes,Met,2/3,Not Met
"Cinvestav Zacatenco,NANO42",SBC60521E,Student Branch Chapter,Cinvestav Zacatenco,NANO42,22,6,Yes,11,3,6,2,Yes,Yes,,Yes,Yes,Yes,Yes,Yes,Met,3/3,Met
"Cinvestav Zacatenco,RA24",SBC60521C,Student Branch Chapter,Cinvestav Zacatenco,RA24,10,6,Yes,0,0,3,2,No,Yes,,Yes,Yes,No,Yes,No,Met,2/3,Not Met
"Cinvestav Zacatenco,SSC37",SBC60521B,Student Branch Chapter,Cinvestav Zacatenco,SSC37,26,6,Yes,5,0,2,2,No,Yes,,Yes,Yes,Yes,Yes,Yes,Met,2/3,Not Met
"Cordoba Univ Tec Facultad Regional,RA24",SBC60021,Student Branch Chapter,Cordoba Univ Tec Facultad Regional,RA24,0,6,No,0,0,0,2,No,No,,No,No,No,No,No,Not Met,0/3,Not Met
"Corporación Universitaria del Huila–CORHUILA,RA24",SBC60236869,Student Branch Chapter,Corporación Universitaria del Huila – CORHUILA,RA24,10,6,Yes,0,0,0,2,No,Yes,,Yes,No,No,No,No,Met,2/3,Not Met
"Costa Rica Inst of Technology,ED15",SBC39461J,Student Branch Chapter,Costa Rica Institute of Technology,ED15,14,6,Yes,8,3,1,2,Yes,Yes,,Yes,Yes,Yes,Yes,Yes,Met,3/3,Met
"Costa Rica Inst of Technology,RFID741,BIO46",SBC39461F,Student Branch Chapter,Costa Rica Institute of Technology,BIO46,4,6,No,0,0,0,2,No,No,,No,No,No,No,No,Not Met,0/3,Not Met
"Costa Rica Institute of Technology,AES10",SBC39461I,Student Branch Chapter,Costa Rica Institute of Technology,AES10,12,6,Yes,2,1,0,2,No,Yes,,No,Yes,Yes,No,No,Partial,1/3,Not Met
"Costa Rica Institute of Technology,C16",SBC39461E,Student Branch Chapter,Costa Rica Institute of Technology,C16,27,6,Yes,0,0,0,2,No,Yes,,Yes,No,Yes,Yes,Yes,Met,2/3,Not Met
"Costa Rica Institute of Technology,CAS04",SBC39461B,Student Branch Chapter,Costa Rica Institute of Technology,CAS04,6,6,Yes,0,0,1,2,No,Yes,,No,No,No,Yes,No,Partial,1/3,Not Met
"Costa Rica Institute of Technology,EMB18",SBC39461D,Student Branch Chapter,Costa Rica Institute of Technology,EMB18,23,6,Yes,0,0,0,2,No,Yes,,No,No,No,No,No,Partial,1/3,Not Met
"Costa Rica Institute of Technology,IA34",SBC39461C,Student Branch Chapter,Costa Rica Institute of Technology,IA34,2,6,No,0,0,0,2,No,No,,No,No,No,No,No,Not Met,0/3,Not Met
"Costa Rica Institute of Technology,IE13",SBC39461G,Student Branch Chapter,Costa Rica Institute of Technology,IE13,2,6,No,0,0,0,2,No,No,,No,No,No,No,No,Not Met,0/3,Not Met
"Costa Rica Institute of Technology,NPS05",SBC39461A,Student Branch Chapter,Costa Rica Institute of Technology,NPS05,9,6,Yes,1,1,0,2,No,Yes,,No,Yes,Yes,Yes,Yes,Partial,1/3,Not Met
"Costa Rica Institute of Technology,PE31",SBC39461,Student Branch Chapter,Costa Rica Institute of Technology,PE31,2,6,No,0,0,0,2,No,No,,No,No,No,No,No,Not Met,0/3,Not Met
"Costa Rica Institute of Technology,RA24",SBC39461H,Student Branch Chapter,Costa Rica Institute of Technology,RA24,16,6,Yes,5,3,1,2,Yes,Yes,,Yes,No,Yes,No,Yes,Met,3/3,Met
"De La Salle University,AES10",SBC40010389B,Student Branch Chapter,De La Salle University,AES10,0,6,No,0,0,0,2,No,No,,No,No,No,No,Yes,Not Met,0/3,Not Met
"De La Salle University,PE31",SBC40010389A,Student Branch Chapter,De La Salle University,PE31,1,6,No,0,0,0,2,No,Yes,,No,Yes,No,No,Yes,Partial,0/3,Not Met
"De La Salle University,RA24",SBC40010389,Student Branch Chapter,De La Salle University,RA24,2,6,No,0,0,0,2,No,No,,No,No,No,No,No,Not Met,0/3,Not Met
"Escola Politecnica Universidade de Sao Paulo,C16",SBC03651A,Student Branch Chapter,Escola Politecnica Universidade de Sao Paulo,C16,0,6,No,0,0,0,2,No,No,,No,No,No,No,No,Not Met,0/3,Not Met
"Escola Politecnica Universidade de Sao Paulo,SSC37",SBC03651,Student Branch Chapter,Escola Politecnica Universidade de Sao Paulo,SSC37,1,6,No,0,0,0,2,No,No,,No,No,No,No,No,Not Met,0/3,Not Met
"Escola de Engenharia de Sao Carlos,C16",SBC03151B,Student Branch Chapter,Escola de Engenharia de Sao Carlos,C16,10,6,Yes,1,1,0,2,No,Yes,,No,No,No,No,No,Partial,1/3,Not Met
"Escola de Engenharia de Sao Carlos,EMB18",SBC03151D,Student Branch Chapter,Escola de Engenharia de Sao Carlos,EMB18,9,6,Yes,0,0,0,2,No,Yes,,Yes,No,No,No,No,Met,2/3,Not Met
"Escola de Engenharia de Sao Carlos,PE31",SBC03151,Student Branch Chapter,Escola de Engenharia de Sao Carlos,PE31,15,6,Yes,0,0,0,2,No,Yes,,No,Yes,No,No,No,Partial,1/3,Not Met
"Escola de Engenharia de Sao Carlos,PHO36",SBC03151C,Student Branch Chapter,Escola de Engenharia de Sao Carlos,PHO36,4,6,No,0,0,0,2,No,Yes,,Yes,Yes,No,Yes,No,Met,1/3,Not Met
"Escola de Engenharia de Sao Carlos,RA24",SBC03151A,Student Branch Chapter,Escola de Engenharia de Sao Carlos,RA24,0,6,No,0,0,0,2,No,No,,No,No,No,No,No,Not Met,0/3,Not Met
"Escuela Colombiana DeIng Julio Garavito,AES10",SBC27011B,Student Branch Chapter,Escuela Colombiana De Ingenieria Julio Garavito,AES10,5,6,No,0,0,0,2,No,Yes,,Yes,Yes,Yes,No,Yes,Met,1/3,Not Met
"Escuela Colombiana de Carreras Industriales, AES10",SBC05421A,Student Branch Chapter,Escuela Colombiana de Carreras Industriales,AES10,2,6,No,0,0,0,2,No,No,,No,No,No,No,No,Not Met,0/3,Not Met
"Escuela Colombiana de Carreras Industriales, COM19",SBC05421B,Student Branch Chapter,Escuela Colombiana de Carreras Industriales,COM19,0,6,No,0,0,0,2,No,No,,No,No,No,No,No,Not Met,0/3,Not Met
"Escuela Colombiana de Carreras Industriales, RA24",SBC05421,Student Branch Chapter,Escuela Colombiana de Carreras Industriales,RA24,12,6,Yes,3,3,0,2,Yes,Yes,,No,Yes,Yes,Yes,Yes,Partial,2/3,Not Met
"Escuela Colombiana de Carreras Industriales,EMB18",SBC05421C,Student Branch Chapter,Escuela Colombiana de Carreras Industriales,EMB18,1,6,No,0,0,0,2,No,No,,No,No,No,No,No,Not Met,0/3,Not Met
"Escuela Colombiana de Ingenieria, PE31",SBC27011A,Student Branch Chapter,Escuela Colombiana De Ingenieria Julio Garavito,PE31,0,6,No,0,0,0,2,No,No,,Yes,No,No,No,No,Partial,0/3,Not Met
"Escuela Especializada Ingenieria ITCA-FEPADE,ED15",SBC11409,Student Branch Chapter,Escuela Especializada Ingenieria ITCA-FEPADE,ED15,13,6,Yes,3,0,0,2,No,Yes,,Yes,Yes,Yes,Yes,Yes,Met,2/3,Not Met
"Escuela Militar de Ingenieria-La Paz,C16",SBC60961,Student Branch Chapter,Escuela Militar de Ingenieria-La Paz,C16,1,6,No,0,0,0,2,No,No,,No,No,No,No,No,Not Met,0/3,Not Met
"Escuela Militar de Ingenieria-La Paz,IA34",SBC609611,Student Branch Chapter,Escuela Militar de Ingenieria-La Paz,IA34,2,6,No,0,0,0,2,No,No,,No,No,No,No,No,Not Met,0/3,Not Met
"Escuela Politecnica Nacional, C16",SBC1280A,Student Branch Chapter,Escuela Politecnica Nacional,C16,30,6,Yes,13,3,3,2,Yes,Yes,,Yes,Yes,Yes,Yes,Yes,Met,3/3,Met
"Escuela Politecnica Nacional, CIS11",SBC1280E,Student Branch Chapter,Escuela Politecnica Nacional,CIS11,11,6,Yes,0,0,0,2,No,No,,No,No,No,No,No,Not Met,1/3,Not Met
"Escuela Politecnica Nacional, COM19",SBC12801,Student Branch Chapter,Escuela Politecnica Nacional,COM19,61,6,Yes,0,0,5,2,No,Yes,,Yes,Yes,Yes,Yes,Yes,Met,2/3,Not Met
"Escuela Politecnica Nacional, PE31",SBC1280C,Student Branch Chapter,Escuela Politecnica Nacional,PE31,57,6,Yes,12,7,0,2,Yes,Yes,,Yes,Yes,Yes,Yes,Yes,Met,3/3,Met
"Escuela Politecnica Nacional, RA24/CS23",SBC1280B,Student Branch Chapter,Escuela Politecnica Nacional,RA24/CS23,55,6,Yes,1,1,1,2,No,Yes,,Yes,Yes,Yes,Yes,Yes,Met,2/3,Not Met
"Escuela Politecnica Nacional,AP03/MTT17/RFID741",SBC1280F,Student Branch Chapter,Escuela Politecnica Nacional,AP03/MTT17/RFID741,31,6,Yes,4,3,6,2,Yes,Yes,,Yes,Yes,Yes,Yes,Yes,Met,3/3,Met
"Escuela Politecnica Nacional,EMB18",SBC1280G,Student Branch Chapter,Escuela Politecnica Nacional,EMB18,32,6,Yes,24,4,4,2,Yes,Yes,,Yes,Yes,Yes,Yes,Yes,Met,3/3,Met
"Escuela Politecnica Nacional,PHO36",SBC12801F,Student Branch Chapter,Escuela Politecnica Nacional,PHO36,12,6,Yes,4,3,2,2,Yes,Yes,,Yes,Yes,Yes,Yes,Yes,Met,3/3,Met
"Escuela Politecnica Nacional,TEC802/ITSS38/VT06",SBC1280H,Student Branch Chapter,Escuela Politecnica Nacional,TEC802/ITSS38/VT06,33,6,Yes,0,0,1,2,No,Yes,,Yes,Yes,Yes,Yes,Yes,Met,2/3,Not Met
"Escuela Superior Politecnica Del Litoral,C16",SBC19041A,Student Branch Chapter,Escuela Superior Politecnica del Litoral,C16,56,6,Yes,5,1,12,2,No,Yes,,Yes,Yes,Yes,Yes,No,Met,2/3,Not Met
"Escuela Superior Politecnica Del Litoral,COM19",SBC19041B,Student Branch Chapter,Escuela Superior Politecnica del Litoral,COM19,23,6,Yes,2,0,0,2,No,Yes,,Yes,Yes,Yes,Yes,Yes,Met,2/3,Not Met
"Escuela Superior Politecnica Del Litoral,CS23",SBC19041F,Student Branch Chapter,Escuela Superior Politecnica del Litoral,CS23,21,6,Yes,2,1,0,2,No,Yes,,Yes,Yes,Yes,Yes,No,Met,2/3,Not Met
"Escuela Superior Politecnica Del Litoral,IA34",SBC19041,Student Branch Chapter,Escuela Superior Politecnica del Litoral,IA34,77,6,Yes,9,3,1,2,Yes,Yes,,Yes,Yes,Yes,Yes,Yes,Met,3/3,Met
"Escuela Superior Politecnica Del Litoral,OE22",SBC19041E,Student Branch Chapter,Escuela Superior Politecnica del Litoral,OE22,6,6,Yes,1,0,0,2,No,Yes,,Yes,Yes,Yes,Yes,Yes,Met,2/3,Not Met
"Escuela Superior Politecnica Del Litoral,PE31",SBC19041C,Student Branch Chapter,Escuela Superior Politecnica del Litoral,PE31,54,6,Yes,1,0,2,2,No,Yes,,Yes,Yes,Yes,Yes,Yes,Met,2/3,Not Met
"Escuela Superior Politecnica Del Litoral,RA24",SBC19041D,Student Branch Chapter,Escuela Superior Politecnica del Litoral,RA24,44,6,Yes,1,0,0,2,No,Yes,,Yes,Yes,Yes,Yes,Yes,Met,2/3,Not Met
"Escuela Superior Politecnica de Chimborazo,AP03",SBC65531A,Student Branch Chapter,Escuela Superior Politecnica de Chimborazo,AP03,30,6,Yes,0,0,0,2,No,Yes,,No,Yes,Yes,Yes,Yes,Partial,1/3,Not Met
"Escuela Superior Politecnica de Chimborazo,C16",SBC65531E,Student Branch Chapter,Escuela Superior Politecnica de Chimborazo,C16,26,6,Yes,0,0,1,2,No,Yes,,Yes,Yes,Yes,Yes,Yes,Met,2/3,Not Met
"Escuela Superior Politecnica de Chimborazo,COM19",SBC65531B,Student Branch Chapter,Escuela Superior Politecnica de Chimborazo,COM19,31,6,Yes,1,1,0,2,No,Yes,,Yes,Yes,Yes,Yes,Yes,Met,2/3,Not Met
"Escuela Superior Politecnica de Chimborazo,EMB18",SBC65531C,Student Branch Chapter,Escuela Superior Politecnica de Chimborazo,EMB18,24,6,Yes,0,0,1,2,No,Yes,,Yes,Yes,Yes,Yes,Yes,Met,2/3,Not Met
"Escuela Superior Politecnica de Chimborazo,IE13",SBC65531,Student Branch Chapter,Escuela Superior Politecnica de Chimborazo,IE13,10,6,Yes,0,0,0,2,No,Yes,,Yes,Yes,Yes,Yes,Yes,Met,2/3,Not Met
"Escuela Superior Politecnica de Chimborazo,RA24",SBC65531D,Student Branch Chapter,Escuela Superior Politecnica de Chimborazo,RA24,56,6,Yes,0,0,0,2,No,Yes,,No,No,No,No,No,Partial,1/3,Not Met
"Escuela Superior Politecnica del Litoral,CIS11",SBC19041I,Student Branch Chapter,Escuela Superior Politecnica del Litoral,CIS11,45,6,Yes,4,0,4,2,No,Yes,,Yes,Yes,Yes,Yes,Yes,Met,2/3,Not Met
"Escuela Superior Politecnica del Litoral,EMB18",SBC19041H,Student Branch Chapter,Escuela Superior Politecnica del Litoral,EMB18,49,6,Yes,4,1,0,2,No,Yes,,Yes,Yes,Yes,Yes,Yes,Met,2/3,Not Met
"Escuela Superior Politecnica del Litoral,GRS29",SBC19041J,Student Branch Chapter,Escuela Superior Politecnica del Litoral,GRS29,11,6,Yes,2,0,0,2,No,Yes,,Yes,Yes,Yes,Yes,Yes,Met,2/3,Not Met
"Escuela Superior Politecnica del Litoral,PHO36",SBC19041G,Student Branch Chapter,Escuela Superior Politecnica del Litoral,PHO36,5,6,No,1,0,0,2,No,Yes,,Yes,Yes,Yes,Yes,No,Met,1/3,Not Met
"Escuela Superior de Computo del IPN,C16",SBC660611,Student Branch Chapter,Escuela Superior de Computo del IPN,C16,1,6,No,0,0,0,2,No,No,,No,No,No,No,No,Not Met,0/3,Not Met
"Escuela Tecnologica Inst Tecnico Central, C16",SBC13041A,Student Branch Chapter,Escuela Tecnologica Instituto Tecnico Central,C16,1,6,No,0,0,0,2,No,No,,No,No,No,No,No,Not Met,0/3,Not Met
"Escuela Tecnologica Inst Tecnico Central, RA24",SBC13041B,Student Branch Chapter,Escuela Tecnologica Instituto Tecnico Central,RA24,6,6,Yes,0,0,0,2,No,No,,No,No,No,No,No,Not Met,1/3,Not Met
"Escuela Tecnologica Inst Tecnico Central,AES10",SBC13041C,Student Branch Chapter,Escuela Tecnologica Instituto Tecnico Central,AES10,1,6,No,0,0,0,2,No,No,,No,No,No,No,No,Not Met,0/3,Not Met
"Escuela Tecnologica Inst Tecnico Central,OE22",SBC13041D,Student Branch Chapter,Escuela Tecnologica Instituto Tecnico Central,OE22,0,6,No,0,0,0,2,No,No,,No,No,No,No,No,Not Met,0/3,Not Met
"Faculdade de Tecnologia Senai Cimatec,CAS04",SBC06891D,Student Branch Chapter,Faculdade de Tecnologia Senai Cimatec,CAS04,0,6,No,0,0,0,2,No,No,,No,No,No,No,No,Not Met,0/3,Not Met
"Faculdade de Tecnologia Senai Cimatec,EMB18",SBC06891B,Student Branch Chapter,Faculdade de Tecnologia Senai Cimatec,EMB18,0,6,No,0,0,0,2,No,No,,No,No,No,No,No,Not Met,0/3,Not Met
"Faculdade de Tecnologia Senai Cimatec,PE31",SBC06891,Student Branch Chapter,Faculdade de Tecnologia Senai Cimatec,PE31,0,6,No,0,0,0,2,No,No,,No,No,No,No,No,Not Met,0/3,Not Met
"Faculdade de Tecnologia Senai Cimatec,RA24",SBC06891A,Student Branch Chapter,Faculdade de Tecnologia Senai Cimatec,RA24,2,6,No,0,0,0,2,No,No,,No,No,No,No,No,Not Met,0/3,Not Met
"Facultad Multidisciplinaria de Occidente UES,GRS29",SBC11702,Student Branch Chapter,Facultad Multidisciplinaria de Occidente UES,GRS29,0,6,No,0,0,0,2,No,No,,No,No,No,No,No,Not Met,0/3,Not Met
"Favaloro University,EMB18",SBC66011,Student Branch Chapter,Favaloro University,EMB18,1,6,No,0,0,0,2,No,No,,No,No,No,No,No,Not Met,0/3,Not Met
"Federal Fluminense University,C16/EP21",SBC20521B,Student Branch Chapter,Federal Fluminense University,C16/EP21,15,6,Yes,6,4,3,2,Yes,Yes,,Yes,Yes,Yes,Yes,Yes,Met,3/3,Met
"Federal Fluminense University,IA34",SBC20521A,Student Branch Chapter,Federal Fluminense University,IA34,2,6,No,0,0,0,2,No,No,,No,Yes,No,No,No,Not Met,0/3,Not Met
"Federal Fluminense University,OE22",SBC20521C,Student Branch Chapter,Federal Fluminense University,OE22,4,6,No,5,1,1,2,No,Yes,,Yes,Yes,Yes,Yes,No,Met,1/3,Not Met
"Federal Fluminense University,PE31",SBC20521,Student Branch Chapter,Federal Fluminense University,PE31,13,6,Yes,26,4,1,2,Yes,Yes,,Yes,Yes,Yes,Yes,No,Met,3/3,Met
"Federal Institute of Paraiba-Campina Grande,COM19",SBC13561,Student Branch Chapter,Federal Institute of Paraiba-Campina Grande,COM19,4,6,No,0,0,0,2,No,Yes,,No,Yes,Yes,Yes,Yes,Partial,0/3,Not Met
"Federal Institute of Rio Grande do Norte,IE13",SBC60229023,Student Branch Chapter,Federal Institute of Rio Grande do Norte,IE13,15,6,Yes,0,0,0,2,No,Yes,,Yes,No,No,No,No,Met,2/3,Not Met
"Federal University of Bahia,C16",SBC93051,Student Branch Chapter,Federal University of Bahia,C16,19,6,Yes,24,8,8,2,Yes,Yes,,Yes,Yes,Yes,Yes,Yes,Met,3/3,Met
"Federal University of Bahia,ED15",SBC93051A,Student Branch Chapter,Federal University of Bahia,ED15,22,6,Yes,1,0,4,2,No,Yes,,Yes,Yes,Yes,Yes,Yes,Met,2/3,Not Met
"Federal University of Bahia,PE31",SBC93051B,Student Branch Chapter,Federal University of Bahia,PE31,23,6,Yes,16,0,2,2,No,Yes,,Yes,Yes,Yes,Yes,Yes,Met,2/3,Not Met
"Federal University of Campina Grande,AP03",SBC05141B,Student Branch Chapter,Universidade Federal de Campina Grande,AP03,34,6,Yes,5,0,1,2,No,Yes,,Yes,Yes,Yes,Yes,Yes,Met,2/3,Not Met
"Federal University of Campina Grande,MTT17",SBC05141D,Student Branch Chapter,Universidade Federal de Campina Grande,MTT17,8,6,Yes,5,0,3,2,No,Yes,,Yes,Yes,Yes,Yes,No,Met,2/3,Not Met
"Federal University of Campina Grande,PE31",SBC05141,Student Branch Chapter,Universidade Federal de Campina Grande,PE31,26,6,Yes,9,2,2,2,Yes,Yes,,Yes,Yes,Yes,Yes,Yes,Met,3/3,Met
"Federal University of Campina Grande,PEL35/IA34",SBC05141A,Student Branch Chapter,Universidade Federal de Campina Grande,PEL35/IA34,5,6,No,2,0,0,2,No,Yes,,No,Yes,Yes,Yes,Yes,Partial,0/3,Not Met
"Federal University of Campina Grande,RA24",SBC05141C,Student Branch Chapter,Universidade Federal de Campina Grande,RA24,8,6,Yes,6,1,1,2,No,Yes,,Yes,Yes,Yes,Yes,Yes,Met,2/3,Not Met
"Federal University of Ceara,CAS04",SBC62081,Student Branch Chapter,Federal University of Ceara,CAS04,8,6,Yes,0,0,0,2,No,Yes,,Yes,Yes,Yes,Yes,Yes,Met,2/3,Not Met
"Federal University of Ceara,RA24",SBC62081A,Student Branch Chapter,Federal University of Ceara,RA24,17,6,Yes,1,0,10,2,No,Yes,,Yes,Yes,Yes,Yes,Yes,Met,2/3,Not Met
"Federal University of Ceara,TEC802/PEL35/IA34",SBC62081B,Student Branch Chapter,Federal University of Ceara,TEC802/PEL35/IA34,25,6,Yes,0,0,0,2,No,Yes,,Yes,Yes,Yes,Yes,No,Met,2/3,Not Met
"Federal University of Goias,EMB18",SBC08571,Student Branch Chapter,Federal University of Goias,EMB18,9,6,Yes,0,0,0,2,No,Yes,,Yes,No,No,No,No,Met,2/3,Not Met
"Federal University of Mato Grosso,IE13",SBC40192365,Student Branch Chapter,Federal University of Mato Grosso,IE13,9,6,Yes,0,0,0,2,No,No,,Yes,No,No,No,No,Partial,1/3,Not Met
"Federal University of Minas Gerais,IA34",SBC12521,Student Branch Chapter,Federal University of Minas Gerais,IA34,2,6,No,0,0,0,2,No,No,,No,No,No,No,No,Not Met,0/3,Not Met
"Federal University of Parana,CAS04",SBC35901,Student Branch Chapter,Federal University of Parana,CAS04,5,6,No,0,0,0,2,No,No,,Yes,No,No,No,No,Partial,0/3,Not Met
"Federal University of Pelotas,CAS04",SBC40053131,Student Branch Chapter,Federal University of Pelotas,CAS04,36,6,Yes,0,0,0,2,No,No,,No,No,No,No,No,Not Met,1/3,Not Met
"Federal University of Pelotas,E25",SBC40053131B,Student Branch Chapter,Federal University of Pelotas,E25,4,6,No,0,0,0,2,No,No,,No,Yes,Yes,No,No,Not Met,0/3,Not Met
"Federal University of Pelotas,SP01",SBC40053131A,Student Branch Chapter,Federal University of Pelotas,SP01,20,6,Yes,0,0,0,2,No,Yes,,Yes,No,No,No,No,Met,2/3,Not Met
"Federal University of Rio Grande do Sul,CAS04",SBC664411,Student Branch Chapter,Federal University of Rio Grande do Sul,CAS04,1,6,No,0,0,0,2,No,No,,Yes,No,No,No,No,Partial,0/3,Not Met
"Federal University of Sao Joao del-Rei,PE31",SBC11757A,Student Branch Chapter,Federal University of Sao Joao del-Rei,PE31,3,6,No,2,0,0,2,No,No,,Yes,No,No,No,No,Partial,0/3,Not Met
"Federal University of Sao Joao del-Rei,RA24",SBC11757,Student Branch Chapter,Federal University of Sao Joao del-Rei,RA24,2,6,No,1,0,0,2,No,Yes,,No,No,No,No,No,Partial,0/3,Not Met
"Federal University of Sergipe,CAS04",SBC60020518A,Student Branch Chapter,Federal University of Sergipe,CAS04,13,6,Yes,0,0,0,2,No,Yes,,Yes,Yes,Yes,Yes,Yes,Met,2/3,Not Met
"Federal University of Sergipe,PE31",SBC60020518,Student Branch Chapter,Federal University of Sergipe,PE31,11,6,Yes,0,0,0,2,No,Yes,,Yes,Yes,Yes,No,Yes,Met,2/3,Not Met
"Federal University of Tocantins,PE31",SBC18491,Student Branch Chapter,Federal University of Tocantins,PE31,11,6,Yes,2,2,0,2,Yes,Yes,,No,Yes,Yes,Yes,Yes,Partial,2/3,Not Met
"Federico Santa Maria Tech Univ,CAS04/SSC37/ED15",SBC04321A,Student Branch Chapter,Federico Santa Maria Technical University,CAS04/SSC37/ED15,9,6,Yes,0,0,2,2,No,Yes,,Yes,Yes,Yes,Yes,No,Met,2/3,Not Met
"Federico Santa Maria Technical University,C16",SBC04321,Student Branch Chapter,Federico Santa Maria Technical University,C16,0,6,No,0,0,0,2,No,No,,No,No,No,No,No,Not Met,0/3,Not Met
"Federico Santa Maria Technical University,PE31",SBC04321B,Student Branch Chapter,Federico Santa Maria Technical University,PE31,3,6,No,0,0,0,2,No,No,,Yes,No,No,No,No,Partial,0/3,Not Met
"Federico Santa Maria Technical University,RA24",SBC04321C,Student Branch Chapter,Federico Santa Maria Technical University,RA24,16,6,Yes,0,0,1,2,No,Yes,,Yes,No,No,No,No,Met,2/3,Not Met
"Francisco Jose De Caldas Distrital, ED15",SBC0433N,Student Branch Chapter,Universidad Distrital Francisco Jose de Caldas,ED15,15,6,Yes,0,0,0,2,No,No,,No,No,No,No,No,Not Met,1/3,Not Met
"Francisco Jose De Caldas Distrital, IA34",SBC0433J,Student Branch Chapter,Universidad Distrital Francisco Jose de Caldas,IA34,15,6,Yes,0,0,0,2,No,No,,Yes,No,No,No,No,Partial,1/3,Not Met
"Francisco Jose De Caldas Distrital, RA24",SBC0433I,Student Branch Chapter,Universidad Distrital Francisco Jose de Caldas,RA24,33,6,Yes,6,1,4,2,No,Yes,,No,Yes,Yes,Yes,Yes,Partial,1/3,Not Met
"Francisco Jose De Caldas Distrital, TEM14",SBC0433M,Student Branch Chapter,Universidad Distrital Francisco Jose de Caldas,TEM14,0,6,No,0,0,0,2,No,No,,No,No,No,No,No,Not Met,0/3,Not Met
"Francisco Jose De Caldas Distrital,E25",SBC0433O,Student Branch Chapter,Universidad Distrital Francisco Jose de Caldas,E25,6,6,Yes,0,0,0,2,No,No,,No,No,No,No,No,Not Met,1/3,Not Met
"Francisco de Paula Santander,C16",SBC1051A,Student Branch Chapter,Universidad Industrial de Santander,C16,20,6,Yes,0,0,0,2,No,No,,No,No,No,No,No,Not Met,1/3,Not Met
"Francisco de Paula Santander,CS23",SBC1051B,Student Branch Chapter,Universidad Industrial de Santander,CS23,6,6,Yes,0,0,0,2,No,No,,No,No,No,No,No,Not Met,1/3,Not Met
"Fundacion Univ Tecnologico Comfenalco,RA24",SBC64289B,Student Branch Chapter,Fundacion Universitaria Tecnologico Comfenalco,RA24,7,6,Yes,0,0,0,2,No,No,,No,No,No,No,No,Not Met,1/3,Not Met
"Fundacion Univ Tecnologico Comfenalco,TEM14",SBC64289A,Student Branch Chapter,Fundacion Universitaria Tecnologico Comfenalco,TEM14,4,6,No,0,0,0,2,No,No,,No,No,No,No,No,Not Met,0/3,Not Met
"Granada Univ Militar Nueva, AP03",SBC63981E,Student Branch Chapter,Granada Univ Militar Nueva,AP03,0,6,No,0,0,0,2,No,No,,No,No,No,No,No,Not Met,0/3,Not Met
"Granada Univ Militar Nueva, C16",SBC6398A,Student Branch Chapter,Granada Univ Militar Nueva,C16,0,6,No,0,0,0,2,No,No,,No,No,No,No,No,Not Met,0/3,Not Met
"Granada Univ Militar Nueva, COM19",SBC63981,Student Branch Chapter,Granada Univ Militar Nueva,COM19,0,6,No,0,0,0,2,No,No,,No,No,No,No,No,Not Met,0/3,Not Met
"Granada Univ Militar Nueva, CS23",SBC63981C,Student Branch Chapter,Granada Univ Militar Nueva,CS23,0,6,No,0,0,0,2,No,No,,No,No,No,No,No,Not Met,0/3,Not Met
"Granada Univ Militar Nueva, IA34",SBC6398C,Student Branch Chapter,Granada Univ Militar Nueva,IA34,0,6,No,0,0,0,2,No,No,,No,No,No,No,No,Not Met,0/3,Not Met
"Granada Univ Militar Nueva, RA24",SBC6398B,Student Branch Chapter,Granada Univ Militar Nueva,RA24,0,6,No,0,0,0,2,No,No,,No,No,No,No,No,Not Met,0/3,Not Met
"Granada Univ Militar Nueva, TEM14",SBC6398E,Student Branch Chapter,Granada Univ Militar Nueva,TEM14,0,6,No,0,0,0,2,No,No,,No,No,No,No,No,Not Met,0/3,Not Met
"Granada Univ Militar Nueva,AES10",SBC63981F,Student Branch Chapter,Granada Univ Militar Nueva,AES10,0,6,No,0,0,0,2,No,No,,No,No,No,No,No,Not Met,0/3,Not Met
"Granada Univ Militar Nueva,VT06",SBC63981D,Student Branch Chapter,Granada Univ Militar Nueva,VT06,1,6,No,0,0,0,2,No,No,,No,No,No,No,No,Not Met,0/3,Not Met
"Honduras Univ Nacional Autonoma, COM19/C16",SBC28241,Student Branch Chapter,Honduras Univ Nacional Autonoma,COM19/C16,5,6,No,0,0,0,2,No,No,,No,No,No,No,No,Not Met,0/3,Not Met
"Honduras Univ Nacional Autonoma, PE31/IA34",SBC28241A,Student Branch Chapter,Honduras Univ Nacional Autonoma,PE31/IA34,13,6,Yes,3,1,0,2,No,No,,No,No,No,No,No,Not Met,1/3,Not Met
"Honduras Univ Nacional Autonoma, RA24",SBC28241B,Student Branch Chapter,Honduras Univ Nacional Autonoma,RA24,0,6,No,0,0,0,2,No,No,,No,No,No,No,No,Not Met,0/3,Not Met
"Honduras Univ Nacional Autonoma,ED15",SBC28241C,Student Branch Chapter,Honduras Univ Nacional Autonoma,ED15,5,6,No,1,1,0,2,No,No,,No,No,No,No,No,Not Met,0/3,Not Met
"IFBA-Campus Vitoria da Conquista,MTT17",SBC39666,Student Branch Chapter,IFBA-Campus Vitoria da Conquista,MTT17,4,6,No,0,0,3,2,No,Yes,,Yes,No,No,No,Yes,Met,1/3,Not Met
"IFBA-Campus Vitoria da Conquista,RA24",SBC39666A,Student Branch Chapter,IFBA-Campus Vitoria da Conquista,RA24,6,6,Yes,1,1,0,2,No,Yes,,Yes,Yes,Yes,Yes,Yes,Met,2/3,Not Met
"IInstituto Tec Estudios-Monterrey, PE31",SBC0517A,Student Branch Chapter,Instituto Tec Estudios-Monterrey,PE31,0,6,No,0,0,0,2,No,No,,No,No,No,No,No,Not Met,0/3,Not Met
Icesi University COM19,SBC02571A,Student Branch Chapter,Icesi University,COM19,10,6,Yes,7,3,2,2,Yes,Yes,,Yes,No,No,No,No,Met,3/3,Met
"Icesi University,C16",SBC02571B,Student Branch Chapter,Icesi University,C16,11,6,Yes,7,6,1,2,Yes,Yes,,No,No,No,No,No,Partial,2/3,Not Met
"Icesi University,CIS11",SBC02571C,Student Branch Chapter,Icesi University,CIS11,12,6,Yes,1,1,1,2,No,Yes,,Yes,Yes,Yes,Yes,No,Met,2/3,Not Met
"Ins Fed de Educacao Ciencia e Tec da Paraiba,RA24",SBC04261A,Student Branch Chapter,Inst Fed de Educacao Ciencia e Tecn da Paraiba,RA24,2,6,No,0,0,0,2,No,No,,No,No,No,No,No,Not Met,0/3,Not Met
"Inst Fed Educacao Ciencia e Tecn da Paraiba,SP01",SBC04261,Student Branch Chapter,Inst Fed de Educacao Ciencia e Tecn da Paraiba,SP01,0,6,No,0,0,0,2,No,No,,No,No,No,No,No,Not Met,0/3,Not Met
"Inst Fed de Educacao Ciencia e Tec da Paraiba,AP03",SBC04261D,Student Branch Chapter,Inst Fed de Educacao Ciencia e Tecn da Paraiba,AP03,3,6,No,0,0,0,2,No,Yes,,No,Yes,No,Yes,Yes,Partial,0/3,Not Met
"Inst Fed de Educacao Ciencia e Tec da Paraiba,C16",SBC04261C,Student Branch Chapter,Inst Fed de Educacao Ciencia e Tecn da Paraiba,C16,0,6,No,1,0,0,2,No,No,,No,No,No,No,No,Not Met,0/3,Not Met
"Inst Fed de Educacao Ciencia e Tec da Paraiba,PE31",SBC04261B,Student Branch Chapter,Inst Fed de Educacao Ciencia e Tecn da Paraiba,PE31,0,6,No,0,0,0,2,No,No,,No,No,No,No,No,Not Met,0/3,Not Met
"Inst Nac De Astrofisica, Optica & Electron, CAS04",SBC27051A,Student Branch Chapter,"Instituto Nac De Astrofisica,Optica & Electronica",CAS04,2,6,No,0,0,0,2,No,No,,No,No,No,No,No,Not Met,0/3,Not Met
"Inst Nac De Astrofisica,Optica & Electronica,COM19",SBC27051C,Student Branch Chapter,"Instituto Nac De Astrofisica,Optica & Electronica",COM19,0,6,No,0,0,0,2,No,No,,No,No,No,No,No,Not Met,0/3,Not Met
"Inst Nac De Astrofisica,Optica & Electronica,ED15",SBC27051D,Student Branch Chapter,"Instituto Nac De Astrofisica,Optica & Electronica",ED15,3,6,No,0,0,0,2,No,No,,No,No,No,No,No,Not Met,0/3,Not Met
"Inst Nac De Astrofisica,Optica & Electronica,EMB18",SBC27051E,Student Branch Chapter,"Instituto Nac De Astrofisica,Optica & Electronica",EMB18,10,6,Yes,5,2,0,2,Yes,Yes,,Yes,Yes,Yes,Yes,Yes,Met,3/3,Met
"Inst Nac de Astrofisica,Optica & Electronica,IM09",SBC27051B,Student Branch Chapter,"Instituto Nac De Astrofisica,Optica & Electronica",IM09,3,6,No,3,0,0,2,No,Yes,,Yes,No,No,No,No,Met,1/3,Not Met
"Inst Poli Nacional Micro y Nano,NANO42/ED15",SBC60233006,Student Branch Chapter,Inst Politecnico Nacional Micro y Nanotecnologias,NANO42/ED15,17,6,Yes,13,10,6,2,Yes,Yes,,Yes,Yes,Yes,Yes,Yes,Met,3/3,Met
"Inst Politecnico Nacional Culhuacan-Esime,AES10",SBC29441,Student Branch Chapter,Instituto Politecnico Nacional Culhuacan-Esime,AES10,3,6,No,2,1,1,2,No,Yes,,Yes,Yes,No,No,No,Met,1/3,Not Met
"Inst Politecnico Nacional-ESIME Zacatenco,PE31",SBC00571,Student Branch Chapter,Instituto Politecnico Nacional-ESIME Zacatenco,PE31,5,6,No,1,1,0,2,No,Yes,,Yes,Yes,No,Yes,Yes,Met,1/3,Not Met
"Inst Superior Tec Privado TECSUP,C16",SBC12001D,Student Branch Chapter,Inst Superior Tec Privado TECSUP,C16,4,6,No,1,0,1,2,No,Yes,,No,Yes,Yes,No,Yes,Partial,0/3,Not Met
"Inst Superior Tec Privado TECSUP,COM19",SBC12001C,Student Branch Chapter,Inst Superior Tec Privado TECSUP,COM19,30,6,Yes,64,50,14,2,Yes,Yes,,Yes,Yes,Yes,Yes,Yes,Met,3/3,Met
"Inst Superior Tec Privado TECSUP,IA34",SBC12001E,Student Branch Chapter,Inst Superior Tec Privado TECSUP,IA34,13,6,Yes,0,0,0,2,No,Yes,,Yes,Yes,No,Yes,Yes,Met,2/3,Not Met
"Inst Superior Tec Privado TECSUP,PE31",SBC12001B,Student Branch Chapter,Inst Superior Tec Privado TECSUP,PE31,18,6,Yes,0,0,0,2,No,No,,No,No,No,No,No,Not Met,1/3,Not Met
"Inst Superior Tec Privado TECSUP,RA24",SBC12001A,Student Branch Chapter,Inst Superior Tec Privado TECSUP,RA24,18,6,Yes,0,0,7,2,No,Yes,,Yes,Yes,Yes,Yes,Yes,Met,2/3,Not Met
"Inst Tec De Queretaro,PE31",SBC99111,Student Branch Chapter,Instituto Tecnologico de Queretaro,PE31,0,6,No,0,0,0,2,No,No,,No,No,No,No,No,Not Met,0/3,Not Met
"Inst Tec Sup De Coatzacoalcos, PEL35",SBC03571E,Student Branch Chapter,Instituto Tecnologico Superior de Coatzacoalcos,PEL35,0,6,No,0,0,0,2,No,No,,No,No,No,No,No,Not Met,0/3,Not Met
"Inst Tec Superior de Acatlan de Osorio,PE31",SBC60217766,Student Branch Chapter,Inst Tec Superior de Acatlan de Osorio,PE31,14,6,Yes,0,0,0,2,No,Yes,,Yes,No,No,No,No,Met,2/3,Not Met
"Inst Tech Sup de Coatzacoalcos, IA34",SBC03571C,Student Branch Chapter,Instituto Tecnologico Superior de Coatzacoalcos,IA34,0,6,No,0,0,0,2,No,No,,No,No,No,No,No,Not Met,0/3,Not Met
"Inst Tech Sup de Coatzacoalcos, IE13",SBC03571D,Student Branch Chapter,Instituto Tecnologico Superior de Coatzacoalcos,IE13,0,6,No,0,0,0,2,No,No,,No,No,No,No,No,Not Met,0/3,Not Met
"Inst Tech Sup de Coatzacoalcos, PE31",SBC03571B,Student Branch Chapter,Instituto Tecnologico Superior de Coatzacoalcos,PE31,15,6,Yes,2,2,0,2,Yes,Yes,,Yes,Yes,Yes,Yes,No,Met,3/3,Met
"Inst Tech Sup de Coatzacoalcos,RA24",SBC03571A,Student Branch Chapter,Instituto Tecnologico Superior de Coatzacoalcos,RA24,27,6,Yes,1,1,1,2,No,Yes,,Yes,Yes,Yes,Yes,Yes,Met,2/3,Not Met
"Inst Tecno de Costa Rica - Sede San Carlos, RA24",SBC11587,Student Branch Chapter,Inst Tecnologico de Costa Rica - Sede San Carlos,RA24,0,6,No,0,0,1,2,No,No,,No,No,No,No,No,Not Met,0/3,Not Met
"Inst Tecno de Costa Rica - Sede San Carlos,ED15",SBC11587B,Student Branch Chapter,Inst Tecnologico de Costa Rica - Sede San Carlos,ED15,1,6,No,5,0,3,2,No,Yes,,Yes,No,Yes,No,No,Met,1/3,Not Met
"Inst Tecnologico Nacional Campus Zacatepec, C16",SBC36071,Student Branch Chapter,Instituto Tecnologico Nacional Campus Zacatepec,C16,1,6,No,1,1,0,2,No,No,,No,No,No,No,No,Not Met,0/3,Not Met
"Inst Tecnologico Nacional Campus Zacatepec, PE31",SBC36071A,Student Branch Chapter,Instituto Tecnologico Nacional Campus Zacatepec,PE31,0,6,No,0,0,0,2,No,No,,No,No,No,No,No,Not Met,0/3,Not Met
"Inst Tecnologico de Costa Rica-Sede San Carlos,C16",SBC11587A,Student Branch Chapter,Inst Tecnologico de Costa Rica - Sede San Carlos,C16,5,6,No,5,0,4,2,No,Yes,,No,Yes,No,No,No,Partial,0/3,Not Met
"Institucion Universitaria CESMAG,PE31",SBC03103A,Student Branch Chapter,Institucion Universitaria CESMAG,PE31,0,6,No,0,0,0,2,No,No,,No,No,No,No,No,Not Met,0/3,Not Met
"Institucion Universitaria CESMAG,RA24",SBC03103,Student Branch Chapter,Institucion Universitaria CESMAG,RA24,0,6,No,0,0,0,2,No,No,,No,No,No,No,No,Not Met,0/3,Not Met
"Institucion Universitaria ITSA,CAS04",SBC66461,Student Branch Chapter,Institucion Universitaria de Barranquilla,CAS04,12,6,Yes,0,0,0,2,No,Yes,,Yes,Yes,Yes,Yes,Yes,Met,2/3,Not Met
"Institucion Universitaria de Barranquilla,RA24",SBC66461A,Student Branch Chapter,Institucion Universitaria de Barranquilla,RA24,6,6,Yes,1,0,0,2,No,Yes,,Yes,Yes,No,No,No,Met,2/3,Not Met
"Instituto Federal Fluminense-Centro,C16",SBC14024A,Student Branch Chapter,Instituto Federal Fluminense-Centro,C16,14,6,Yes,0,0,0,2,No,Yes,,Yes,No,No,No,No,Met,2/3,Not Met
"Instituto Federal Fluminense-Centro,PE31",SBC14024,Student Branch Chapter,Instituto Federal Fluminense-Centro,PE31,9,6,Yes,8,2,0,2,Yes,Yes,,No,Yes,Yes,Yes,Yes,Partial,2/3,Not Met
"Instituto Federal Fluminense-Centro,RA24",SBC14024B,Student Branch Chapter,Instituto Federal Fluminense-Centro,RA24,9,6,Yes,0,0,0,2,No,Yes,,Yes,No,No,No,No,Met,2/3,Not Met
"Instituto Federal Fluminense-Macae,E25",SBC14010,Student Branch Chapter,Instituto Federal Fluminense-Macae,E25,6,6,Yes,1,0,0,2,No,Yes,,Yes,Yes,Yes,Yes,Yes,Met,2/3,Not Met
"Instituto Federal Fluminense-Macae,IE13",SBC14010A,Student Branch Chapter,Instituto Federal Fluminense-Macae,IE13,8,6,Yes,0,0,0,2,No,Yes,,Yes,Yes,Yes,Yes,Yes,Met,2/3,Not Met
"Instituto Federal de Brasilia,C16",SBC03230A,Student Branch Chapter,Instituto Federal de Brasilia,C16,1,6,No,0,0,0,2,No,Yes,,No,No,No,No,No,Partial,0/3,Not Met
"Instituto Federal de Brasilia,RA24",SBC03230,Student Branch Chapter,Instituto Federal de Brasilia,RA24,1,6,No,0,0,0,2,No,Yes,,No,No,No,No,No,Partial,0/3,Not Met
"Instituto Politecnico Nacional-Azcapotzalco,RA24",SBC40111287,Student Branch Chapter,Instituto Politecnico Nacional-Azcapotzalco,RA24,3,6,No,0,0,0,2,No,No,,No,No,No,No,No,Not Met,0/3,Not Met
"Instituto Tec De Aguascalientes,C16",SBC36051D,Student Branch Chapter,Instituto Tec De Aguascalientes,C16,0,6,No,0,0,0,2,No,No,,No,No,No,No,No,Not Met,0/3,Not Met
"Instituto Tec De Aguascalientes,ED15",SBC36051E,Student Branch Chapter,Instituto Tec De Aguascalientes,ED15,1,6,No,2,1,0,2,No,Yes,,No,No,No,No,No,Partial,0/3,Not Met
"Instituto Tec De Aguascalientes,IA34",SBC36051B,Student Branch Chapter,Instituto Tec De Aguascalientes,IA34,0,6,No,0,0,0,2,No,No,,No,No,No,No,No,Not Met,0/3,Not Met
"Instituto Tec De Aguascalientes,PE31/C16",SBC36051,Student Branch Chapter,Instituto Tec De Aguascalientes,PE31/C16,0,6,No,0,0,0,2,No,No,,No,No,No,No,No,Not Met,0/3,Not Met
"Instituto Tec De Aguascalientes,RA24",SBC36051C,Student Branch Chapter,Instituto Tec De Aguascalientes,RA24,0,6,No,0,0,0,2,No,No,,No,No,No,No,No,Not Met,0/3,Not Met
"Instituto Tec Estudios Monterrey, RA24",SBC0517C,Student Branch Chapter,Instituto Tec Estudios-Monterrey,RA24,0,6,No,3,2,0,2,Yes,Yes,,Yes,Yes,No,Yes,No,Met,2/3,Not Met
"Instituto Tec Estudios-Monterrey, C16",SBC05171,Student Branch Chapter,Instituto Tec Estudios-Monterrey,C16,1,6,No,0,0,0,2,No,Yes,,No,No,No,No,No,Partial,0/3,Not Met
"Instituto Tec Estudios-Monterrey, COM19",SBC0517B,Student Branch Chapter,Instituto Tec Estudios-Monterrey,COM19,0,6,No,0,0,0,2,No,Yes,,Yes,No,No,No,No,Met,1/3,Not Met
"Instituto Tec de Estudio Sup Mont - Guad, EMB18",SBC39931A,Student Branch Chapter,Insitutto Tec de Estudio Sup Monterrey-Guadalajara,EMB18,3,6,No,0,0,0,2,No,No,,No,No,No,No,No,Not Met,0/3,Not Met
"Instituto Tec de Estudio Sup Mont - Guad,RA24",SBC39931B,Student Branch Chapter,Insitutto Tec de Estudio Sup Monterrey-Guadalajara,RA24,2,6,No,0,0,0,2,No,No,,No,No,No,No,No,Not Met,0/3,Not Met
"Instituto Technologico de Nuevo Leon, RA24",SBC66521,Student Branch Chapter,Instituto Tecnologico de Nuevo Leon,RA24,0,6,No,0,0,0,2,No,No,,No,No,No,No,No,Not Met,0/3,Not Met
"Instituto Tecn Superior de Coatzacoalcos,IM09",SBC03571F,Student Branch Chapter,Instituto Tecnologico Superior de Coatzacoalcos,IM09,0,6,No,0,0,0,2,No,No,,No,No,No,No,No,Not Met,0/3,Not Met
"Instituto Tecn de Estudios Sup de Occidente, RA",SBC26071A,Student Branch Chapter,Instituto Tecnologico de Estudios Sup De Occidente,RA,0,6,No,0,0,0,2,No,No,,No,No,No,No,No,Not Met,0/3,Not Met
"Instituto Tecnologico De Acapulco,PE31",SBC63171,Student Branch Chapter,Instituto Tecnologico De Acapulco,PE31,0,6,No,0,0,0,2,No,No,,No,No,No,No,No,Not Met,0/3,Not Met
"Instituto Tecnologico De Durango,PE31",SBC39201,Student Branch Chapter,Instituto Tecnologico De Durango,PE31,0,6,No,0,0,0,2,No,No,,No,No,No,No,No,Not Met,0/3,Not Met
"Instituto Tecnologico De Guzman, C16",SBC60371,Student Branch Chapter,Instituto Tecnologico de Ciudad Guzman,C16,1,6,No,0,0,0,2,No,No,,No,No,No,No,No,Not Met,0/3,Not Met
"Instituto Tecnologico De Guzman, IA34",SBC60371E,Student Branch Chapter,Instituto Tecnologico de Ciudad Guzman,IA34,0,6,No,0,0,0,2,No,No,,No,No,No,No,No,Not Met,0/3,Not Met
"Instituto Tecnologico De Guzman, PE31",SBC60371C,Student Branch Chapter,Instituto Tecnologico de Ciudad Guzman,PE31,0,6,No,0,0,0,2,No,No,,No,No,No,No,No,Not Met,0/3,Not Met
"Instituto Tecnologico De Guzman, RA24",SBC60371B,Student Branch Chapter,Instituto Tecnologico de Ciudad Guzman,RA24,0,6,No,0,0,0,2,No,No,,No,No,No,No,No,Not Met,0/3,Not Met
"Instituto Tecnologico De Hermosillo,EMB18",SBC34381B,Student Branch Chapter,Instituto Tecnologico de Hermosillo,EMB18,6,6,Yes,0,0,0,2,No,No,,No,No,No,No,No,Not Met,1/3,Not Met
"Instituto Tecnologico De Hermosillo,PE31",SBC34381,Student Branch Chapter,Instituto Tecnologico de Hermosillo,PE31,5,6,No,0,0,1,2,No,Yes,,Yes,Yes,Yes,Yes,Yes,Met,1/3,Not Met
"Instituto Tecnologico De Hermosillo,RA24",SBC34381A,Student Branch Chapter,Instituto Tecnologico de Hermosillo,RA24,0,6,No,0,0,0,2,No,No,,No,No,No,No,No,Not Met,0/3,Not Met
"Instituto Tecnologico De Lazaro Cardenas,AES10",SBC99992E,Student Branch Chapter,Instituto Tecnologico De Lazaro Cardenas,AES10,3,6,No,0,0,0,2,No,Yes,,No,Yes,Yes,No,Yes,Partial,0/3,Not Met
"Instituto Tecnologico De Lazaro Cardenas,C16",SBC99992C,Student Branch Chapter,Instituto Tecnologico De Lazaro Cardenas,C16,10,6,Yes,0,0,0,2,No,Yes,,Yes,Yes,Yes,No,No,Met,2/3,Not Met
"Instituto Tecnologico De Lazaro Cardenas,CAS04",SBC99992D,Student Branch Chapter,Instituto Tecnologico De Lazaro Cardenas,CAS04,6,6,Yes,8,1,0,2,No,Yes,,Yes,No,No,No,Yes,Met,2/3,Not Met
"Instituto Tecnologico De Lazaro Cardenas,CIS11",SBC99992F,Student Branch Chapter,Instituto Tecnologico De Lazaro Cardenas,CIS11,12,6,Yes,0,0,0,2,No,Yes,,Yes,Yes,No,No,Yes,Met,2/3,Not Met
"Instituto Tecnologico De Lazaro Cardenas,ED15",SBC99992A,Student Branch Chapter,Instituto Tecnologico De Lazaro Cardenas,ED15,0,6,No,0,0,0,2,No,No,,No,No,No,No,No,Not Met,0/3,Not Met
"Instituto Tecnologico De Lazaro Cardenas,PE31",SBC99992G,Student Branch Chapter,Instituto Tecnologico De Lazaro Cardenas,PE31,8,6,Yes,4,1,12,2,No,Yes,,Yes,Yes,Yes,Yes,Yes,Met,2/3,Not Met
"Instituto Tecnologico De Lazaro Cardenas,RA24",SBC99992B,Student Branch Chapter,Instituto Tecnologico De Lazaro Cardenas,RA24,20,6,Yes,0,0,2,2,No,Yes,,Yes,No,No,No,No,Met,2/3,Not Met
"Instituto Tecnologico De Morelia, C16",SBC99521B,Student Branch Chapter,Instituto Tecnologico de Morelia,C16,10,6,Yes,0,0,0,2,No,No,,Yes,No,No,No,No,Partial,1/3,Not Met
"Instituto Tecnologico De Morelia, EMB18",SBC99521A,Student Branch Chapter,Instituto Tecnologico de Morelia,EMB18,15,6,Yes,0,0,0,2,No,Yes,,Yes,Yes,No,Yes,Yes,Met,2/3,Not Met
"Instituto Tecnologico De Morelia, PE31",SBC99521E,Student Branch Chapter,Instituto Tecnologico de Morelia,PE31,11,6,Yes,1,1,4,2,No,Yes,,Yes,Yes,Yes,Yes,Yes,Met,2/3,Not Met
"Instituto Tecnologico De Morelia,COM19",SBC995211,Student Branch Chapter,Instituto Tecnologico de Morelia,COM19,5,6,No,0,0,0,2,No,Yes,,No,Yes,No,No,No,Partial,0/3,Not Met
"Instituto Tecnologico De Morelia,ED15",SBC99521D,Student Branch Chapter,Instituto Tecnologico de Morelia,ED15,11,6,Yes,1,1,0,2,No,Yes,,Yes,Yes,Yes,Yes,Yes,Met,2/3,Not Met
"Instituto Tecnologico De Morelia,IA34",SBC99521C,Student Branch Chapter,Instituto Tecnologico de Morelia,IA34,5,6,No,1,0,0,2,No,Yes,,Yes,Yes,No,Yes,No,Met,1/3,Not Met
"Instituto Tecnologico De Morelia,RA24",SBC99521F,Student Branch Chapter,Instituto Tecnologico de Morelia,RA24,5,6,No,0,0,0,2,No,No,,Yes,Yes,No,Yes,No,Partial,0/3,Not Met
"Instituto Tecnologico De Puebla, C16",SBC60081,Student Branch Chapter,Instituto Tecnologico de Puebla,C16,0,6,No,0,0,0,2,No,No,,No,No,No,No,No,Not Met,0/3,Not Met
"Instituto Tecnologico De Puebla, PE31",SBC60081B,Student Branch Chapter,Instituto Tecnologico de Puebla,PE31,2,6,No,0,0,0,2,No,No,,No,No,No,No,No,Not Met,0/3,Not Met
"Instituto Tecnologico De Puebla, RA24",SBC60081A,Student Branch Chapter,Instituto Tecnologico de Puebla,RA24,0,6,No,0,0,0,2,No,No,,No,No,No,No,No,Not Met,0/3,Not Met
"Instituto Tecnologico De Tuxtla Gutierrez,ED15",SBC34571,Student Branch Chapter,Instituto Tecnologico De Tuxtla Gutierrez,ED15,0,6,No,0,0,0,2,No,No,,Yes,No,No,No,No,Partial,0/3,Not Met
"Instituto Tecnologico De Veracruz, C16",SBC2943A,Student Branch Chapter,Instituto Tecnologico De Veracruz,C16,12,6,Yes,0,0,0,2,No,Yes,,Yes,Yes,Yes,Yes,No,Met,2/3,Not Met
"Instituto Tecnologico De Veracruz, RA24",SBC29431,Student Branch Chapter,Instituto Tecnologico De Veracruz,RA24,37,6,Yes,0,0,0,2,No,Yes,,Yes,Yes,Yes,Yes,Yes,Met,2/3,Not Met
"Instituto Tecnologico De Veracruz,PE31",SBC2943B,Student Branch Chapter,Instituto Tecnologico De Veracruz,PE31,7,6,Yes,1,1,0,2,No,Yes,,No,Yes,Yes,Yes,Yes,Partial,1/3,Not Met
"Instituto Tecnologico Superior de Atlixco,C16",SBC11479,Student Branch Chapter,Instituto Tecnologico Superior de Atlixco,C16,14,6,Yes,1,1,0,2,No,Yes,,Yes,Yes,Yes,Yes,Yes,Met,2/3,Not Met
"Instituto Tecnologico Superior de Patzcuaro,RA24",SBC11555,Student Branch Chapter,Instituto Tecnologico Superior de Patzcuaro,RA24,0,6,No,0,0,0,2,No,No,,No,No,No,No,No,Not Met,0/3,Not Met
"Instituto Tecnologico Superior de Xalapa,C16",SBC01015,Student Branch Chapter,Instituto Tecnologico Superior de Xalapa,C16,9,6,Yes,0,0,0,2,No,Yes,,Yes,No,No,No,No,Met,2/3,Not Met
"Instituto Tecnologico de Buenos Aires,C16",SBC06421A,Student Branch Chapter,Instituto Tecnologico de Buenos Aires,C16,0,6,No,0,0,0,2,No,No,,No,No,No,No,No,Not Met,0/3,Not Met
"Instituto Tecnologico de Buenos Aires,EMB18",SBC06421,Student Branch Chapter,Instituto Tecnologico de Buenos Aires,EMB18,0,6,No,0,0,0,2,No,No,,No,No,No,No,No,Not Met,0/3,Not Met
"Instituto Tecnologico de Buenos Aires,RA24",SBC06421B,Student Branch Chapter,Instituto Tecnologico de Buenos Aires,RA24,0,6,No,0,0,0,2,No,No,,No,No,No,No,No,Not Met,0/3,Not Met
"Instituto Tecnologico de Cuautla,CIS11",SBC08251,Student Branch Chapter,Instituto Tecnologico de Cuautla,CIS11,0,6,No,0,0,0,2,No,No,,No,No,No,No,No,Not Met,0/3,Not Met
"Instituto Tecnologico de La Laguna,EMB18",SBC21581A,Student Branch Chapter,Instituto Tecnologico de La Laguna,EMB18,1,6,No,0,0,0,2,No,No,,No,No,No,No,No,Not Met,0/3,Not Met
"Instituto Tecnologico de La Laguna,IA34",SBC21581B,Student Branch Chapter,Instituto Tecnologico de La Laguna,IA34,19,6,Yes,0,0,0,2,No,Yes,,Yes,No,No,No,No,Met,2/3,Not Met
"Instituto Tecnologico de La Laguna,MAG33",SBC21581C,Student Branch Chapter,Instituto Tecnologico de La Laguna,MAG33,12,6,Yes,0,0,0,2,No,Yes,,Yes,No,Yes,No,No,Met,2/3,Not Met
"Instituto Tecnologico de La Laguna,PE31",SBC21581,Student Branch Chapter,Instituto Tecnologico de La Laguna,PE31,10,6,Yes,0,0,0,2,No,Yes,,Yes,No,No,No,No,Met,2/3,Not Met
"Instituto Tecnologico de Minatitlan, C16",SBC092211,Student Branch Chapter,Instituto Tecnologico de Minatitlan,C16,0,6,No,0,0,0,2,No,No,,No,No,No,No,No,Not Met,0/3,Not Met
"Instituto Tecnologico de Morelia,PEL35",SBC99521G,Student Branch Chapter,Instituto Tecnologico de Morelia,PEL35,3,6,No,0,0,0,2,No,Yes,,Yes,No,No,Yes,No,Met,1/3,Not Met
"Instituto Tecnologico de Nuevo Leon,EMB18",SBC66521A,Student Branch Chapter,Instituto Tecnologico de Nuevo Leon,EMB18,1,6,No,0,0,0,2,No,No,,No,No,No,No,No,Not Met,0/3,Not Met
"Instituto Tecnologico de Orizaba,RA24",SBC37821,Student Branch Chapter,Instituto Tecnologico de Orizaba,RA24,22,6,Yes,0,0,0,2,No,Yes,,Yes,Yes,Yes,Yes,Yes,Met,2/3,Not Met
"Instituto Tecnologico de Toluca,AES10",SBC03321A,Student Branch Chapter,Instituto Tecnologico de Toluca,AES10,0,6,No,0,0,0,2,No,No,,No,No,No,No,No,Not Met,0/3,Not Met
"Instituto Tecnologico de Toluca,RA24",SBC03321,Student Branch Chapter,Instituto Tecnologico de Toluca,RA24,0,6,No,0,0,0,2,No,No,,No,No,No,No,No,Not Met,0/3,Not Met
"Instituto de Desenvolvimento e Pesquisa,IE13",SBC60227687,Student Branch Chapter,Instituto de Desenvolvimento e Pesquisa,IE13,17,6,Yes,0,0,0,2,No,Yes,,Yes,Yes,Yes,No,No,Met,2/3,Not Met
"Iteso University, RL07",SBC64629,Student Branch Chapter,Iteso University,RL07,0,6,No,0,0,0,2,No,No,,No,No,No,No,No,Not Met,0/3,Not Met
"La Salle Universidad La Salle-Mexico City, C16",SBC98811,Student Branch Chapter,Universidad La Salle-Mexico City,C16,0,6,No,0,0,0,2,No,No,,No,No,No,No,No,Not Met,0/3,Not Met
"Los Llanos Univ De, IA34",SBC02331,Student Branch Chapter,Universidad de los Llanos,IA34,0,6,No,0,0,0,2,No,No,,No,No,No,No,No,Not Met,0/3,Not Met
"National University of Entre Rios,EMB18",SBC13251,Student Branch Chapter,National University of Entre Rios,EMB18,0,6,No,0,0,0,2,No,No,,No,No,No,No,No,Not Met,0/3,Not Met
"Nicaragua Univ Nacional De Ing, PE31",SBC86101,Student Branch Chapter,Nicaragua Univ Nacional De Ingenieria,PE31,0,6,No,0,0,0,2,No,No,,No,No,No,No,No,Not Met,0/3,Not Met
"Nicaragua Univ Nacional De Ingenieria, ED15",SBC86101A,Student Branch Chapter,Nicaragua Univ Nacional De Ingenieria,ED15,0,6,No,0,0,0,2,No,No,,No,No,No,No,No,Not Met,0/3,Not Met
"Nicaragua Univ Nacional De Ingenieria, RA24",SBC86101B,Student Branch Chapter,Nicaragua Univ Nacional De Ingenieria,RA24,0,6,No,0,0,0,2,No,No,,No,No,No,No,No,Not Met,0/3,Not Met
"Nicaragua Univ Nacional De Ingenieria,IA34",SBC86101C,Student Branch Chapter,Nicaragua Univ Nacional De Ingenieria,IA34,0,6,No,0,0,0,2,No,No,,No,No,No,No,No,Not Met,0/3,Not Met
"Ort Instituto Tecnologico - Uruguay, PE31",SBC602611,Student Branch Chapter,Ort Instituto Tecnologico-Uruguay,PE31,0,6,No,1,0,0,2,No,No,,No,No,No,No,No,Not Met,0/3,Not Met
"PUC Minas-Pocos de Caldas,PE31",SBC20129,Student Branch Chapter,PUC Minas-Pocos de Caldas,PE31,0,6,No,0,0,0,2,No,No,,No,No,No,No,No,Not Met,0/3,Not Met
"PUC Minas-Pocos de Caldas,RA24",SBC20129A,Student Branch Chapter,PUC Minas-Pocos de Caldas,RA24,0,6,No,0,0,0,2,No,No,,No,No,No,No,No,Not Met,0/3,Not Met
"Panama Univ Tecnologica De, C16",SBC91021D,Student Branch Chapter,Universidad Tecnologica de Panama,C16,62,6,Yes,25,12,1,2,Yes,Yes,,Yes,Yes,Yes,Yes,Yes,Met,3/3,Met
"Panama Univ Tecnologica De, RA24",SBC91021C,Student Branch Chapter,Universidad Tecnologica de Panama,RA24,21,6,Yes,6,2,2,2,Yes,Yes,,Yes,Yes,Yes,Yes,Yes,Met,3/3,Met
"Polytechnic University of Puerto Rico,C16",SBC29291,Student Branch Chapter,Polytechnic University of Puerto Rico,C16,2,6,No,0,0,0,2,No,No,,No,No,No,No,No,Not Met,0/3,Not Met
"Polytechnic University of Puerto Rico,EMB18",SBC29291B,Student Branch Chapter,Polytechnic University of Puerto Rico,EMB18,41,6,Yes,0,0,0,2,No,No,,No,No,No,No,No,Not Met,1/3,Not Met
"Polytechnic University of Puerto Rico,RA24",SBC29291A,Student Branch Chapter,Polytechnic University of Puerto Rico,RA24,0,6,No,0,0,0,2,No,No,,No,No,No,No,No,Not Met,0/3,Not Met
"Pontifica Univ Catolica de Minas Gerais,C16",SBC04981B,Student Branch Chapter,Pontifical Catholic University of Minas Gerais,C16,0,6,No,0,0,0,2,No,No,,No,No,No,No,No,Not Met,0/3,Not Met
"Pontifica Univ Catolica de Minas Gerais,RA24",SBC04981A,Student Branch Chapter,Pontifical Catholic University of Minas Gerais,RA24,0,6,No,0,0,0,2,No,No,,No,No,No,No,No,Not Met,0/3,Not Met
"Pontificia Univ Catolica de Chile, PE31/PEL35",SBC091911,Student Branch Chapter,Pontificia Universidad Catolica de Chile,PE31/PEL35,5,6,No,0,0,0,2,No,No,,No,No,No,No,No,Not Met,0/3,Not Met
"Pontificia Univ Catolica de Chile,SSC37/ED15",SBC09191C,Student Branch Chapter,Pontificia Universidad Catolica de Chile,SSC37/ED15,8,6,Yes,0,0,0,2,No,No,,No,No,No,No,No,Not Met,1/3,Not Met
"Pontificia Univ Catolica de Valparaiso, C16",SBC21611,Student Branch Chapter,Pontificia Universidad Catolica de Valparaiso,C16,22,6,Yes,0,0,0,2,No,Yes,,Yes,Yes,Yes,Yes,Yes,Met,2/3,Not Met
"Pontificia Univ Catolica de Valparaiso, CAS04",SBC2161D,Student Branch Chapter,Pontificia Universidad Catolica de Valparaiso,CAS04,10,6,Yes,0,0,0,2,No,Yes,,Yes,Yes,Yes,Yes,Yes,Met,2/3,Not Met
"Pontificia Univ Catolica de Valparaiso, CIS11",SBC21611E,Student Branch Chapter,Pontificia Universidad Catolica de Valparaiso,CIS11,1,6,No,0,0,0,2,No,No,,No,No,No,No,No,Not Met,0/3,Not Met
"Pontificia Univ Catolica de Valparaiso, MTT17",SBC2161A,Student Branch Chapter,Pontificia Universidad Catolica de Valparaiso,MTT17,11,6,Yes,0,0,0,2,No,No,,No,No,No,No,No,Not Met,1/3,Not Met
"Pontificia Univ Catolica de Valparaiso, PE31",SBC2161C,Student Branch Chapter,Pontificia Universidad Catolica de Valparaiso,PE31,1,6,No,0,0,0,2,No,No,,No,No,No,No,No,Not Met,0/3,Not Met
"Pontificia Univ Catolica de Valparaiso, PEL35",SBC2161B,Student Branch Chapter,Pontificia Universidad Catolica de Valparaiso,PEL35,0,6,No,0,0,0,2,No,No,,No,No,No,No,No,Not Met,0/3,Not Met
"Pontificia Univ Javeriana Sede Bogota, PE31",SBC04591H,Student Branch Chapter,Pontificia Univ Javeriana Sede Bogota,PE31,2,6,No,0,0,0,2,No,Yes,,No,Yes,Yes,No,Yes,Partial,0/3,Not Met
"Pontificia Univ Javeriana Sede Bogota,AES10",SBC04591F,Student Branch Chapter,Pontificia Univ Javeriana Sede Bogota,AES10,5,6,No,2,2,2,2,Yes,Yes,,No,Yes,Yes,No,No,Partial,1/3,Not Met
"Pontificia Univ Javeriana Sede Bogota,C16",SBC04591C,Student Branch Chapter,Pontificia Univ Javeriana Sede Bogota,C16,8,6,Yes,8,3,0,2,Yes,Yes,,No,Yes,Yes,Yes,Yes,Partial,2/3,Not Met
"Pontificia Univ Javeriana Sede Bogota,CS23",SBC04591A,Student Branch Chapter,Pontificia Univ Javeriana Sede Bogota,CS23,1,6,No,0,0,0,2,No,No,,No,No,No,No,No,Not Met,0/3,Not Met
"Pontificia Univ Javeriana Sede Bogota,ED15",SBC04591E,Student Branch Chapter,Pontificia Univ Javeriana Sede Bogota,ED15,8,6,Yes,6,4,1,2,Yes,Yes,,Yes,Yes,Yes,Yes,Yes,Met,3/3,Met
"Pontificia Univ Javeriana Sede Bogota,EMB18",SBC04591D,Student Branch Chapter,Pontificia Univ Javeriana Sede Bogota,EMB18,8,6,Yes,25,12,0,2,Yes,Yes,,Yes,Yes,Yes,Yes,Yes,Met,3/3,Met
"Pontificia Univ Javeriana Sede Bogota,IA34",SBC04591B,Student Branch Chapter,Pontificia Univ Javeriana Sede Bogota,IA34,1,6,No,0,0,0,2,No,No,,No,No,No,No,No,Not Met,0/3,Not Met
"Pontificia Univ Javeriana Sede Bogota,PE31",SBC04591K,Student Branch Chapter,Pontificia Univ Javeriana Sede Bogota,PE31,2,6,No,0,0,0,2,No,Yes,,No,No,No,No,No,Partial,0/3,Not Met
"Pontificia Univ Javeriana Sede Bogota,PHO36",SBC04591J,Student Branch Chapter,Pontificia Univ Javeriana Sede Bogota,PHO36,4,6,No,11,5,1,2,Yes,Yes,,Yes,Yes,Yes,No,Yes,Met,2/3,Not Met
"Pontificia Univ Javeriana Sede Bogota,RA24",SBC04591G,Student Branch Chapter,Pontificia Univ Javeriana Sede Bogota,RA24,10,6,Yes,40,16,0,2,Yes,Yes,,Yes,Yes,Yes,Yes,Yes,Met,3/3,Met
"Pontificia Univ Javeriana Sede Bogota,SP01",SBC04591I,Student Branch Chapter,Pontificia Univ Javeriana Sede Bogota,SP01,0,6,No,2,0,1,2,No,No,,No,No,No,No,No,Not Met,0/3,Not Met
"Pontificia Universidad Catolica Del Peru,COM19",SBC03243,Student Branch Chapter,Pontificia Universidad Catolica del Peru,COM19,9,6,Yes,2,0,0,2,No,Yes,,Yes,Yes,Yes,No,Yes,Met,2/3,Not Met
"Pontificia Universidad Catolica de Chile, CAS04",SBC09191A,Student Branch Chapter,Pontificia Universidad Catolica de Chile,CAS04,6,6,Yes,0,0,0,2,No,No,,No,No,No,No,No,Not Met,1/3,Not Met
"Pontificia Universidad Catolica de Chile,EMB18",SBC09191D,Student Branch Chapter,Pontificia Universidad Catolica de Chile,EMB18,2,6,No,0,0,0,2,No,No,,No,No,No,No,No,Not Met,0/3,Not Met
"Pontificia Universidad Catolica de Chile,OE22",SBC09191B,Student Branch Chapter,Pontificia Universidad Catolica de Chile,OE22,0,6,No,0,0,0,2,No,No,,No,No,No,No,No,Not Met,0/3,Not Met
"Pontificia Universidad Catolica de Valparaiso,AP03",SBC2161F,Student Branch Chapter,Pontificia Universidad Catolica de Valparaiso,AP03,12,6,Yes,1,1,1,2,No,Yes,,Yes,Yes,Yes,Yes,Yes,Met,2/3,Not Met
"Pontificia Universidad Catolica del Peru,AES10",SBC03241A,Student Branch Chapter,Pontificia Universidad Catolica del Peru,AES10,5,6,No,0,0,0,2,No,Yes,,Yes,Yes,Yes,Yes,No,Met,1/3,Not Met
"Pontificia Universidad Catolica del Peru,C16",SBC03241C,Student Branch Chapter,Pontificia Universidad Catolica del Peru,C16,10,6,Yes,16,14,0,2,Yes,Yes,,No,Yes,Yes,Yes,No,Partial,2/3,Not Met
"Pontificia Universidad Catolica del Peru,CAS04",SBC0324A,Student Branch Chapter,Pontificia Universidad Catolica del Peru,CAS04,10,6,Yes,0,0,0,2,No,No,,No,No,No,No,No,Not Met,1/3,Not Met
"Pontificia Universidad Catolica del Peru,CIS11",SBC03241K,Student Branch Chapter,Pontificia Universidad Catolica del Peru,CIS11,3,6,No,0,0,0,2,No,No,,No,No,No,No,No,Not Met,0/3,Not Met
"Pontificia Universidad Catolica del Peru,CT08",SBC03241H,Student Branch Chapter,Pontificia Universidad Catolica del Peru,CT08,0,6,No,0,0,0,2,No,No,,No,No,No,No,No,Not Met,0/3,Not Met
"Pontificia Universidad Catolica del Peru,EMB18",SBC03241G,Student Branch Chapter,Pontificia Universidad Catolica del Peru,EMB18,24,6,Yes,10,4,5,2,Yes,Yes,,Yes,Yes,Yes,Yes,No,Met,3/3,Met
"Pontificia Universidad Catolica del Peru,IA34",SBC03241D,Student Branch Chapter,Pontificia Universidad Catolica del Peru,IA34,1,6,No,0,0,0,2,No,No,,No,No,No,No,No,Not Met,0/3,Not Met
"Pontificia Universidad Catolica del Peru,MTT17",SBC03241L,Student Branch Chapter,Pontificia Universidad Catolica del Peru,MTT17,8,6,Yes,2,0,1,2,No,Yes,,Yes,Yes,Yes,Yes,Yes,Met,2/3,Not Met
"Pontificia Universidad Catolica del Peru,OE22",SBC03241N,Student Branch Chapter,Pontificia Universidad Catolica del Peru,OE22,7,6,Yes,0,0,0,2,No,Yes,,Yes,No,Yes,Yes,No,Met,2/3,Not Met
"Pontificia Universidad Catolica del Peru,PHO36",SBC03241M,Student Branch Chapter,Pontificia Universidad Catolica del Peru,PHO36,4,6,No,0,0,0,2,No,Yes,,Yes,No,No,No,No,Met,1/3,Not Met
"Pontificia Universidad Catolica del Peru,RA24",SBC03241,Student Branch Chapter,Pontificia Universidad Catolica del Peru,RA24,8,6,Yes,2,1,10,2,No,Yes,,Yes,Yes,Yes,Yes,No,Met,2/3,Not Met
"Pontificia Universidad Catolica del Peru,TEM14",SBC03241I,Student Branch Chapter,Pontificia Universidad Catolica del Peru,TEM14,3,6,No,0,0,0,2,No,No,,No,No,No,No,No,Not Met,0/3,Not Met
"Pontificia Universidad Catolica del Peru,UFFC20",SBC03241J,Student Branch Chapter,Pontificia Universidad Catolica del Peru,UFFC20,10,6,Yes,0,0,0,2,No,No,,No,No,No,No,Yes,Not Met,1/3,Not Met
"Puerto Rico Univ Of - Mayaguez,RA24",SBC01571D,Student Branch Chapter,Puerto Rico Univ Of-Mayaguez,RA24,36,6,Yes,4,0,0,2,No,Yes,,Yes,Yes,Yes,No,No,Met,2/3,Not Met
"Puerto Rico Univ Of-Mayaguez,AP03",SBC01571G,Student Branch Chapter,Puerto Rico Univ Of-Mayaguez,AP03,8,6,Yes,0,0,0,2,No,Yes,,Yes,Yes,No,Yes,Yes,Met,2/3,Not Met
"Puerto Rico Univ Of-Mayaguez,C16",SBC01571,Student Branch Chapter,Puerto Rico Univ Of-Mayaguez,C16,20,6,Yes,10,1,1,2,No,Yes,,No,Yes,Yes,No,Yes,Partial,1/3,Not Met
"Puerto Rico Univ Of-Mayaguez,CAS04",SBC01571F,Student Branch Chapter,Puerto Rico Univ Of-Mayaguez,CAS04,13,6,Yes,4,0,0,2,No,Yes,,No,No,No,No,No,Partial,1/3,Not Met
"Puerto Rico Univ Of-Mayaguez,COM19",SBC01571A,Student Branch Chapter,Puerto Rico Univ Of-Mayaguez,COM19,4,6,No,0,0,0,2,No,No,,No,No,No,No,No,Not Met,0/3,Not Met
"Puerto Rico Univ Of-Mayaguez,CS23",SBC01571C,Student Branch Chapter,Puerto Rico Univ Of-Mayaguez,CS23,1,6,No,0,0,0,2,No,No,,No,No,No,No,No,Not Met,0/3,Not Met
"Puerto Rico Univ Of-Mayaguez,EMB18",SBC01571E,Student Branch Chapter,Puerto Rico Univ Of-Mayaguez,EMB18,28,6,Yes,7,0,3,2,No,Yes,,Yes,No,No,No,No,Met,2/3,Not Met
"Puerto Rico Univ Of-Mayaguez,PE31",SBC01571B,Student Branch Chapter,Puerto Rico Univ Of-Mayaguez,PE31,50,6,Yes,3,0,0,2,No,Yes,,Yes,Yes,Yes,Yes,No,Met,2/3,Not Met
"State University of Londrina,C16",SBC10961B,Student Branch Chapter,State University of Londrina,C16,1,6,No,0,0,0,2,No,No,,No,No,No,No,No,Not Met,0/3,Not Met
"State University of Londrina,PE31",SBC10961C,Student Branch Chapter,State University of Londrina,PE31,1,6,No,0,0,0,2,No,No,,No,No,No,No,No,Not Met,0/3,Not Met
"State University of Londrina,RA24",SBC10961A,Student Branch Chapter,State University of Londrina,RA24,1,6,No,0,0,0,2,No,No,,No,No,No,No,No,Not Met,0/3,Not Met
"Tecno de Estudios Superiores de Ixtapaluca,EMB18",SBC10001,Student Branch Chapter,Tecnologico de Estudios Superiores de Ixtapaluca,EMB18,0,6,No,0,0,0,2,No,No,,No,No,No,No,No,Not Met,0/3,Not Met
"Tecnologico de Monterrey,EMB18",SBC39211,Student Branch Chapter,Tecnologico de Monterrey,EMB18,7,6,Yes,0,0,0,2,No,Yes,,Yes,Yes,Yes,Yes,No,Met,2/3,Not Met
"U Prof Interdiscip En Ing Tec Avanzadas-IPN,AES10",SBC62811A,Student Branch Chapter,Unidad Prof Interdiscip En Ing Tec Avanzadas-IPN,AES10,12,6,Yes,6,0,1,2,No,Yes,,Yes,Yes,Yes,Yes,No,Met,2/3,Not Met
"U Prof Interdiscip En Ing Tec Avanzadas-IPN,CIS11",SBC62811E,Student Branch Chapter,Unidad Prof Interdiscip En Ing Tec Avanzadas-IPN,CIS11,10,6,Yes,2,0,0,2,No,Yes,,Yes,Yes,Yes,Yes,No,Met,2/3,Not Met
"U Prof Interdiscip En Ing Tec Avanzadas-IPN,COM19",SBC62811B,Student Branch Chapter,Unidad Prof Interdiscip En Ing Tec Avanzadas-IPN,COM19,14,6,Yes,3,1,0,2,No,Yes,,No,Yes,Yes,Yes,No,Partial,1/3,Not Met
"U Prof Interdiscip En Ing Tec Avanzadas-IPN,EMB18",SBC62811,Student Branch Chapter,Unidad Prof Interdiscip En Ing Tec Avanzadas-IPN,EMB18,11,6,Yes,10,1,5,2,No,Yes,,No,No,Yes,Yes,Yes,Partial,1/3,Not Met
"U Prof Interdiscip En Ing Tec Avanzadas-IPN,PE31",SBC62811D,Student Branch Chapter,Unidad Prof Interdiscip En Ing Tec Avanzadas-IPN,PE31,20,6,Yes,3,1,1,2,No,Yes,,Yes,Yes,Yes,Yes,No,Met,2/3,Not Met
"U Prof Interdiscip En Ing Tec Avanzadas-IPN,RA24",SBC62811C,Student Branch Chapter,Unidad Prof Interdiscip En Ing Tec Avanzadas-IPN,RA24,9,6,Yes,2,0,0,2,No,Yes,,No,Yes,Yes,Yes,No,Partial,1/3,Not Met
"U Prof Interdiscip En Ing Tec Avanzadas-IPN,VT06",SBC62811F,Student Branch Chapter,Unidad Prof Interdiscip En Ing Tec Avanzadas-IPN,VT06,17,6,Yes,7,2,0,2,Yes,Yes,,Yes,Yes,Yes,Yes,Yes,Met,3/3,Met
"UDG-Centro Universitario de Tonala,PE31",SBC10203,Student Branch Chapter,Universidad de Guadalajara-Centro Univ de Tonala,PE31,0,6,No,0,0,0,2,No,No,,No,No,No,No,No,Not Met,0/3,Not Met
"UPIBI - IPN, RA24",SBC65511A,Student Branch Chapter,UPIBI - IPN,RA24,0,6,No,0,0,0,2,No,No,,No,No,No,No,No,Not Met,0/3,Not Met
"UTN-Facultad Regional San Nicolas,EMB18",SBC64294,Student Branch Chapter,Universidad Tecnologica Nacional-San Nicolas,EMB18,0,6,No,0,0,0,2,No,No,,No,No,No,No,No,Not Met,0/3,Not Met
"Uni Nac de Colombia Sede Bogota,EMC27/NANO42/SEN39",SBC06431H,Student Branch Chapter,Universidad Nacional De Colombia Sede Bogota,EMC27/NANO42/SEN39,10,6,Yes,0,0,0,2,No,No,,No,No,No,No,No,Not Met,1/3,Not Met
"Unifesspa–Federal Univ of South&Southeast-Pará,C16",SBC60236490,Student Branch Chapter,Unifesspa–Federal Univ of South and Southeast-Pará,C16,8,6,Yes,0,0,0,2,No,Yes,,Yes,No,No,No,No,Met,2/3,Not Met
"Univ Autonoma Metropolitana-Iztapalapa,COM19",SBC39941A,Student Branch Chapter,Univ Autonoma Metropolitana-Iztapalapa,COM19,3,6,No,0,0,0,2,No,No,,No,No,No,No,No,Not Met,0/3,Not Met
"Univ Autonoma Metropolitana-Iztapalapa,PE31",SBC39941,Student Branch Chapter,Univ Autonoma Metropolitana-Iztapalapa,PE31,3,6,No,0,0,0,2,No,Yes,,No,Yes,Yes,No,No,Partial,0/3,Not Met
"Univ Catolica Nuestra Senora de la Asuncion,PE31",SBC11535,Student Branch Chapter,Universidad Catolica Nuestra Senora de la Asuncion,PE31,7,6,Yes,0,0,1,2,No,Yes,,No,Yes,No,No,No,Partial,1/3,Not Met
"Univ Catolica Nuestra Senora de la Asuncion,RA24",SBC11535A,Student Branch Chapter,Universidad Catolica Nuestra Senora de la Asuncion,RA24,7,6,Yes,0,0,0,2,No,Yes,,Yes,No,No,No,No,Met,2/3,Not Met
"Univ Catolica Santo Toribio de Mogrovejo, C16",SBC04621A,Student Branch Chapter,Universidad Catolica Santo Toribio de Mogrovejo,C16,0,6,No,0,0,0,2,No,No,,No,No,No,No,No,Not Met,0/3,Not Met
"Univ Catolica Santo Toribio de Mogrovejo, IA34",SBC04621C,Student Branch Chapter,Universidad Catolica Santo Toribio de Mogrovejo,IA34,0,6,No,0,0,0,2,No,No,,No,No,No,No,No,Not Met,0/3,Not Met
"Univ Catolica Santo Toribio de Mogrovejo, RA24",SBC04621B,Student Branch Chapter,Universidad Catolica Santo Toribio de Mogrovejo,RA24,0,6,No,0,0,0,2,No,No,,No,No,No,No,No,Not Met,0/3,Not Met
"Univ Continental de Ciencias e Ingenieria, IA34",SBC12011A,Student Branch Chapter,Universidad Continental de Ciencias e Ingenieria,IA34,8,6,Yes,0,0,0,2,No,No,,No,No,No,No,No,Not Met,1/3,Not Met
"Univ Cooperativ de Colombia Sede Santa Martac,RA24",SBC64131A,Student Branch Chapter,Univ Cooperativa de Colombia Sede Santa Martac,RA24,0,6,No,0,0,0,2,No,Yes,,No,No,No,No,No,Partial,0/3,Not Met
"Univ Cooperativa de Colo Sede Santa Martac,NPS05",SBC64131B,Student Branch Chapter,Univ Cooperativa de Colombia Sede Santa Martac,NPS05,6,6,Yes,0,0,0,2,No,Yes,,Yes,Yes,Yes,Yes,Yes,Met,2/3,Not Met
"Univ Cooperativa de Colombia Sede Santa Martac,C16",SBC64131,Student Branch Chapter,Univ Cooperativa de Colombia Sede Santa Martac,C16,5,6,No,1,0,3,2,No,Yes,,Yes,Yes,Yes,No,No,Met,1/3,Not Met
"Univ De Ibague - Coruniversitaria,IA34",SBC62121A,Student Branch Chapter,Univ De Ibague - Coruniversitaria,IA34,0,6,No,0,0,0,2,No,No,,No,No,No,No,No,Not Met,0/3,Not Met
"Univ Del Norte, C16 & COM19",SBC63011,Student Branch Chapter,Universidad del Norte,C16 & COM19,49,6,Yes,25,14,4,2,Yes,Yes,,Yes,Yes,Yes,Yes,Yes,Met,3/3,Met
"Univ Del Norte, CAS04",SBC63011D,Student Branch Chapter,Universidad del Norte,CAS04,16,6,Yes,4,3,1,2,Yes,Yes,,No,Yes,Yes,Yes,Yes,Partial,2/3,Not Met
"Univ Del Norte, CIS011",SBC63011A,Student Branch Chapter,Universidad del Norte,CIS011,23,6,Yes,19,10,0,2,Yes,Yes,,Yes,Yes,Yes,Yes,No,Met,3/3,Met
"Univ Del Norte, CS23",SBC63011B,Student Branch Chapter,Universidad del Norte,CS23,0,6,No,0,0,0,2,No,No,,No,No,No,No,No,Not Met,0/3,Not Met
"Univ Del Norte, EMB18",SBC63011E,Student Branch Chapter,Universidad del Norte,EMB18,12,6,Yes,7,5,1,2,Yes,Yes,,Yes,Yes,Yes,Yes,Yes,Met,3/3,Met
"Univ Del Norte, PE31",SBC63011C,Student Branch Chapter,Universidad del Norte,PE31,46,6,Yes,25,13,1,2,Yes,Yes,,Yes,Yes,Yes,Yes,Yes,Met,3/3,Met
"Univ Del Norte, RA24",SBC63011F,Student Branch Chapter,Universidad del Norte,RA24,15,6,Yes,11,8,1,2,Yes,Yes,,Yes,Yes,Yes,Yes,Yes,Met,3/3,Met
"Univ Dist Francisco Jose de Caldas - Bolivar, RA24",SBC18011A,Student Branch Chapter,Univ Distrital Francisco Jose de Caldas - Bolivar,RA24,4,6,No,0,0,0,2,No,Yes,,No,Yes,No,Yes,No,Partial,0/3,Not Met
"Univ Dist Francisco Jose de Caldas - Bolivar,C16",SBC18011C,Student Branch Chapter,Univ Distrital Francisco Jose de Caldas - Bolivar,C16,3,6,No,0,0,0,2,No,No,,No,No,No,No,No,Not Met,0/3,Not Met
"Univ Dist Francisco Jose de Caldas - Bolivar,COM19",SBC18011B,Student Branch Chapter,Univ Distrital Francisco Jose de Caldas - Bolivar,COM19,22,6,Yes,0,0,0,2,No,Yes,,Yes,No,No,No,No,Met,2/3,Not Met
"Univ Dist Francisco Jose de Caldas Fac Tec, PE31",SBC18011,Student Branch Chapter,Univ Distrital Francisco Jose de Caldas - Bolivar,PE31,1,6,No,0,0,0,2,No,No,,No,No,No,No,No,Not Met,0/3,Not Met
"Univ Distrital Francisco Jose De Caldas, AES10",SBC0433K,Student Branch Chapter,Universidad Distrital Francisco Jose de Caldas,AES10,2,6,No,0,0,0,2,No,No,,No,No,No,No,No,Not Met,0/3,Not Met
"Univ Distrital Francisco Jose De Caldas, CAS04",SBC0433D,Student Branch Chapter,Universidad Distrital Francisco Jose de Caldas,CAS04,24,6,Yes,0,0,2,2,No,Yes,,No,No,No,No,No,Partial,1/3,Not Met
"Univ Distrital Francisco Jose De Caldas, CS23",SBC0433C,Student Branch Chapter,Universidad Distrital Francisco Jose de Caldas,CS23,4,6,No,1,0,0,2,No,No,,No,No,No,No,No,Not Met,0/3,Not Met
"Univ Distrital Francisco Jose De Caldas, PEL35",SBC0433L,Student Branch Chapter,Universidad Distrital Francisco Jose de Caldas,PEL35,12,6,Yes,12,4,3,2,Yes,Yes,,Yes,Yes,Yes,Yes,Yes,Met,3/3,Met
"Univ Distrital Francisco Jose De Caldas, SP01",SBC0433A,Student Branch Chapter,Universidad Distrital Francisco Jose de Caldas,SP01,0,6,No,0,0,0,2,No,No,,No,No,No,No,No,Not Met,0/3,Not Met
"Univ Distrital Francisco Jose De Caldas,C16",SBC04331,Student Branch Chapter,Universidad Distrital Francisco Jose de Caldas,C16,13,6,Yes,0,0,0,2,No,Yes,,No,No,No,No,No,Partial,1/3,Not Met
"Univ Distrital Francisco Jose De Caldas,COM19",SBC0433B,Student Branch Chapter,Universidad Distrital Francisco Jose de Caldas,COM19,15,6,Yes,0,0,0,2,No,Yes,,Yes,No,No,No,No,Met,2/3,Not Met
"Univ Distrital Francisco Jose De Caldas,EMB18",SBC0433F,Student Branch Chapter,Universidad Distrital Francisco Jose de Caldas,EMB18,13,6,Yes,1,0,0,2,No,Yes,,No,Yes,No,No,No,Partial,1/3,Not Met
"Univ Distrital Francisco Jose de Caldas, GRS29",SBC0433E,Student Branch Chapter,Universidad Distrital Francisco Jose de Caldas,GRS29,9,6,Yes,1,0,0,2,No,Yes,,Yes,Yes,Yes,Yes,Yes,Met,2/3,Not Met
"Univ Distrital Francisco Jose de Caldas, PE31",SBC0433H,Student Branch Chapter,Universidad Distrital Francisco Jose de Caldas,PE31,16,6,Yes,0,0,0,2,No,Yes,,Yes,Yes,No,No,No,Met,2/3,Not Met
"Univ El Bosque, COM19",SBC60951,Student Branch Chapter,Universidad El Bosque,COM19,0,6,No,0,0,0,2,No,No,,No,No,No,No,No,Not Met,0/3,Not Met
"Univ El Bosque, IA34",SBC60951G,Student Branch Chapter,Universidad El Bosque,IA34,0,6,No,0,0,0,2,No,No,,No,No,No,No,No,Not Met,0/3,Not Met
"Univ El Bosque, SIT30",SBC60951F,Student Branch Chapter,Universidad El Bosque,SIT30,2,6,No,0,0,0,2,No,No,,No,No,No,No,No,Not Met,0/3,Not Met
"Univ Federal Da Bahia,AES10",SBC93051C,Student Branch Chapter,Federal University of Bahia,AES10,0,6,No,0,0,0,2,No,No,,Yes,No,No,No,No,Partial,0/3,Not Met
"Univ Federal De Juiz De Fora, IA34",SBC13491D,Student Branch Chapter,Universidade Federal De Juiz De Fora,IA34,45,6,Yes,18,8,4,2,Yes,Yes,,Yes,Yes,Yes,Yes,Yes,Met,3/3,Met
"Univ Federal De Juiz De Fora, RA24",SBC13491A,Student Branch Chapter,Universidade Federal De Juiz De Fora,RA24,33,6,Yes,13,7,2,2,Yes,Yes,,Yes,Yes,Yes,Yes,Yes,Met,3/3,Met
"Univ Federal do Espirito Santo-Sao Mateus,RA024",SBC10204,Student Branch Chapter,Universidade Federal do Espirito Santo-Sao Mateus,RA024,0,6,No,0,0,0,2,No,No,,No,No,No,No,No,Not Met,0/3,Not Met
"Univ Federal do Reconcavo da Bahia-UFRB,SMC28/C16",SBC20150C,Student Branch Chapter,Universidade Federal do Reconcavo da Bahia,SMC28/C16,8,6,Yes,6,0,0,2,No,Yes,,Yes,Yes,Yes,Yes,Yes,Met,2/3,Not Met
"Univ Federal do Rio Grande do Norte,PEL35,IA34",SBC66301B,Student Branch Chapter,Universidade Federal do Rio Grande do Norte,IA34,54,6,Yes,1,0,2,2,No,Yes,,Yes,Yes,Yes,Yes,No,Met,2/3,Not Met
"Univ Mayor De La Republica Oriental-Uruguay,EMB18",SBC178411,Student Branch Chapter,Univ Mayor De La Republica Oriental Del Uruguay,EMB18,0,6,No,4,1,0,2,No,Yes,,Yes,Yes,Yes,No,No,Met,1/3,Not Met
"Univ Michoacana De San Nicolas De Hidalgo,C16",SBC02671B,Student Branch Chapter,Universidad Michoacana de San Nicolas de Hidalgo,C16,1,6,No,0,0,0,2,No,No,,No,No,No,No,No,Not Met,0/3,Not Met
"Univ Michoacana De San Nicolas De Hidalgo,IA34",SBC02671A,Student Branch Chapter,Universidad Michoacana de San Nicolas de Hidalgo,IA34,0,6,No,0,0,0,2,No,No,,No,No,No,No,No,Not Met,0/3,Not Met
"Univ Michoacana De San Nicolas De Hidalgo,PE31",SBC026711,Student Branch Chapter,Universidad Michoacana de San Nicolas de Hidalgo,PE31,0,6,No,0,0,0,2,No,No,,No,No,No,No,No,Not Met,0/3,Not Met
"Univ Michoacana de San Nicolas de Hidalgo,RA24",SBC02671C,Student Branch Chapter,Universidad Michoacana de San Nicolas de Hidalgo,RA24,0,6,No,0,0,0,2,No,No,,No,No,No,No,No,Not Met,0/3,Not Met
"Univ Nacional San Antonio Abad del Cusco,CAS04",SBC11731K,Student Branch Chapter,Universidad Nacional San Antonio Abad del Cusco,CAS04,14,6,Yes,1,1,7,2,No,Yes,,Yes,No,No,Yes,No,Met,2/3,Not Met
"Univ Nacional San Antonio Abad del Cusco,COM19",SBC11731E,Student Branch Chapter,Universidad Nacional San Antonio Abad del Cusco,COM19,7,6,Yes,2,2,1,2,Yes,Yes,,No,No,No,No,No,Partial,2/3,Not Met
"Univ Nacional San Antonio Abad del Cusco,ED15",SBC11731I,Student Branch Chapter,Universidad Nacional San Antonio Abad del Cusco,ED15,25,6,Yes,2,2,7,2,Yes,Yes,,No,Yes,Yes,No,Yes,Partial,2/3,Not Met
"Univ Nacional San Antonio Abad del Cusco,EMB18",SBC11731D,Student Branch Chapter,Universidad Nacional San Antonio Abad del Cusco,EMB18,3,6,No,0,0,0,2,No,No,,No,No,No,No,No,Not Met,0/3,Not Met
"Univ Nacional San Antonio Abad del Cusco,SSC37",SBC11731J,Student Branch Chapter,Universidad Nacional San Antonio Abad del Cusco,SSC37,12,6,Yes,1,1,1,2,No,Yes,,Yes,No,No,No,No,Met,2/3,Not Met
"Univ Nacional San Antonio Abad del Cusco,TEM14",SBC11731G,Student Branch Chapter,Universidad Nacional San Antonio Abad del Cusco,TEM14,0,6,No,0,0,0,2,No,No,,No,No,No,No,No,Not Met,0/3,Not Met
"Univ Nacional San Luis Gonzaga de Ica,COM19",SBC035911,Student Branch Chapter,Univ Nacional San Luis Gonzaga de Ica,COM19,1,6,No,0,0,0,2,No,No,,No,No,No,No,No,Not Met,0/3,Not Met
"Univ Nacional Sede Manizales, PE31",SBC61301A,Student Branch Chapter,Universidad Nacional sede Manizales,PE31,0,6,No,0,0,0,2,No,No,,No,No,No,No,No,Not Met,0/3,Not Met
"Univ Nacional Sede Manizales,ED15",SBC61301B,Student Branch Chapter,Universidad Nacional sede Manizales,ED15,0,6,No,0,0,0,2,No,No,,No,No,No,No,No,Not Met,0/3,Not Met
"Univ Pontificia Bolivariana (UPB),COM19",SBC090211,Student Branch Chapter,Univ Pontificia Bolivariana (UPB),COM19,0,6,No,0,0,0,2,No,No,,No,No,No,No,No,Not Met,0/3,Not Met
"Univ San Ignacio De Loyola,CS/NANO/SYS/TEC",SBC17421D,Student Branch Chapter,Universidad San Ignacio De Loyola,CS/NANO/SYS/TEC,2,6,No,0,0,0,2,No,No,,No,No,No,No,No,Not Met,0/3,Not Met
"Univ Santo Tomas De Aquino,C16",SBC0985A,Student Branch Chapter,Univ Santo Tomas De Aquino,C16,0,6,No,0,0,0,2,No,No,,No,No,No,No,No,Not Met,0/3,Not Met
"Univ Santo Tomas De Aquino,COM19",SBC09851,Student Branch Chapter,Univ Santo Tomas De Aquino,COM19,0,6,No,0,0,0,2,No,No,,No,No,No,No,No,Not Met,0/3,Not Met
"Univ Santo Tomas De Aquino,PE31",SBC09851B,Student Branch Chapter,Univ Santo Tomas De Aquino,PE31,0,6,No,0,0,0,2,No,No,,No,No,No,No,No,Not Met,0/3,Not Met
"Univ Santo Tomas De Aquino,RA24",SBC0985B,Student Branch Chapter,Univ Santo Tomas De Aquino,RA24,1,6,No,0,0,0,2,No,No,,No,No,No,No,No,Not Met,0/3,Not Met
"Univ Santo Tomas De Aquino,SP01",SBC09851A,Student Branch Chapter,Univ Santo Tomas De Aquino,SP01,0,6,No,0,0,0,2,No,No,,No,No,No,No,No,Not Met,0/3,Not Met
"Univ Tec Centroamericana - UNITEC, C16",SBC14691C,Student Branch Chapter,Universidad Tecnologica Centroamericana,C16,0,6,No,0,0,0,2,No,No,,No,No,No,No,No,Not Met,0/3,Not Met
"Univ Tec Centroamericana - UNITEC, COM19",SBC14691B,Student Branch Chapter,Universidad Tecnologica Centroamericana,COM19,3,6,No,12,8,0,2,Yes,Yes,,No,No,No,No,No,Partial,1/3,Not Met
"Univ Tec Centroamericana - UNITEC,ED15",SBC14691E,Student Branch Chapter,Universidad Tecnologica Centroamericana,ED15,5,6,No,0,0,0,2,No,Yes,,No,No,No,No,No,Partial,0/3,Not Met
"Univ Tec Centroamericana - UNITEC,EMB18",SBC14691A,Student Branch Chapter,Universidad Tecnologica Centroamericana,EMB18,9,6,Yes,9,4,1,2,Yes,Yes,,No,No,No,No,No,Partial,2/3,Not Met
"Univ Tec Centroamericana - UNITEC,RA24",SBC14691,Student Branch Chapter,Universidad Tecnologica Centroamericana,RA24,7,6,Yes,3,3,0,2,Yes,Yes,,No,Yes,No,Yes,No,Partial,2/3,Not Met
"Univ Tec Centroamericana-UNITEC,PE31",SBC14691D,Student Branch Chapter,Universidad Tecnologica Centroamericana,PE31,7,6,Yes,0,0,0,2,No,Yes,,No,No,No,No,No,Partial,1/3,Not Met
"Univ Tecnologica Nacional-Buenos Aires,COM19",SBC05911C,Student Branch Chapter,Universidad Tecnologica Nacional-Buenos Aires,COM19,0,6,No,0,0,0,2,No,No,,No,No,No,No,No,Not Met,0/3,Not Met
"Univ Tecnologica Nacional-Buenos Aires,EMB18",SBC05911B,Student Branch Chapter,Universidad Tecnologica Nacional-Buenos Aires,EMB18,1,6,No,0,0,0,2,No,No,,No,No,No,No,No,Not Met,0/3,Not Met
"Univ Tecnologica Nacional-Frba, PE31",SBC05911D,Student Branch Chapter,Universidad Tecnologica Nacional-Buenos Aires,PE31,0,6,No,0,0,0,2,No,No,,No,No,No,No,No,Not Met,0/3,Not Met
"Univ Tecnologica Nacional-Frba,RA24",SBC05911E,Student Branch Chapter,Universidad Tecnologica Nacional-Buenos Aires,RA24,2,6,No,0,0,0,2,No,No,,No,No,No,No,No,Not Met,0/3,Not Met
"Univ Tecnologica de Pereira,CS23/SEN39/CSC41",SBC17431B,Student Branch Chapter,Universidad Tecnologica de Pereira,CS23/SEN39/CSC41,1,6,No,0,0,0,2,No,No,,No,No,No,No,No,Not Met,0/3,Not Met
"Univ de Las Americas-Puebla,COM19",SBC16711A,Student Branch Chapter,Univ de Las Americas-Puebla,COM19,10,6,Yes,0,0,0,2,No,No,,No,No,No,No,No,Not Met,1/3,Not Met
"Univ de la Fuerzas Armadas ESPE - Latacunda,EMB18",SBC11457A,Student Branch Chapter,Universidad de la Fuerzas Armadas ESPE - Latacunga,EMB18,8,6,Yes,3,2,1,2,Yes,Yes,,Yes,Yes,No,Yes,Yes,Met,3/3,Met
"Univ de la Fuerzas Armadas ESPE - Latacunga,C16",SBC11457B,Student Branch Chapter,Universidad de la Fuerzas Armadas ESPE - Latacunga,C16,2,6,No,0,0,0,2,No,No,,No,No,No,No,No,Not Met,0/3,Not Met
"Univ de la Fuerzas Armadas ESPE - Latacunga,PE31",SBC11457,Student Branch Chapter,Universidad de la Fuerzas Armadas ESPE - Latacunga,PE31,15,6,Yes,5,3,1,2,Yes,Yes,,Yes,No,No,No,No,Met,3/3,Met
"Univ de la Fuerzas Armadas ESPE - Latacunga,RA24",SBC11457C,Student Branch Chapter,Universidad de la Fuerzas Armadas ESPE - Latacunga,RA24,1,6,No,1,0,0,2,No,No,,No,No,No,No,No,Not Met,0/3,Not Met
"Univ de la Fuerzas Armadas ESPE - Latacunga,VT06",SBC11457D,Student Branch Chapter,Universidad de la Fuerzas Armadas ESPE - Latacunga,VT06,5,6,No,0,0,0,2,No,Yes,,Yes,No,No,Yes,Yes,Met,1/3,Not Met
"Univ del Cono Sur de las Americas,IA34",SBC04861B,Student Branch Chapter,Universidad del Cono Sur de Las Americas,IA34,6,6,Yes,0,0,0,2,No,Yes,,Yes,No,Yes,No,No,Met,2/3,Not Met
"Univ do Estado do Rio de Janeiro,AP03/COM19/SP01",SBC63211D,Student Branch Chapter,Universidade do Estado do Rio de Janeiro,AP03/COM19/SP01,8,6,Yes,3,1,1,2,No,Yes,,Yes,Yes,No,No,No,Met,2/3,Not Met
"Univ. Federal do Rio de Janeiro,PE31,PEL35,IA34",SBC03101B,Student Branch Chapter,Universidade Federal do Rio de Janeiro,IA34,5,6,No,4,2,0,2,Yes,Yes,,Yes,Yes,No,Yes,No,Met,2/3,Not Met
"Universidad Ana G Mendez,PE31",SBC61461,Student Branch Chapter,Universidad Ana G Mendez,PE31,4,6,No,0,0,0,2,No,No,,No,No,No,No,No,Not Met,0/3,Not Met
"Universidad Andres Bello,RA24,CIS11,C16",SBC10224,Student Branch Chapter,Universidad Andres Bello,"RA24,CIS11,C16",0,6,No,0,0,0,2,No,No,,No,No,No,No,No,Not Met,0/3,Not Met
"Universidad Argentina de la Empresa,CAS04",SBC36321,Student Branch Chapter,Universidad Argentina de la Empresa,CAS04,0,6,No,0,0,0,2,No,No,,No,No,No,No,No,Not Met,0/3,Not Met
"Universidad Austral De Chile, RA24",SBC20241,Student Branch Chapter,Universidad Austral De Chile,RA24,7,6,Yes,0,0,1,2,No,Yes,,Yes,Yes,Yes,Yes,Yes,Met,2/3,Not Met
"Universidad Austral De Chile,EMB18",SBC20241A,Student Branch Chapter,Universidad Austral De Chile,EMB18,6,6,Yes,0,0,0,2,No,No,,No,No,No,No,No,Not Met,1/3,Not Met
"Universidad Autonoma de Bucaramanga,EMB18",SBC65361,Student Branch Chapter,Universidad Autonoma de Bucaramanga,EMB18,0,6,No,0,0,0,2,No,No,,No,No,No,No,No,Not Met,0/3,Not Met
"Universidad Autonoma de Campeche,IA34",SBC65681,Student Branch Chapter,Universidad del Quindio,IA34,0,6,No,0,0,0,2,No,No,,No,No,No,No,No,Not Met,0/3,Not Met
"Universidad Autonoma de Chihuahua,EMB18",SBC11592,Student Branch Chapter,Universidad Autonoma de Chihuahua,EMB18,24,6,Yes,0,0,0,2,No,Yes,,Yes,No,No,No,No,Met,2/3,Not Met
"Universidad Autonoma de Guadalajara, C16",SBC999611,Student Branch Chapter,Universidad Autonoma de Guadalajara,C16,0,6,No,0,0,0,2,No,No,,No,No,No,No,No,Not Met,0/3,Not Met
"Universidad Autonoma de Guadalajara, PE31",SBC99961A,Student Branch Chapter,Universidad Autonoma de Guadalajara,PE31,0,6,No,0,0,0,2,No,No,,No,No,No,No,No,Not Met,0/3,Not Met
"Universidad Autonoma de Guadalajara, RA24",SBC99961,Student Branch Chapter,Universidad Autonoma de Guadalajara,RA24,0,6,No,0,0,0,2,No,No,,No,No,No,No,No,Not Met,0/3,Not Met
"Universidad Autonoma de Guadalajara, TEM14",SBC99961C,Student Branch Chapter,Universidad Autonoma de Guadalajara,TEM14,0,6,No,0,0,0,2,No,No,,No,No,No,No,No,Not Met,0/3,Not Met
"Universidad Autonoma de Guadalajara, VT06",SBC99961B,Student Branch Chapter,Universidad Autonoma de Guadalajara,VT06,0,6,No,0,0,0,2,No,No,,No,No,No,No,No,Not Met,0/3,Not Met
"Universidad Autonoma de Nuevo Leon,C16",SBC59501A,Student Branch Chapter,Universidad Autonoma de Nuevo Leon,C16,9,6,Yes,7,3,5,2,Yes,Yes,,No,Yes,Yes,Yes,Yes,Partial,2/3,Not Met
"Universidad Autonoma de Nuevo Leon,COM19",SBC59501F,Student Branch Chapter,Universidad Autonoma de Nuevo Leon,COM19,10,6,Yes,3,1,6,2,No,Yes,,Yes,Yes,Yes,No,No,Met,2/3,Not Met
"Universidad Autonoma de Nuevo Leon,CS23",SBC59501D,Student Branch Chapter,Universidad Autonoma de Nuevo Leon,CS23,8,6,Yes,1,0,1,2,No,Yes,,Yes,No,No,No,No,Met,2/3,Not Met
"Universidad Autonoma de Nuevo Leon,EMB18",SBC59501C,Student Branch Chapter,Universidad Autonoma de Nuevo Leon,EMB18,4,6,No,2,0,1,2,No,Yes,,No,Yes,No,No,No,Partial,0/3,Not Met
"Universidad Autonoma de Nuevo Leon,PHO36",SBC59501,Student Branch Chapter,Universidad Autonoma de Nuevo Leon,PHO36,1,6,No,0,0,0,2,No,No,,Yes,No,No,No,No,Partial,0/3,Not Met
"Universidad Autonoma de Nuevo Leon,RA24",SBC59501B,Student Branch Chapter,Universidad Autonoma de Nuevo Leon,RA24,6,6,Yes,7,3,6,2,Yes,Yes,,Yes,Yes,Yes,No,Yes,Met,3/3,Met
"Universidad Autonoma de Nuevo Leon,VT06",SBC59501E,Student Branch Chapter,Universidad Autonoma de Nuevo Leon,VT06,12,6,Yes,1,0,0,2,No,Yes,,Yes,No,Yes,No,Yes,Met,2/3,Not Met
"Universidad Autonoma de Queretaro,CIS11",SBC61841,Student Branch Chapter,Universidad Autonoma de Queretaro,CIS11,0,6,No,0,0,0,2,No,No,,No,No,No,No,No,Not Met,0/3,Not Met
"Universidad Autonoma de Yucatan,RA24",SBC03105,Student Branch Chapter,Universidad Autonoma de Yucatan,RA24,12,6,Yes,2,0,0,2,No,No,,Yes,No,No,No,No,Partial,1/3,Not Met
"Universidad Autonoma de la Ciudad de Mexico, C16",SBC040511,Student Branch Chapter,Universidad Autonoma de la Ciudad de Mexico,C16,1,6,No,0,0,0,2,No,No,,No,No,No,No,No,Not Met,0/3,Not Met
"Universidad Autonoma del Estado de Mexico,AES10",SBC11766B,Student Branch Chapter,Universidad Autonoma del Estado de Mexico,AES10,0,6,No,0,0,0,2,No,No,,No,No,No,No,No,Not Met,0/3,Not Met
"Universidad Autonoma del Estado de Mexico,C16",SBC11766A,Student Branch Chapter,Universidad Autonoma del Estado de Mexico,C16,2,6,No,0,0,0,2,No,No,,No,No,No,No,No,Not Met,0/3,Not Met
"Universidad Autonoma del Estado de Mexico,RA24",SBC11766,Student Branch Chapter,Universidad Autonoma del Estado de Mexico,RA24,1,6,No,0,0,0,2,No,No,,No,No,No,No,No,Not Met,0/3,Not Met
"Universidad Autonoma del Estado de Morelos,C16",SBC62781,Student Branch Chapter,Universidad Autonoma del Estado de Morelos,C16,0,6,No,1,1,0,2,No,No,,No,No,No,No,No,Not Met,0/3,Not Met
"Universidad Catolica Bolivia La Paz,C16",SBC60821E,Student Branch Chapter,Universidad Catolica Boliviana La Paz,C16,3,6,No,0,0,0,2,No,No,,No,No,No,No,No,Not Met,0/3,Not Met
"Universidad Catolica Bolivia La Paz,COM19",SBC60821D,Student Branch Chapter,Universidad Catolica Boliviana La Paz,COM19,7,6,Yes,0,0,0,2,No,No,,No,No,No,No,No,Not Met,1/3,Not Met
"Universidad Catolica Bolivia La Paz,PE31",SBC60821F,Student Branch Chapter,Universidad Catolica Boliviana La Paz,PE31,4,6,No,16,1,2,2,No,Yes,,Yes,Yes,Yes,No,Yes,Met,1/3,Not Met
"Universidad Catolica Bolivia La Paz,RA24",SBC60821C,Student Branch Chapter,Universidad Catolica Boliviana La Paz,RA24,12,6,Yes,0,0,0,2,No,Yes,,No,Yes,No,No,Yes,Partial,1/3,Not Met
"Universidad Catolica Bolivia La Paz,SP01",SBC60821G,Student Branch Chapter,Universidad Catolica Boliviana La Paz,SP01,0,6,No,0,0,0,2,No,No,,No,No,No,No,No,Not Met,0/3,Not Met
"Universidad Catolica Boliviana - Cochabamba,C16",SBC03232D,Student Branch Chapter,Universidad Catolica Boliviana - Cochabamba,C16,0,6,No,0,0,0,2,No,No,,No,No,No,No,No,Not Met,0/3,Not Met
"Universidad Catolica Boliviana - Cochabamba,COM19",SBC03232B,Student Branch Chapter,Universidad Catolica Boliviana - Cochabamba,COM19,0,6,No,0,0,0,2,No,No,,No,No,No,No,No,Not Met,0/3,Not Met
"Universidad Catolica Boliviana - Cochabamba,CS23",SBC03232A,Student Branch Chapter,Universidad Catolica Boliviana - Cochabamba,CS23,0,6,No,0,0,0,2,No,No,,No,No,No,No,No,Not Met,0/3,Not Met
"Universidad Catolica Boliviana - Cochabamba,EMB18",SBC03232E,Student Branch Chapter,Universidad Catolica Boliviana - Cochabamba,EMB18,0,6,No,0,0,0,2,No,No,,No,No,No,No,No,Not Met,0/3,Not Met
"Universidad Catolica Boliviana - Cochabamba,RA24",SBC03232C,Student Branch Chapter,Universidad Catolica Boliviana - Cochabamba,RA24,0,6,No,0,0,0,2,No,No,,No,No,No,No,No,Not Met,0/3,Not Met
"Universidad Catolica Boliviana La Paz,AES10",SBC60821H,Student Branch Chapter,Universidad Catolica Boliviana La Paz,AES10,10,6,Yes,0,0,1,2,No,Yes,,No,No,No,No,No,Partial,1/3,Not Met
"Universidad Catolica Boliviana La Paz,AP03",SBC60821J,Student Branch Chapter,Universidad Catolica Boliviana La Paz,AP03,7,6,Yes,0,0,0,2,No,Yes,,Yes,No,No,No,No,Met,2/3,Not Met
"Universidad Catolica Boliviana La Paz,C16",SBC60821B,Student Branch Chapter,Universidad Catolica Boliviana La Paz,C16,3,6,No,0,0,0,2,No,No,,No,No,No,No,No,Not Met,0/3,Not Met
"Universidad Catolica Boliviana La Paz,COM19",SBC60821A,Student Branch Chapter,Universidad Catolica Boliviana La Paz,COM19,7,6,Yes,2,2,1,2,Yes,Yes,,Yes,No,No,No,Yes,Met,3/3,Met
"Universidad Catolica Boliviana La Paz,CS23",SBC60821I,Student Branch Chapter,Universidad Catolica Boliviana La Paz,CS23,10,6,Yes,2,1,0,2,No,Yes,,Yes,Yes,Yes,Yes,Yes,Met,2/3,Not Met
"Universidad Catolica Boliviana La Paz,EMB18",SBC60821,Student Branch Chapter,Universidad Catolica Boliviana La Paz,EMB18,10,6,Yes,0,0,0,2,No,No,,No,No,Yes,No,No,Not Met,1/3,Not Met
"Universidad Catolica San Pablo,C16",SBC66271A,Student Branch Chapter,Universidad Catolica San Pablo,C16,12,6,Yes,0,0,0,2,No,Yes,,Yes,Yes,Yes,Yes,Yes,Met,2/3,Not Met
"Universidad Catolica San Pablo,COM19",SBC662711,Student Branch Chapter,Universidad Catolica San Pablo,COM19,7,6,Yes,0,0,0,2,No,Yes,,Yes,Yes,Yes,Yes,Yes,Met,2/3,Not Met
"Universidad Catolica San Pablo,MTT17",SBC66271B,Student Branch Chapter,Universidad Catolica San Pablo,MTT17,10,6,Yes,0,0,1,2,No,Yes,,Yes,Yes,Yes,Yes,Yes,Met,2/3,Not Met
"Universidad Catolica de Colombia,C16",SBC62201A,Student Branch Chapter,Universidad Catolica de Colombia,C16,0,6,No,0,0,0,2,No,No,,No,No,No,No,No,Not Met,0/3,Not Met
"Universidad Catolica de Colombia,COM19",SBC62201,Student Branch Chapter,Universidad Catolica de Colombia,COM19,0,6,No,0,0,0,2,No,No,,No,No,No,No,No,Not Met,0/3,Not Met
"Universidad Catolica de Colombia,ED15/NANO42",SBC62201B,Student Branch Chapter,Universidad Catolica de Colombia,ED15/NANO42,0,6,No,0,0,0,2,No,No,,No,No,No,No,No,Not Met,0/3,Not Met
"Universidad Catolica de Colombia,PHO36",SBC62201C,Student Branch Chapter,Universidad Catolica de Colombia,PHO36,0,6,No,0,0,0,2,No,No,,No,No,No,No,No,Not Met,0/3,Not Met
"Universidad Catolica de Santa Maria, C16",SBC04201D,Student Branch Chapter,Universidad Catolica de Santa Maria,C16,2,6,No,0,0,0,2,No,No,,No,No,No,No,No,Not Met,0/3,Not Met
"Universidad Catolica de Santa Maria, CAS04",SBC04201B,Student Branch Chapter,Universidad Catolica de Santa Maria,CAS04,0,6,No,0,0,0,2,No,No,,No,No,No,No,No,Not Met,0/3,Not Met
"Universidad Catolica de Santa Maria, COM19",SBC04201,Student Branch Chapter,Universidad Catolica de Santa Maria,COM19,0,6,No,0,0,0,2,No,No,,No,No,No,No,No,Not Met,0/3,Not Met
"Universidad Catolica de Santa Maria, IA34",SBC04201A,Student Branch Chapter,Universidad Catolica de Santa Maria,IA34,0,6,No,0,0,0,2,No,No,,No,No,No,No,No,Not Met,0/3,Not Met
"Universidad Catolica de Santa Maria, PE31",SBC04201E,Student Branch Chapter,Universidad Catolica de Santa Maria,PE31,0,6,No,0,0,0,2,No,No,,No,No,No,No,No,Not Met,0/3,Not Met
"Universidad Catolica de Santa Maria, RA24",SBC04201C,Student Branch Chapter,Universidad Catolica de Santa Maria,RA24,12,6,Yes,1,0,1,2,No,Yes,,Yes,Yes,Yes,Yes,Yes,Met,2/3,Not Met
"Universidad Catolica de Santa Maria,EMB18",SBC04201F,Student Branch Chapter,Universidad Catolica de Santa Maria,EMB18,2,6,No,0,0,0,2,No,No,,No,No,No,No,No,Not Met,0/3,Not Met
"Universidad Central del Ecuador,WIE",SBC10069A,Student Branch Chapter,Universidad Central del Ecuador,WIE,0,6,No,5,0,1,2,No,Yes,,Yes,No,No,No,Yes,Met,1/3,Not Met
"Universidad Centroamericana de Nicaragua,COM19",SBC18751A,Student Branch Chapter,Universidad Centroamericana de Nicaragua,COM19,0,6,No,0,0,0,2,No,No,,No,No,No,No,No,Not Met,0/3,Not Met
"Universidad Centroamericana de Nicaragua,ED15",SBC18751,Student Branch Chapter,Universidad Centroamericana de Nicaragua,ED15,0,6,No,0,0,0,2,No,No,,No,No,No,No,No,Not Met,0/3,Not Met
"Universidad Cristobal Colon,C16/COM19/ED15",SBC63191,Student Branch Chapter,Universidad Cristobal Colon,C16/COM19/ED15,7,6,Yes,0,0,0,2,No,No,,No,No,No,No,No,Not Met,1/3,Not Met
"Universidad De Chile,C16",SBC11791D,Student Branch Chapter,Universidad De Chile,C16,11,6,Yes,0,0,0,2,No,No,,No,No,No,No,No,Not Met,1/3,Not Met
"Universidad De Chile,CIS11",SBC11791E,Student Branch Chapter,Universidad De Chile,CIS11,12,6,Yes,0,0,0,2,No,Yes,,Yes,No,Yes,No,No,Met,2/3,Not Met
"Universidad De Chile,IA34",SBC11791B,Student Branch Chapter,Universidad De Chile,IA34,9,6,Yes,0,0,0,2,No,No,,No,No,No,No,No,Not Met,1/3,Not Met
"Universidad De Chile,PE31",SBC11791A,Student Branch Chapter,Universidad De Chile,PE31,14,6,Yes,1,0,1,2,No,Yes,,No,Yes,Yes,Yes,Yes,Partial,1/3,Not Met
"Universidad De Chile,RA24",SBC11791C,Student Branch Chapter,Universidad De Chile,RA24,13,6,Yes,3,2,0,2,Yes,Yes,,Yes,Yes,Yes,No,No,Met,3/3,Met
"Universidad De La Costa,COM19",SBC65981,Student Branch Chapter,Universidad de la Costa,COM19,1,6,No,0,0,0,2,No,No,,No,No,No,No,No,Not Met,0/3,Not Met
"Universidad De Montevideo,COM19/C16",SBC45891747A,Student Branch Chapter,Universidad De Montevideo,COM19/C16,5,6,No,0,0,0,2,No,Yes,,Yes,No,No,No,No,Met,1/3,Not Met
"Universidad De Montevideo,RA24",SBC45891747,Student Branch Chapter,Universidad De Montevideo,RA24,4,6,No,0,0,0,2,No,No,,No,No,No,No,No,Not Met,0/3,Not Met
"Universidad Del Bio-Bio,C16",SBC33031,Student Branch Chapter,Universidad Del Bio-Bio,C16,1,6,No,0,0,0,2,No,No,,Yes,No,No,No,No,Partial,0/3,Not Met
"Universidad Del Bio-Bio,PHO36",SBC33031A,Student Branch Chapter,Universidad Del Bio-Bio,PHO36,5,6,No,0,0,0,2,No,No,,Yes,No,No,No,No,Partial,0/3,Not Met
"Universidad Del Sol, IA34",SBC6251C,Student Branch Chapter,Universidad del Sol,IA34,0,6,No,0,0,0,2,No,No,,No,No,No,No,No,Not Met,0/3,Not Met
"Universidad Diego Portales, C16",SBC06771A,Student Branch Chapter,Universidad Diego Portales,C16,5,6,No,7,6,4,2,Yes,Yes,,No,No,No,No,No,Partial,1/3,Not Met
"Universidad Diego Portales,COM19",SBC06771B,Student Branch Chapter,Universidad Diego Portales,COM19,5,6,No,7,6,4,2,Yes,Yes,,No,No,No,No,No,Partial,1/3,Not Met
"Universidad Don Bosco,AES10",SBC60431D,Student Branch Chapter,Universidad Don Bosco,AES10,12,6,Yes,7,4,1,2,Yes,Yes,,Yes,No,Yes,No,Yes,Met,3/3,Met
"Universidad Don Bosco,C16",SBC60431C,Student Branch Chapter,Universidad Don Bosco,C16,39,6,Yes,14,2,1,2,Yes,Yes,,No,Yes,Yes,Yes,Yes,Partial,2/3,Not Met
"Universidad Don Bosco,CAS04",SBC60431I,Student Branch Chapter,Universidad Don Bosco,CAS04,20,6,Yes,2,1,1,2,No,Yes,,Yes,Yes,Yes,Yes,Yes,Met,2/3,Not Met
"Universidad Don Bosco,COM19",SBC60431A,Student Branch Chapter,Universidad Don Bosco,COM19,6,6,Yes,3,0,1,2,No,No,,No,No,No,No,No,Not Met,1/3,Not Met
"Universidad Don Bosco,ED15",SBC60431G,Student Branch Chapter,Universidad Don Bosco,ED15,46,6,Yes,9,5,1,2,Yes,Yes,,No,Yes,No,No,Yes,Partial,2/3,Not Met
"Universidad Don Bosco,EMB18",SBC60431E,Student Branch Chapter,Universidad Don Bosco,EMB18,39,6,Yes,11,3,2,2,Yes,Yes,,Yes,Yes,Yes,Yes,Yes,Met,3/3,Met
"Universidad Don Bosco,IA34",SBC60431H,Student Branch Chapter,Universidad Don Bosco,IA34,27,6,Yes,15,5,0,2,Yes,Yes,,Yes,No,Yes,Yes,No,Met,3/3,Met
"Universidad Don Bosco,PE31",SBC60431,Student Branch Chapter,Universidad Don Bosco,PE31,21,6,Yes,3,2,1,2,Yes,Yes,,No,Yes,Yes,No,Yes,Partial,2/3,Not Met
"Universidad Don Bosco,RA24",SBC60431B,Student Branch Chapter,Universidad Don Bosco,RA24,23,6,Yes,11,6,3,2,Yes,Yes,,No,No,No,No,No,Partial,2/3,Not Met
"Universidad Don Bosco,TEM14",SBC60431F,Student Branch Chapter,Universidad Don Bosco,TEM14,26,6,Yes,8,4,1,2,Yes,No,,No,No,No,No,No,Not Met,2/3,Not Met
"Universidad El Bosque, PE31",SBC60951D,Student Branch Chapter,Universidad El Bosque,PE31,0,6,No,0,0,0,2,No,No,,No,No,No,No,No,Not Met,0/3,Not Met
"Universidad Estadual Paulista,C16",SBC62761,Student Branch Chapter,Univerdade Estadual Paulista,C16,8,6,Yes,0,0,0,2,No,Yes,,No,Yes,Yes,Yes,Yes,Partial,1/3,Not Met
"Universidad Estadual Paulista,PE31",SBC62761A,Student Branch Chapter,Univerdade Estadual Paulista,PE31,2,6,No,0,0,0,2,No,No,,No,No,No,No,No,Not Met,0/3,Not Met
"Universidad Estadual Paulista,RA24",SBC62761B,Student Branch Chapter,Univerdade Estadual Paulista,RA24,1,6,No,0,0,0,2,No,No,,Yes,No,No,No,No,Partial,0/3,Not Met
"Universidad Estadual Paulista-Guaratingueta,C16",SBC62091,Student Branch Chapter,Universidad Estadual Paulista-Guaratingueta,C16,0,6,No,0,0,0,2,No,No,,No,No,No,No,No,Not Met,0/3,Not Met
"Universidad Estadual Paulista-Guaratingueta,EP21",SBC62091A,Student Branch Chapter,Universidad Estadual Paulista-Guaratingueta,EP21,0,6,No,0,0,0,2,No,No,,No,No,No,No,No,Not Met,0/3,Not Met
"Universidad Estatal Peninsula de Santa Elena,AP03",SBC20209,Student Branch Chapter,Universidad Estatal Peninsula de Santa Elena,AP03,49,6,Yes,7,6,3,2,Yes,Yes,,Yes,Yes,Yes,Yes,Yes,Met,3/3,Met
"Universidad Estatal Peninsula de Santa Elena,COM19",SBC20209B,Student Branch Chapter,Universidad Estatal Peninsula de Santa Elena,COM19,35,6,Yes,0,0,7,2,No,Yes,,Yes,No,Yes,Yes,Yes,Met,2/3,Not Met
Universidad Estatal Peninsula de Santa Elena.RA24,SBC20209A,Student Branch Chapter,Universidad Estatal Peninsula de Santa Elena,.RA24,17,6,Yes,0,0,6,2,No,Yes,,No,Yes,Yes,No,Yes,Partial,1/3,Not Met
"Universidad Evangélica de El Salvador,C16",SBC29381A,Student Branch Chapter,Universidad Evangélica de El Salvador,C16,16,6,Yes,0,0,0,2,No,Yes,,Yes,No,No,No,No,Met,2/3,Not Met
"Universidad Evangélica de El Salvador,RA24",SBC29381,Student Branch Chapter,Universidad Evangélica de El Salvador,RA24,14,6,Yes,1,0,0,2,No,Yes,,Yes,No,No,No,No,Met,2/3,Not Met
"Universidad Francisco de Paula Santander,COM19",SBC10591A,Student Branch Chapter,Universidad Francisco de Paula Santander,COM19,0,6,No,0,0,0,2,No,No,,No,No,No,No,No,Not Met,0/3,Not Met
"Universidad Francisco de Paula Santander,PE31",SBC10591B,Student Branch Chapter,Universidad Francisco de Paula Santander,PE31,1,6,No,0,0,0,2,No,No,,No,No,No,No,No,Not Met,0/3,Not Met
"Universidad Francisco de Paula Santander,RA24",SBC10591C,Student Branch Chapter,Universidad Francisco de Paula Santander,RA24,0,6,No,0,0,0,2,No,No,,No,No,No,No,No,Not Met,0/3,Not Met
"Universidad Francisco de Paula Santander,SP01",SBC10591D,Student Branch Chapter,Universidad Francisco de Paula Santander,SP01,0,6,No,0,0,0,2,No,No,,No,No,No,No,No,Not Met,0/3,Not Met
"Universidad Iberoamericana Ciudad de Mexico,C16",SBC06121A,Student Branch Chapter,Universidad Iberoamericana Ciudad de Mexico,C16,0,6,No,0,0,0,2,No,No,,No,No,No,No,No,Not Met,0/3,Not Met
"Universidad Iberoamericana Ciudad de Mexico,COM19",SBC06121,Student Branch Chapter,Universidad Iberoamericana Ciudad de Mexico,COM19,2,6,No,0,0,0,2,No,No,,No,No,No,No,No,Not Met,0/3,Not Met
"Universidad Iberoamericana Ciudad de Mexico,RA24",SBC06121B,Student Branch Chapter,Universidad Iberoamericana Ciudad de Mexico,RA24,1,6,No,0,0,0,2,No,No,,No,No,No,No,No,Not Met,0/3,Not Met
"Universidad Incca de Colombia, RA24",SBC034111,Student Branch Chapter,Universidad INCCA de Colombia,RA24,0,6,No,0,0,0,2,No,No,,No,No,No,No,No,Not Met,0/3,Not Met
"Universidad Indoamerica,TEM14",SBC60210971,Student Branch Chapter,Universidad Indoamerica,TEM14,4,6,No,0,0,2,2,No,Yes,,Yes,No,No,No,Yes,Met,1/3,Not Met
"Universidad Industrial de Santander,AES10",SBC10511E,Student Branch Chapter,Universidad Industrial de Santander,AES10,0,6,No,0,0,0,2,No,No,,Yes,No,No,No,No,Partial,0/3,Not Met
"Universidad Industrial de Santander,C16",SBC10511I,Student Branch Chapter,Universidad Industrial de Santander,C16,20,6,Yes,7,2,2,2,Yes,Yes,,Yes,Yes,Yes,Yes,Yes,Met,3/3,Met
"Universidad Industrial de Santander,CS23",SBC10511H,Student Branch Chapter,Universidad Industrial de Santander,CS23,6,6,Yes,0,0,2,2,No,Yes,,Yes,No,No,No,No,Met,2/3,Not Met
"Universidad Industrial de Santander,E25",SBC10511J,Student Branch Chapter,Universidad Industrial de Santander,E25,10,6,Yes,13,9,2,2,Yes,Yes,,Yes,Yes,Yes,Yes,Yes,Met,3/3,Met
"Universidad Industrial de Santander,ED15",SBC10511D,Student Branch Chapter,Universidad Industrial de Santander,ED15,22,6,Yes,2,0,3,2,No,Yes,,Yes,No,Yes,Yes,Yes,Met,2/3,Not Met
"Universidad Industrial de Santander,EMB18",SBC10511C,Student Branch Chapter,Universidad Industrial de Santander,EMB18,15,6,Yes,1,0,0,2,No,No,,Yes,Yes,Yes,Yes,Yes,Partial,1/3,Not Met
"Universidad Industrial de Santander,PE31",SBC1015A,Student Branch Chapter,Universidad Industrial de Santander,PE31,8,6,Yes,12,5,0,2,Yes,Yes,,Yes,Yes,Yes,Yes,Yes,Met,3/3,Met
"Universidad Industrial de Santander,RA24",SBC10511G,Student Branch Chapter,Universidad Industrial de Santander,RA24,5,6,No,1,1,3,2,No,Yes,,Yes,Yes,Yes,Yes,Yes,Met,1/3,Not Met
"Universidad Industrial de Santander,SP01",SBC10511,Student Branch Chapter,Universidad Industrial de Santander,SP01,8,6,Yes,0,0,0,2,No,No,,No,No,No,No,No,Not Met,1/3,Not Met
"Universidad Industrial de Santander,SSC37",SBC10511F,Student Branch Chapter,Universidad Industrial de Santander,SSC37,11,6,Yes,5,5,0,2,Yes,Yes,,Yes,No,No,Yes,Yes,Met,3/3,Met
"Universidad Internacional del Ecuador,C16",SBC15611,Student Branch Chapter,Universidad Internacional del Ecuador,C16,53,6,Yes,0,0,6,2,No,Yes,,Yes,Yes,Yes,Yes,Yes,Met,2/3,Not Met
"Universidad Internacional del Ecuador,COM19",SBC15611A,Student Branch Chapter,Universidad Internacional del Ecuador,COM19,47,6,Yes,0,0,5,2,No,Yes,,Yes,Yes,Yes,No,No,Met,2/3,Not Met
"Universidad Laica Eloy Alfaro de Manabi, C16",SBC10044C,Student Branch Chapter,Universidad Laica Eloy Alfaro de Manabi,C16,2,6,No,0,0,0,2,No,Yes,,No,No,No,No,No,Partial,0/3,Not Met
"Universidad Laica Eloy Alfaro de Manabi, IA34",SBC10044B,Student Branch Chapter,Universidad Laica Eloy Alfaro de Manabi,IA34,0,6,No,0,0,0,2,No,No,,No,No,No,No,No,Not Met,0/3,Not Met
"Universidad Laica Eloy Alfaro de Manabi, PE31",SBC10044D,Student Branch Chapter,Universidad Laica Eloy Alfaro de Manabi,PE31,0,6,No,0,0,0,2,No,No,,No,No,No,No,No,Not Met,0/3,Not Met
"Universidad Laica Eloy Alfaro de Manabi, RA24",SBC10044A,Student Branch Chapter,Universidad Laica Eloy Alfaro de Manabi,RA24,2,6,No,0,0,0,2,No,No,,No,No,No,No,No,Not Met,0/3,Not Met
"Universidad Latina de Panama,EMB18",SBC646311,Student Branch Chapter,Universidad Latina de Panama,EMB18,22,6,Yes,10,7,5,2,Yes,Yes,,Yes,Yes,Yes,Yes,No,Met,3/3,Met
"Universidad Latina de Panama,RA24",SBC646311A,Student Branch Chapter,Universidad Latina de Panama,RA24,24,6,Yes,3,3,9,2,Yes,Yes,,No,Yes,Yes,Yes,Yes,Partial,2/3,Not Met
"Universidad Libre–Barranquilla,CIS11/C16",SBC60231786,Student Branch Chapter,Universidad Libre–Barranquilla,CIS11/C16,18,6,Yes,0,0,4,2,No,Yes,,Yes,Yes,Yes,Yes,Yes,Met,2/3,Not Met
"Universidad Mayor de San Andres,C16",SBC1344E,Student Branch Chapter,Universidad Mayor de San Andres,C16,17,6,Yes,1,0,2,2,No,Yes,,Yes,Yes,Yes,Yes,Yes,Met,2/3,Not Met
"Universidad Mayor de San Andres,CAS04",SBC1344C,Student Branch Chapter,Universidad Mayor de San Andres,CAS04,35,6,Yes,18,7,1,2,Yes,Yes,,Yes,Yes,Yes,Yes,Yes,Met,3/3,Met
"Universidad Mayor de San Andres,COM19",SBC1344A,Student Branch Chapter,Universidad Mayor de San Andres,COM19,39,6,Yes,9,5,4,2,Yes,Yes,,Yes,Yes,Yes,Yes,Yes,Met,3/3,Met
"Universidad Mayor de San Andres,CS23",SBC1344B,Student Branch Chapter,Universidad Mayor de San Andres,CS23,3,6,No,2,1,0,2,No,No,,No,No,No,No,No,Not Met,0/3,Not Met
"Universidad Mayor de San Andres,EMB18",SBC1344F,Student Branch Chapter,Universidad Mayor de San Andres,EMB18,30,6,Yes,4,1,1,2,No,Yes,,Yes,Yes,Yes,Yes,Yes,Met,2/3,Not Met
"Universidad Mayor de San Andres,NANO42",SBC1344D,Student Branch Chapter,Universidad Mayor de San Andres,NANO42,22,6,Yes,1,1,0,2,No,Yes,,No,No,No,No,No,Partial,1/3,Not Met
"Universidad Mayor de San Andres,PE31",SBC13441,Student Branch Chapter,Universidad Mayor de San Andres,PE31,5,6,No,0,0,0,2,No,Yes,,Yes,No,No,No,No,Met,1/3,Not Met
"Universidad Mayor de San Andres,RA24",SBC13441C,Student Branch Chapter,Universidad Mayor de San Andres,RA24,19,6,Yes,5,1,3,2,No,Yes,,Yes,No,Yes,Yes,Yes,Met,2/3,Not Met
"Universidad Mayor de San Andres,TEM14",SBC1344G,Student Branch Chapter,Universidad Mayor de San Andres,TEM14,9,6,Yes,0,0,0,2,No,Yes,,Yes,Yes,Yes,No,Yes,Met,2/3,Not Met
"Universidad Mayor de San Simon,PE31",SBC09361,Student Branch Chapter,Universidad Mayor de San Simon,PE31,11,6,Yes,14,4,2,2,Yes,Yes,,Yes,Yes,Yes,Yes,No,Met,3/3,Met
"Universidad Nacional Abierta y a Distancia,AES10",SBC13071A,Student Branch Chapter,Universidad Nacional Abierta y a Distancia,AES10,8,6,Yes,2,2,7,2,Yes,Yes,,Yes,Yes,Yes,Yes,Yes,Met,3/3,Met
"Universidad Nacional Abierta y a Distancia,C16",SBC13071,Student Branch Chapter,Universidad Nacional Abierta y a Distancia,C16,9,6,Yes,2,2,2,2,Yes,Yes,,Yes,Yes,Yes,Yes,Yes,Met,3/3,Met
"Universidad Nacional Autonoma De Mexico, COM19",SBC05681,Student Branch Chapter,Universidad Nacional Autonoma De Mexico,COM19,11,6,Yes,14,6,0,2,Yes,Yes,,Yes,Yes,Yes,Yes,No,Met,3/3,Met
"Universidad Nacional Autonoma De Mexico, CS23",SBC05681D,Student Branch Chapter,Universidad Nacional Autonoma De Mexico,CS23,0,6,No,0,0,0,2,No,No,,No,No,No,No,No,Not Met,0/3,Not Met
"Universidad Nacional Autonoma De Mexico, EMB18",SBC0568A,Student Branch Chapter,Universidad Nacional Autonoma De Mexico,EMB18,4,6,No,3,1,0,2,No,Yes,,Yes,No,No,Yes,No,Met,1/3,Not Met
"Universidad Nacional Autonoma De Mexico, PE31",SBC0568C,Student Branch Chapter,Universidad Nacional Autonoma De Mexico,PE31,22,6,Yes,0,0,1,2,No,Yes,,Yes,Yes,Yes,Yes,Yes,Met,2/3,Not Met
"Universidad Nacional Autonoma De Mexico, RA24",SBC0568B,Student Branch Chapter,Universidad Nacional Autonoma De Mexico,RA24,5,6,No,0,0,0,2,No,Yes,,No,Yes,Yes,No,No,Partial,0/3,Not Met
"Universidad Nacional Autonoma De Mexico,AES10",SBC05681G,Student Branch Chapter,Universidad Nacional Autonoma De Mexico,AES10,44,6,Yes,10,5,2,2,Yes,Yes,,Yes,Yes,Yes,Yes,No,Met,3/3,Met
"Universidad Nacional Autonoma De Mexico,C16",SBC05681F,Student Branch Chapter,Universidad Nacional Autonoma De Mexico,C16,10,6,Yes,1,1,3,2,No,No,,Yes,No,No,No,No,Partial,1/3,Not Met
"Universidad Nacional Autonoma De Mexico,CAS04",SBC05681E,Student Branch Chapter,Universidad Nacional Autonoma De Mexico,CAS04,0,6,No,0,0,0,2,No,No,,No,No,No,No,No,Not Met,0/3,Not Met
"Universidad Nacional De Colombia Sede Bogota,AES10",SBC06431I,Student Branch Chapter,Universidad Nacional De Colombia Sede Bogota,AES10,2,6,No,0,0,0,2,No,No,,No,No,No,No,No,Not Met,0/3,Not Met
"Universidad Nacional De Colombia Sede Bogota,AP03",SBC06431G,Student Branch Chapter,Universidad Nacional De Colombia Sede Bogota,AP03,17,6,Yes,3,2,4,2,Yes,Yes,,Yes,Yes,Yes,Yes,No,Met,3/3,Met
"Universidad Nacional De Colombia Sede Bogota,C16",SBC06431F,Student Branch Chapter,Universidad Nacional De Colombia Sede Bogota,C16,4,6,No,11,5,0,2,Yes,Yes,,Yes,No,No,No,Yes,Met,2/3,Not Met
"Universidad Nacional De Colombia Sede Bogota,CAS04",SBC06431A,Student Branch Chapter,Universidad Nacional De Colombia Sede Bogota,CAS04,8,6,Yes,2,1,0,2,No,Yes,,Yes,Yes,Yes,Yes,Yes,Met,2/3,Not Met
"Universidad Nacional De Colombia Sede Bogota,COM19",SBC06431C,Student Branch Chapter,Universidad Nacional De Colombia Sede Bogota,COM19,2,6,No,0,0,0,2,No,No,,No,No,No,No,No,Not Met,0/3,Not Met
"Universidad Nacional De Colombia Sede Bogota,ED15",SBC06431J,Student Branch Chapter,Universidad Nacional De Colombia Sede Bogota,ED15,4,6,No,1,0,4,2,No,Yes,,Yes,Yes,No,No,No,Met,1/3,Not Met
"Universidad Nacional De Colombia Sede Bogota,EMB18",SBC06431E,Student Branch Chapter,Universidad Nacional De Colombia Sede Bogota,EMB18,5,6,No,2,0,0,2,No,Yes,,No,Yes,No,No,Yes,Partial,0/3,Not Met
"Universidad Nacional De Colombia Sede Bogota,IA34",SBC06431B,Student Branch Chapter,Universidad Nacional De Colombia Sede Bogota,IA34,0,6,No,0,0,0,2,No,No,,No,No,No,No,No,Not Met,0/3,Not Met
"Universidad Nacional De Colombia Sede Bogota,PE31",SBC064311,Student Branch Chapter,Universidad Nacional De Colombia Sede Bogota,PE31,5,6,No,1,0,0,2,No,Yes,,Yes,Yes,Yes,No,Yes,Met,1/3,Not Met
"Universidad Nacional De Colombia Sede Bogota,RA24",SBC06431D,Student Branch Chapter,Universidad Nacional De Colombia Sede Bogota,RA24,9,6,Yes,7,3,2,2,Yes,Yes,,Yes,Yes,Yes,Yes,Yes,Met,3/3,Met
"Universidad Nacional De Colombia Sede Bogota,TEM14",SBC06431K,Student Branch Chapter,Universidad Nacional De Colombia Sede Bogota,TEM14,6,6,Yes,4,0,0,2,No,Yes,,Yes,Yes,Yes,Yes,Yes,Met,2/3,Not Met
"Universidad Nacional De Loja,C16",SBC65231,Student Branch Chapter,Universidad Nacional De Loja,C16,34,6,Yes,0,0,3,2,No,Yes,,Yes,Yes,Yes,Yes,Yes,Met,2/3,Not Met
"Universidad Nacional De Loja,E25",SBC65231A,Student Branch Chapter,Universidad Nacional De Loja,E25,20,6,Yes,0,0,0,2,No,Yes,,Yes,Yes,Yes,Yes,Yes,Met,2/3,Not Met
"Universidad Nacional Federico Villarreal, C16",SBC64001B,Student Branch Chapter,Universidad Nacional Federico Villarreal,C16,7,6,Yes,1,1,0,2,No,No,,No,No,No,No,No,Not Met,1/3,Not Met
"Universidad Nacional Federico Villarreal, COM19",SBC640011,Student Branch Chapter,Universidad Nacional Federico Villarreal,COM19,5,6,No,0,0,0,2,No,No,,No,No,No,No,No,Not Met,0/3,Not Met
"Universidad Nacional Federico Villarreal, RA24",SBC64001A,Student Branch Chapter,Universidad Nacional Federico Villarreal,RA24,5,6,No,0,0,2,2,No,Yes,,Yes,Yes,Yes,Yes,No,Met,1/3,Not Met
"Universidad Nacional Federico Villarreal,EMB18",SBC64001D,Student Branch Chapter,Universidad Nacional Federico Villarreal,EMB18,7,6,Yes,0,0,0,2,No,No,,No,No,No,No,No,Not Met,1/3,Not Met
"Universidad Nacional Federico Villarreal,IA34",SBC64001C,Student Branch Chapter,Universidad Nacional Federico Villarreal,IA34,2,6,No,0,0,1,2,No,No,,No,No,No,No,No,Not Met,0/3,Not Met
"Universidad Nacional Jorge Basadre Grohmann,C16",SBC60045248,Student Branch Chapter,Universidad Nacional Jorge Basadre Grohmann,C16,0,6,No,0,0,0,2,No,No,,No,No,No,No,No,Not Met,0/3,Not Met
"Universidad Nacional Mayor de San Marcos,AES10",SBC03221H,Student Branch Chapter,Universidad Nacional Mayor de San Marcos,AES10,8,6,Yes,0,0,78,2,No,Yes,,No,Yes,Yes,Yes,No,Partial,1/3,Not Met
"Universidad Nacional Mayor de San Marcos,AP03",SBC03221C,Student Branch Chapter,Universidad Nacional Mayor de San Marcos,AP03,21,6,Yes,0,0,0,2,No,Yes,,No,Yes,Yes,Yes,No,Partial,1/3,Not Met
"Universidad Nacional Mayor de San Marcos,C16",SBC03221,Student Branch Chapter,Universidad Nacional Mayor de San Marcos,C16,16,6,Yes,0,0,0,2,No,Yes,,No,No,No,No,No,Partial,1/3,Not Met
"Universidad Nacional Mayor de San Marcos,CAS04",SBC03221M,Student Branch Chapter,Universidad Nacional Mayor de San Marcos,CAS04,20,6,Yes,2,0,1,2,No,Yes,,No,Yes,Yes,No,No,Partial,1/3,Not Met
"Universidad Nacional Mayor de San Marcos,CIS11",SBC03221G,Student Branch Chapter,Universidad Nacional Mayor de San Marcos,CIS11,17,6,Yes,3,3,0,2,Yes,Yes,,Yes,Yes,Yes,No,Yes,Met,3/3,Met
"Universidad Nacional Mayor de San Marcos,COM19",SBC03221A,Student Branch Chapter,Universidad Nacional Mayor de San Marcos,COM19,19,6,Yes,0,0,0,2,No,Yes,,Yes,Yes,Yes,Yes,Yes,Met,2/3,Not Met
"Universidad Nacional Mayor de San Marcos,ED15",SBC03221K,Student Branch Chapter,Universidad Nacional Mayor de San Marcos,ED15,38,6,Yes,0,0,1,2,No,Yes,,No,Yes,No,No,No,Partial,1/3,Not Met
"Universidad Nacional Mayor de San Marcos,EMB18",SBC03221E,Student Branch Chapter,Universidad Nacional Mayor de San Marcos,EMB18,31,6,Yes,42,11,16,2,Yes,Yes,,No,Yes,Yes,Yes,No,Partial,2/3,Not Met
"Universidad Nacional Mayor de San Marcos,IA34",SBC03221F,Student Branch Chapter,Universidad Nacional Mayor de San Marcos,IA34,7,6,Yes,1,1,0,2,No,Yes,,Yes,Yes,Yes,No,No,Met,2/3,Not Met
"Universidad Nacional Mayor de San Marcos,NPS05",SBC03221J,Student Branch Chapter,Universidad Nacional Mayor de San Marcos,NPS05,1,6,No,0,0,0,2,No,No,,No,No,No,No,No,Not Met,0/3,Not Met
"Universidad Nacional Mayor de San Marcos,PE31",SBC03221D,Student Branch Chapter,Universidad Nacional Mayor de San Marcos,PE31,15,6,Yes,16,12,15,2,Yes,Yes,,Yes,Yes,Yes,Yes,No,Met,3/3,Met
"Universidad Nacional Mayor de San Marcos,RA24",SBC03221B,Student Branch Chapter,Universidad Nacional Mayor de San Marcos,RA24,22,6,Yes,1,0,5,2,No,Yes,,No,Yes,Yes,Yes,Yes,Partial,1/3,Not Met
"Universidad Nacional Mayor de San Marcos,SP01",SBC03221L,Student Branch Chapter,Universidad Nacional Mayor de San Marcos,SP01,8,6,Yes,20,16,0,2,Yes,Yes,,Yes,Yes,Yes,Yes,Yes,Met,3/3,Met
"Universidad Nacional Mayor de San Marcos,TEM14",SBC03221I,Student Branch Chapter,Universidad Nacional Mayor de San Marcos,TEM14,3,6,No,0,0,0,2,No,No,,No,No,No,No,No,Not Met,0/3,Not Met
"Universidad Nacional Siglo XX Potosi,EMB18",SBC60222590,Student Branch Chapter,Universidad Nacional Siglo XX Potosi,EMB18,18,6,Yes,0,0,0,2,No,Yes,,Yes,No,No,No,No,Met,2/3,Not Met
"Universidad Nacional Tecnologica de Lima Sur, RA24",SBC08771B,Student Branch Chapter,Universidad Nacional Tecnologica de Lima Sur,RA24,5,6,No,2,1,1,2,No,Yes,,Yes,Yes,Yes,Yes,Yes,Met,1/3,Not Met
"Universidad Nacional Tecnologica de Lima Sur,AP03",SBC08771,Student Branch Chapter,Universidad Nacional Tecnologica de Lima Sur,AP03,2,6,No,0,0,0,2,No,No,,No,No,No,No,No,Not Met,0/3,Not Met
"Universidad Nacional Tecnologica de Lima Sur,C16",SBC08771G,Student Branch Chapter,Universidad Nacional Tecnologica de Lima Sur,C16,4,6,No,2,2,0,2,Yes,Yes,,Yes,Yes,Yes,Yes,No,Met,2/3,Not Met
"Universidad Nacional Tecnologica de Lima Sur,CAS04",SBC08771C,Student Branch Chapter,Universidad Nacional Tecnologica de Lima Sur,CAS04,1,6,No,0,0,0,2,No,No,,No,No,No,No,No,Not Met,0/3,Not Met
"Universidad Nacional Tecnologica de Lima Sur,COM19",SBC08771A,Student Branch Chapter,Universidad Nacional Tecnologica de Lima Sur,COM19,9,6,Yes,6,6,1,2,Yes,Yes,,Yes,Yes,Yes,Yes,Yes,Met,3/3,Met
"Universidad Nacional Tecnologica de Lima Sur,EMB18",SBC08771F,Student Branch Chapter,Universidad Nacional Tecnologica de Lima Sur,EMB18,0,6,No,0,0,0,2,No,No,,No,No,No,No,No,Not Met,0/3,Not Met
"Universidad Nacional Tecnologica de Lima Sur,IA34",SBC08771E,Student Branch Chapter,Universidad Nacional Tecnologica de Lima Sur,IA34,7,6,Yes,0,0,0,2,No,No,,No,Yes,Yes,Yes,No,Not Met,1/3,Not Met
"Universidad Nacional Tecnologica de Lima Sur,PE31",SBC08771D,Student Branch Chapter,Universidad Nacional Tecnologica de Lima Sur,PE31,4,6,No,0,0,0,2,No,Yes,,Yes,Yes,Yes,Yes,No,Met,1/3,Not Met
"Universidad Nacional de Asuncion,AES10",SBC37161F,Student Branch Chapter,Universidad Nacional de Asuncion,AES10,7,6,Yes,0,0,0,2,No,Yes,,Yes,Yes,Yes,Yes,No,Met,2/3,Not Met
"Universidad Nacional de Asuncion,C16",SBC37161E,Student Branch Chapter,Universidad Nacional de Asuncion,C16,15,6,Yes,5,1,0,2,No,Yes,,Yes,Yes,Yes,Yes,No,Met,2/3,Not Met
"Universidad Nacional de Asuncion,EMB18",SBC37161A,Student Branch Chapter,Universidad Nacional de Asuncion,EMB18,6,6,Yes,5,1,0,2,No,No,,No,Yes,No,No,No,Not Met,1/3,Not Met
"Universidad Nacional de Asuncion,IA34",SBC37161D,Student Branch Chapter,Universidad Nacional de Asuncion,IA34,6,6,Yes,3,0,0,2,No,Yes,,No,No,No,Yes,No,Partial,1/3,Not Met
"Universidad Nacional de Asuncion,PE31",SBC37161B,Student Branch Chapter,Universidad Nacional de Asuncion,PE31,3,6,No,5,0,0,2,No,Yes,,Yes,No,No,No,No,Met,1/3,Not Met
"Universidad Nacional de Asuncion,RA24",SBC37161C,Student Branch Chapter,Universidad Nacional de Asuncion,RA24,6,6,Yes,17,0,0,2,No,Yes,,Yes,Yes,Yes,Yes,No,Met,2/3,Not Met
"Universidad Nacional de Chimborazo,AP03",SBC00141,Student Branch Chapter,Universidad Nacional de Chimborazo,AP03,16,6,Yes,2,1,0,2,No,Yes,,Yes,Yes,Yes,No,Yes,Met,2/3,Not Met
"Universidad Nacional de Cordoba,C16",SBC28491,Student Branch Chapter,Universidad Nacional de Cordoba,C16,1,6,No,0,0,0,2,No,No,,No,No,No,No,No,Not Met,0/3,Not Met
"Universidad Nacional de General San Martin,C16",SBC64623,Student Branch Chapter,Universidad Nacional de General San Martin,C16,0,6,No,0,0,0,2,No,No,,No,No,No,No,No,Not Met,0/3,Not Met
"Universidad Nacional de General San Martin,COM19",SBC64623A,Student Branch Chapter,Universidad Nacional de General San Martin,COM19,0,6,No,0,0,0,2,No,No,,No,No,No,No,No,Not Met,0/3,Not Met
"Universidad Nacional de Ingenieria Lima, EMB18",SBC05821D,Student Branch Chapter,Universidad Nacional de Ingenieria Lima,EMB18,11,6,Yes,5,4,1,2,Yes,Yes,,No,Yes,Yes,Yes,No,Partial,2/3,Not Met
"Universidad Nacional de Ingenieria Lima, IA34",SBC05821F,Student Branch Chapter,Universidad Nacional de Ingenieria Lima,IA34,7,6,Yes,1,0,0,2,No,Yes,,No,Yes,Yes,Yes,No,Partial,1/3,Not Met
"Universidad Nacional de Ingenieria Lima, SP01",SBC05821C,Student Branch Chapter,Universidad Nacional de Ingenieria Lima,SP01,6,6,Yes,2,2,1,2,Yes,Yes,,No,Yes,Yes,Yes,Yes,Partial,2/3,Not Met
"Universidad Nacional de Ingenieria Lima,AES10",SBC05821J,Student Branch Chapter,Universidad Nacional de Ingenieria Lima,AES10,5,6,No,0,0,0,2,No,Yes,,No,Yes,Yes,Yes,No,Partial,0/3,Not Met
"Universidad Nacional de Ingenieria Lima,C16",SBC05821,Student Branch Chapter,Universidad Nacional de Ingenieria Lima,C16,14,6,Yes,0,0,0,2,No,No,,No,No,No,No,No,Not Met,1/3,Not Met
"Universidad Nacional de Ingenieria Lima,CAS4",SBC05821E,Student Branch Chapter,Universidad Nacional de Ingenieria Lima,CAS4,16,6,Yes,1,0,12,2,No,Yes,,Yes,Yes,Yes,Yes,No,Met,2/3,Not Met
"Universidad Nacional de Ingenieria Lima,CIS11",SBC05821K,Student Branch Chapter,Universidad Nacional de Ingenieria Lima,CIS11,10,6,Yes,0,0,0,2,No,Yes,,No,Yes,Yes,Yes,No,Partial,1/3,Not Met
"Universidad Nacional de Ingenieria Lima,COM19",SBC05821B,Student Branch Chapter,Universidad Nacional de Ingenieria Lima,COM19,9,6,Yes,2,0,0,2,No,Yes,,No,Yes,Yes,Yes,No,Partial,1/3,Not Met
"Universidad Nacional de Ingenieria Lima,PE31",SBC05821A,Student Branch Chapter,Universidad Nacional de Ingenieria Lima,PE31,28,6,Yes,24,23,3,2,Yes,Yes,,No,Yes,Yes,Yes,No,Partial,2/3,Not Met
"Universidad Nacional de Ingenieria Lima,PHO36",SBC05821I,Student Branch Chapter,Universidad Nacional de Ingenieria Lima,PHO36,0,6,No,0,0,0,2,No,No,,No,No,No,No,No,Not Met,0/3,Not Met
"Universidad Nacional de Ingenieria Lima,RA24",SBC05821H,Student Branch Chapter,Universidad Nacional de Ingenieria Lima,RA24,8,6,Yes,0,0,2,2,No,Yes,,No,Yes,Yes,No,No,Partial,1/3,Not Met
"Universidad Nacional de Ingenieria Lima,TEM14",SBC05821G,Student Branch Chapter,Universidad Nacional de Ingenieria Lima,TEM14,0,6,No,0,0,0,2,No,No,,No,No,No,No,No,Not Met,0/3,Not Met
"Universidad Nacional de Ingenieria Lima,VT06",SBC05821M,Student Branch Chapter,Universidad Nacional de Ingenieria Lima,VT06,6,6,Yes,0,0,0,2,No,No,,No,No,No,No,No,Not Met,1/3,Not Met
"Universidad Nacional de Mar del Plata,CAS04",SBC2528204,Student Branch Chapter,Universidad Nacional de Mar del Plata,CAS04,17,6,Yes,1,0,0,2,No,Yes,,Yes,Yes,Yes,Yes,Yes,Met,2/3,Not Met
"Universidad Nacional de Piura, IA34",SBC07491,Student Branch Chapter,Universidad Nacional de Piura,IA34,0,6,No,0,0,0,2,No,No,,No,No,No,No,No,Not Met,0/3,Not Met
"Universidad Nacional de Piura, RA24",SBC07491A,Student Branch Chapter,Universidad Nacional de Piura,RA24,9,6,Yes,0,0,1,2,No,Yes,,Yes,Yes,Yes,Yes,Yes,Met,2/3,Not Met
"Universidad Nacional de Rosario,C16",SBC11691,Student Branch Chapter,Universidad Nacional de Rosario,C16,0,6,No,0,0,0,2,No,No,,No,No,No,No,No,Not Met,0/3,Not Met
"Universidad Nacional de San Agustin,C16",SBC37031E,Student Branch Chapter,Universidad Nacional de San Agustin,C16,18,6,Yes,0,0,0,2,No,No,,Yes,No,No,No,No,Partial,1/3,Not Met
"Universidad Nacional de San Agustin,COM19",SBC37031,Student Branch Chapter,Universidad Nacional de San Agustin,COM19,11,6,Yes,0,0,0,2,No,Yes,,Yes,Yes,Yes,Yes,No,Met,2/3,Not Met
"Universidad Nacional de San Agustin,EMB18",SBC37031C,Student Branch Chapter,Universidad Nacional de San Agustin,EMB18,2,6,No,0,0,0,2,No,No,,No,No,No,No,No,Not Met,0/3,Not Met
"Universidad Nacional de San Agustin,MTT17",SBC37031B,Student Branch Chapter,Universidad Nacional de San Agustin,MTT17,9,6,Yes,1,1,1,2,No,Yes,,Yes,Yes,Yes,Yes,No,Met,2/3,Not Met
"Universidad Nacional de San Agustin,PE31",SBC37031A,Student Branch Chapter,Universidad Nacional de San Agustin,PE31,7,6,Yes,0,0,0,2,No,No,,No,No,No,No,No,Not Met,1/3,Not Met
"Universidad Nacional de San Agustin,RA24",SBC37031D,Student Branch Chapter,Universidad Nacional de San Agustin,RA24,8,6,Yes,0,0,0,2,No,No,,No,No,No,No,No,Not Met,1/3,Not Met
"Universidad Nacional de San Juan,EMB18",SBC13291,Student Branch Chapter,Universidad Nacional de San Juan,EMB18,9,6,Yes,3,2,1,2,Yes,Yes,,Yes,Yes,Yes,Yes,Yes,Met,3/3,Met
"Universidad Nacional de San Juan,PE31",SBC13291A,Student Branch Chapter,Universidad Nacional de San Juan,PE31,3,6,No,0,0,1,2,No,Yes,,No,No,No,No,No,Partial,0/3,Not Met
"Universidad Nacional de San Luis-FCFMyN,IA34",SBC13311,Student Branch Chapter,Universidad Nacional de San Luis-FCFMyN,IA34,3,6,No,0,0,0,2,No,No,,No,No,No,No,No,Not Met,0/3,Not Met
"Universidad Nacional de San Luis-FCFMyN,PE31",SBC13311A,Student Branch Chapter,Universidad Nacional de San Luis-FCFMyN,PE31,1,6,No,0,0,0,2,No,No,,No,No,No,No,No,Not Met,0/3,Not Met
"Universidad Nacional de Trujillo-La Libertad,AES10",SBC11523B,Student Branch Chapter,Universidad Nacional de Trujillo-La Libertad,AES10,0,6,No,0,0,0,2,No,No,,No,No,No,No,No,Not Met,0/3,Not Met
"Universidad Nacional de Trujillo-La Libertad,C16",SBC11523A,Student Branch Chapter,Universidad Nacional de Trujillo-La Libertad,C16,1,6,No,0,0,0,2,No,No,,No,No,No,No,No,Not Met,0/3,Not Met
"Universidad Nacional de Trujillo-La Libertad,RA24",SBC11523,Student Branch Chapter,Universidad Nacional de Trujillo-La Libertad,RA24,0,6,No,0,0,0,2,No,No,,No,No,No,No,No,Not Met,0/3,Not Met
"Universidad Nacional de Tucuman,C16",SBC04881A,Student Branch Chapter,Universidad Nacional de Tucuman,C16,3,6,No,0,0,0,2,No,No,,No,No,No,No,No,Not Met,0/3,Not Met
"Universidad Nacional de Tucuman,IA34",SBC04881,Student Branch Chapter,Universidad Nacional de Tucuman,IA34,1,6,No,0,0,0,2,No,No,,No,No,No,No,No,Not Met,0/3,Not Met
"Universidad Nacional de Tucuman,PE31",SBC04881C,Student Branch Chapter,Universidad Nacional de Tucuman,PE31,2,6,No,0,0,0,2,No,No,,No,No,No,No,No,Not Met,0/3,Not Met
"Universidad Nacional del Altiplano, IA34",SBC01301,Student Branch Chapter,Universidad Nacional del Altiplano,IA34,11,6,Yes,3,2,0,2,Yes,Yes,,No,Yes,Yes,Yes,No,Partial,2/3,Not Met
"Universidad Nacional del Altiplano, PE31",SBC01301B,Student Branch Chapter,Universidad Nacional del Altiplano,PE31,10,6,Yes,0,0,0,2,No,Yes,,No,Yes,No,Yes,No,Partial,1/3,Not Met
"Universidad Nacional del Altiplano, RA24",SBC01301A,Student Branch Chapter,Universidad Nacional del Altiplano,RA24,8,6,Yes,1,1,0,2,No,Yes,,No,Yes,Yes,No,No,Partial,1/3,Not Met
"Universidad Nacional del Altiplano,C16",SBC01301C,Student Branch Chapter,Universidad Nacional del Altiplano,C16,10,6,Yes,6,6,1,2,Yes,Yes,,Yes,Yes,Yes,Yes,No,Met,3/3,Met
"Universidad Nacional del Altiplano,CAS04",SBC01301D,Student Branch Chapter,Universidad Nacional del Altiplano,CAS04,10,6,Yes,0,0,0,2,No,Yes,,No,Yes,Yes,No,No,Partial,1/3,Not Met
"Universidad Nacional del Altiplano,COM19",SBC01301E,Student Branch Chapter,Universidad Nacional del Altiplano,COM19,3,6,No,0,0,0,2,No,No,,Yes,No,No,No,No,Partial,0/3,Not Met
"Universidad Nacional del Callao, C16",SBC21571C,Student Branch Chapter,Universidad Nacional del Callao,C16,0,6,No,0,0,0,2,No,No,,No,No,No,No,No,Not Met,0/3,Not Met
"Universidad Nacional del Callao, COM19",SBC21571F,Student Branch Chapter,Universidad Nacional del Callao,COM19,11,6,Yes,2,0,0,2,No,Yes,,No,Yes,Yes,Yes,Yes,Partial,1/3,Not Met
"Universidad Nacional del Callao, CS23",SBC21571D,Student Branch Chapter,Universidad Nacional del Callao,CS23,6,6,Yes,0,0,0,2,No,Yes,,Yes,Yes,Yes,Yes,Yes,Met,2/3,Not Met
"Universidad Nacional del Callao, EMB18",SBC2157E,Student Branch Chapter,Universidad Nacional del Callao,EMB18,14,6,Yes,6,2,0,2,Yes,Yes,,No,Yes,Yes,Yes,Yes,Partial,2/3,Not Met
"Universidad Nacional del Callao, IA34",SBC21571G,Student Branch Chapter,Universidad Nacional del Callao,IA34,14,6,Yes,4,2,2,2,Yes,Yes,,Yes,Yes,Yes,Yes,Yes,Met,3/3,Met
"Universidad Nacional del Callao, PE31",SBC21571,Student Branch Chapter,Universidad Nacional del Callao,PE31,18,6,Yes,7,5,3,2,Yes,Yes,,Yes,Yes,Yes,Yes,Yes,Met,3/3,Met
"Universidad Nacional del Callao,RA24",SBC2157B,Student Branch Chapter,Universidad Nacional del Callao,RA24,7,6,Yes,2,0,0,2,No,Yes,,Yes,No,Yes,Yes,Yes,Met,2/3,Not Met
"Universidad Nacional del Centro del Peru,C16",SBC16851,Student Branch Chapter,Universidad Nacional del Centro del Peru,C16,1,6,No,0,0,0,2,No,No,,No,No,No,No,No,Not Met,0/3,Not Met
"Universidad Nacional del Centro del Peru,PE31",SBC16851A,Student Branch Chapter,Universidad Nacional del Centro del Peru,PE31,9,6,Yes,0,0,0,2,No,Yes,,Yes,Yes,Yes,Yes,No,Met,2/3,Not Met
"Universidad Nacional del Sur, CAS04",SBC063611,Student Branch Chapter,Universidad Nacional del Sur,CAS04,17,6,Yes,0,0,3,2,No,Yes,,Yes,No,No,No,No,Met,2/3,Not Met
"Universidad Nacional del Sur,IA34",SBC06361C,Student Branch Chapter,Universidad Nacional del Sur,IA34,1,6,No,0,0,3,2,No,Yes,,Yes,No,No,No,No,Met,1/3,Not Met
"Universidad Nacional del Sur,PE31",SBC06361B,Student Branch Chapter,Universidad Nacional del Sur,PE31,0,6,No,0,0,0,2,No,No,,No,No,No,No,No,Not Met,0/3,Not Met
"Universidad Nacional del Sur,SP01",SBC06361A,Student Branch Chapter,Universidad Nacional del Sur,SP01,0,6,No,0,0,0,2,No,No,,No,No,No,No,No,Not Met,0/3,Not Met
"Universidad Nacional sede Manizales,IA34",SBC61301,Student Branch Chapter,Universidad Nacional sede Manizales,IA34,6,6,Yes,5,3,0,2,Yes,Yes,,Yes,Yes,Yes,Yes,No,Met,3/3,Met
"Universidad Nat'l San Antonio Abad del Cusco,AES10",SBC11731F,Student Branch Chapter,Universidad Nacional San Antonio Abad del Cusco,AES10,18,6,Yes,0,0,0,2,No,Yes,,No,Yes,Yes,Yes,Yes,Partial,1/3,Not Met
"Universidad Nat'l San Antonio Abad del Cusco,C16",SBC11731H,Student Branch Chapter,Universidad Nacional San Antonio Abad del Cusco,C16,2,6,No,0,0,0,2,No,No,,No,No,No,No,No,Not Met,0/3,Not Met
"Universidad Nat'l San Antonio Abad del Cusco,EMB18",SBC117311,Student Branch Chapter,Universidad Nacional San Antonio Abad del Cusco,EMB18,3,6,No,0,0,0,2,No,No,,No,No,No,No,No,Not Met,0/3,Not Met
"Universidad Nat'l San Antonio Abad del Cusco,IA34",SBC11731C,Student Branch Chapter,Universidad Nacional San Antonio Abad del Cusco,IA34,9,6,Yes,0,0,0,2,No,Yes,,No,No,No,No,No,Partial,1/3,Not Met
"Universidad Nat'l San Antonio Abad del Cusco,PE31",SBC11731B,Student Branch Chapter,Universidad Nacional San Antonio Abad del Cusco,PE31,23,6,Yes,13,0,0,2,No,Yes,,Yes,Yes,Yes,Yes,Yes,Met,2/3,Not Met
"Universidad Nat'l San Antonio Abad del Cusco,RA24",SBC11731A,Student Branch Chapter,Universidad Nacional San Antonio Abad del Cusco,RA24,1,6,No,0,0,0,2,No,No,,No,No,No,No,No,Not Met,0/3,Not Met
"Universidad Particular Ricardo Palma, EMB18",SBC40501,Student Branch Chapter,Universidad Particular Ricardo Palma,EMB18,1,6,No,0,0,0,2,No,No,,No,No,No,No,No,Not Met,0/3,Not Met
"Universidad Particular Ricardo Palma, IA34",SBC40501A,Student Branch Chapter,Universidad Particular Ricardo Palma,IA34,0,6,No,0,0,0,2,No,No,,No,No,No,No,No,Not Met,0/3,Not Met
"Universidad Particular Ricardo Palma, RA24",SBC405011,Student Branch Chapter,Universidad Particular Ricardo Palma,RA24,8,6,Yes,0,0,0,2,No,Yes,,Yes,Yes,Yes,Yes,No,Met,2/3,Not Met
"Universidad Particular Ricardo Palma,C16",SBC40501D,Student Branch Chapter,Universidad Particular Ricardo Palma,C16,3,6,No,2,2,0,2,Yes,Yes,,Yes,Yes,Yes,Yes,Yes,Met,2/3,Not Met
"Universidad Particular Ricardo Palma,COM19",SBC40501C,Student Branch Chapter,Universidad Particular Ricardo Palma,COM19,0,6,No,0,0,0,2,No,No,,No,No,No,No,No,Not Met,0/3,Not Met
"Universidad Particular Ricardo Palma,TEM14",SBC40501B,Student Branch Chapter,Universidad Particular Ricardo Palma,TEM14,3,6,No,0,0,0,2,No,Yes,,Yes,Yes,Yes,Yes,No,Met,1/3,Not Met
"Universidad Pedagogica Nacional, E25",SBC08221,Student Branch Chapter,Universidad Pedagogica Nacional,E25,0,6,No,0,0,0,2,No,No,,No,No,No,No,No,Not Met,0/3,Not Met
"Universidad Peruana Cayetano Heredia,EMB18",SBC11477,Student Branch Chapter,Universidad Peruana Cayetano Heredia,EMB18,5,6,No,0,0,0,2,No,No,,No,No,No,No,No,Not Met,0/3,Not Met
"Universidad Peruana de Ciencias Aplicadas,AES10",SBC60381E,Student Branch Chapter,Universidad Peruana de Ciencias Aplicadas,AES10,10,6,Yes,0,0,1,2,No,Yes,,Yes,Yes,Yes,No,No,Met,2/3,Not Met
"Universidad Peruana de Ciencias Aplicadas,C16",SBC60381,Student Branch Chapter,Universidad Peruana de Ciencias Aplicadas,C16,15,6,Yes,2,2,3,2,Yes,Yes,,Yes,Yes,Yes,Yes,No,Met,3/3,Met
"Universidad Peruana de Ciencias Aplicadas,CAS04",SBC60381F,Student Branch Chapter,Universidad Peruana de Ciencias Aplicadas,CAS04,10,6,Yes,0,0,1,2,No,Yes,,No,Yes,Yes,Yes,No,Partial,1/3,Not Met
"Universidad Peruana de Ciencias Aplicadas,CIS11",SBC60381G,Student Branch Chapter,Universidad Peruana de Ciencias Aplicadas,CIS11,5,6,No,0,0,0,2,No,No,,No,No,No,No,No,Not Met,0/3,Not Met
"Universidad Peruana de Ciencias Aplicadas,COM19",SBC60381C,Student Branch Chapter,Universidad Peruana de Ciencias Aplicadas,COM19,12,6,Yes,1,0,1,2,No,Yes,,Yes,No,Yes,Yes,Yes,Met,2/3,Not Met
"Universidad Peruana de Ciencias Aplicadas,E25",SBC60381J,Student Branch Chapter,Universidad Peruana de Ciencias Aplicadas,E25,14,6,Yes,2,2,3,2,Yes,Yes,,Yes,Yes,Yes,Yes,Yes,Met,3/3,Met
"Universidad Peruana de Ciencias Aplicadas,EMB18",SBC60381D,Student Branch Chapter,Universidad Peruana de Ciencias Aplicadas,EMB18,40,6,Yes,2,1,5,2,No,Yes,,Yes,Yes,Yes,Yes,Yes,Met,2/3,Not Met
"Universidad Peruana de Ciencias Aplicadas,IA34",SBC60381B,Student Branch Chapter,Universidad Peruana de Ciencias Aplicadas,IA34,2,6,No,0,0,0,2,No,No,,No,No,No,No,No,Not Met,0/3,Not Met
"Universidad Peruana de Ciencias Aplicadas,OE22",SBC60381H,Student Branch Chapter,Universidad Peruana de Ciencias Aplicadas,OE22,0,6,No,0,0,0,2,No,No,,No,No,No,No,No,Not Met,0/3,Not Met
"Universidad Peruana de Ciencias Aplicadas,RA24",SBC60381A,Student Branch Chapter,Universidad Peruana de Ciencias Aplicadas,RA24,23,6,Yes,0,0,4,2,No,Yes,,Yes,Yes,Yes,Yes,No,Met,2/3,Not Met
"Universidad Peruana de Ciencias Aplicadas,TEM14",SBC60381I,Student Branch Chapter,Universidad Peruana de Ciencias Aplicadas,TEM14,0,6,No,0,0,0,2,No,No,,No,No,No,No,No,Not Met,0/3,Not Met
"Universidad Politecnica Salesiana - Guayaqui,CS23",SBC02631B,Student Branch Chapter,Universidad Politecnica Salesiana-Guayaquil,CS23,0,6,No,0,0,0,2,No,No,,No,No,No,No,No,Not Met,0/3,Not Met
"Universidad Politecnica Salesiana - Guayaquil,C16",SBC02631,Student Branch Chapter,Universidad Politecnica Salesiana-Guayaquil,C16,3,6,No,0,0,0,2,No,No,,No,No,No,No,No,Not Met,0/3,Not Met
"Universidad Politecnica Salesiana - Quito,C16",SBC00751E,Student Branch Chapter,Universidad Politecnica Salesiana - Quito,C16,10,6,Yes,0,0,2,2,No,Yes,,No,No,No,No,No,Partial,1/3,Not Met
"Universidad Politecnica Salesiana - Quito,COM19",SBC00751C,Student Branch Chapter,Universidad Politecnica Salesiana - Quito,COM19,5,6,No,4,4,1,2,Yes,Yes,,No,No,No,No,No,Partial,1/3,Not Met
"Universidad Politecnica Salesiana - Quito,EMB18",SBC00751D,Student Branch Chapter,Universidad Politecnica Salesiana - Quito,EMB18,1,6,No,0,0,0,2,No,No,,No,No,No,No,No,Not Met,0/3,Not Met
"Universidad Politecnica Salesiana - Quito,PE31",SBC00751A,Student Branch Chapter,Universidad Politecnica Salesiana - Quito,PE31,5,6,No,0,0,0,2,No,Yes,,No,No,No,No,No,Partial,0/3,Not Met
"Universidad Politecnica Salesiana - Quito,RA24",SBC00751B,Student Branch Chapter,Universidad Politecnica Salesiana - Quito,RA24,5,6,No,0,0,0,2,No,Yes,,No,No,No,No,No,Partial,0/3,Not Met
"Universidad Politecnica Salesiana-Cuenca, C16",SBC65241B,Student Branch Chapter,Universidad Politecnica Salesiana-Cuenca,C16,23,6,Yes,3,2,1,2,Yes,Yes,,Yes,Yes,Yes,Yes,Yes,Met,3/3,Met
"Universidad Politecnica Salesiana-Cuenca, COM19",SBC65241D,Student Branch Chapter,Universidad Politecnica Salesiana-Cuenca,COM19,2,6,No,0,0,0,2,No,No,,No,No,No,No,No,Not Met,0/3,Not Met
"Universidad Politecnica Salesiana-Cuenca, IE13",SBC65241E,Student Branch Chapter,Universidad Politecnica Salesiana-Cuenca,IE13,15,6,Yes,1,1,0,2,No,Yes,,No,Yes,Yes,Yes,Yes,Partial,1/3,Not Met
"Universidad Politecnica Salesiana-Cuenca, PE31",SBC65241C,Student Branch Chapter,Universidad Politecnica Salesiana-Cuenca,PE31,32,6,Yes,0,0,0,2,No,No,,Yes,Yes,Yes,Yes,Yes,Partial,1/3,Not Met
"Universidad Politecnica Salesiana-Cuenca, RA24",SBC65241A,Student Branch Chapter,Universidad Politecnica Salesiana-Cuenca,RA24,17,6,Yes,0,0,0,2,No,Yes,,No,Yes,Yes,Yes,Yes,Partial,1/3,Not Met
"Universidad Politecnica Salesiana-Cuenca,CAS04",SBC65241G,Student Branch Chapter,Universidad Politecnica Salesiana-Cuenca,CAS04,15,6,Yes,0,0,0,2,No,No,,No,No,No,No,No,Not Met,1/3,Not Met
"Universidad Politecnica Salesiana-Cuenca,EMB18",SBC6524A,Student Branch Chapter,Universidad Politecnica Salesiana-Cuenca,EMB18,25,6,Yes,1,0,2,2,No,Yes,,No,Yes,Yes,Yes,Yes,Partial,1/3,Not Met
"Universidad Politecnica Salesiana-Cuenca,MTT17",SBC65241H,Student Branch Chapter,Universidad Politecnica Salesiana-Cuenca,MTT17,7,6,Yes,0,0,0,2,No,Yes,,Yes,No,No,No,No,Met,2/3,Not Met
"Universidad Politecnica Salesiana-Cuenca,TMC14",SBC65241,Student Branch Chapter,Universidad Politecnica Salesiana-Cuenca,TMC14,6,6,Yes,0,0,0,2,No,No,,No,No,No,No,No,Not Met,1/3,Not Met
"Universidad Politecnica Salesiana-Cuenca,VT06",SBC65241F,Student Branch Chapter,Universidad Politecnica Salesiana-Cuenca,VT06,5,6,No,0,0,0,2,No,Yes,,Yes,Yes,Yes,Yes,Yes,Met,1/3,Not Met
"Universidad Politecnica Salesiana-Guayaquil,COM19",SBC02631C,Student Branch Chapter,Universidad Politecnica Salesiana-Guayaquil,COM19,0,6,No,0,0,0,2,No,No,,No,No,No,No,No,Not Met,0/3,Not Met
"Universidad Politecnica Salesiana-Guayaquil,EMB18",SBC02631A,Student Branch Chapter,Universidad Politecnica Salesiana-Guayaquil,EMB18,16,6,Yes,0,0,0,2,No,No,,No,No,No,No,No,Not Met,1/3,Not Met
"Universidad Politecnica de Aguascalientes,RA24",SBC60093943,Student Branch Chapter,Universidad Politecnica de Aguascalientes,RA24,12,6,Yes,0,0,0,2,No,Yes,,Yes,No,No,No,No,Met,2/3,Not Met
"Universidad Politecnica de El Salvador,PE31",SBC30041,Student Branch Chapter,Universidad Politecnica de El Salvador,PE31,0,6,No,0,0,0,2,No,No,,No,No,No,No,No,Not Met,0/3,Not Met
"Universidad Privada Antenor Orrego, C16",SBC60031,Student Branch Chapter,Universidad Privada Antenor Orrego,C16,0,6,No,0,0,0,2,No,No,,No,No,No,No,No,Not Met,0/3,Not Met
"Universidad Privada Antenor Orrego, IA34",SBC60031C,Student Branch Chapter,Universidad Privada Antenor Orrego,IA34,0,6,No,0,0,0,2,No,No,,No,No,No,No,No,Not Met,0/3,Not Met
"Universidad Privada Antenor Orrego, PE31",SBC60031D,Student Branch Chapter,Universidad Privada Antenor Orrego,PE31,0,6,No,0,0,0,2,No,No,,No,No,No,No,No,Not Met,0/3,Not Met
"Universidad Privada Antenor Orrego, RA024",SBC6003B,Student Branch Chapter,Universidad Privada Antenor Orrego,RA024,0,6,No,0,0,0,2,No,No,,No,No,No,No,No,Not Met,0/3,Not Met
"Universidad Privada Antenor Orrego,COM19",SBC6003A,Student Branch Chapter,Universidad Privada Antenor Orrego,COM19,0,6,No,0,0,0,2,No,No,,No,No,No,No,No,Not Met,0/3,Not Met
"Universidad Privada Boliviana La Paz,C16",SBC10066,Student Branch Chapter,Universidad Privada Boliviana La Paz,C16,12,6,Yes,12,1,0,2,No,Yes,,Yes,Yes,Yes,Yes,No,Met,2/3,Not Met
"Universidad Privada Boliviana La Paz,COM19",SBC10066A,Student Branch Chapter,Universidad Privada Boliviana La Paz,COM19,10,6,Yes,1,0,1,2,No,Yes,,Yes,No,Yes,Yes,No,Met,2/3,Not Met
"Universidad Privada Boliviana,AP03",SBC06721E,Student Branch Chapter,Universidad Privada Boliviana,AP03,11,6,Yes,2,1,0,2,No,Yes,,Yes,Yes,No,Yes,Yes,Met,2/3,Not Met
"Universidad Privada Boliviana,C16",SBC06721A,Student Branch Chapter,Universidad Privada Boliviana,C16,2,6,No,0,0,0,2,No,No,,Yes,No,No,No,No,Partial,0/3,Not Met
"Universidad Privada Boliviana,COM19",SBC06721D,Student Branch Chapter,Universidad Privada Boliviana,COM19,15,6,Yes,5,2,0,2,Yes,Yes,,Yes,Yes,Yes,Yes,Yes,Met,3/3,Met
"Universidad Privada Boliviana,IA34",SBC06721C,Student Branch Chapter,Universidad Privada Boliviana,IA34,0,6,No,0,0,0,2,No,No,,No,No,No,No,No,Not Met,0/3,Not Met
"Universidad Privada Boliviana,RA24",SBC06721B,Student Branch Chapter,Universidad Privada Boliviana,RA24,4,6,No,1,0,1,2,No,Yes,,Yes,No,No,No,No,Met,1/3,Not Met
"Universidad Privada Boliviana-Santa Cruz,C16",SBC60230407A,Student Branch Chapter,Universidad Privada Boliviana-Santa Cruz,C16,20,6,Yes,1,1,0,2,No,Yes,,No,Yes,Yes,Yes,No,Partial,1/3,Not Met
"Universidad Privada Boliviana-Santa Cruz,EMB18",SBC60230407B,Student Branch Chapter,Universidad Privada Boliviana-Santa Cruz,EMB18,7,6,Yes,1,1,0,2,No,Yes,,No,Yes,Yes,No,No,Partial,1/3,Not Met
"Universidad Privada Boliviana-Santa Cruz,IA34",SBC60230407,Student Branch Chapter,Universidad Privada Boliviana-Santa Cruz,IA34,1,6,No,0,0,0,2,No,No,,No,No,No,No,No,Not Met,0/3,Not Met
"Universidad Privada Boliviana-Santa Cruz,RA24",SBC60230407C,Student Branch Chapter,Universidad Privada Boliviana-Santa Cruz,RA24,4,6,No,2,2,0,2,Yes,Yes,,Yes,Yes,Yes,No,Yes,Met,2/3,Not Met
"Universidad Privada Domingo Savio-Tarija,COM19",SBC60223120,Student Branch Chapter,Universidad Privada Domingo Savio-Tarija,COM19,9,6,Yes,0,0,0,2,No,Yes,,Yes,Yes,Yes,Yes,Yes,Met,2/3,Not Met
"Universidad Privada del Este,PE31",SBC60216322,Student Branch Chapter,Universidad Privada del Este,PE31,10,6,Yes,0,0,0,2,No,Yes,,Yes,No,Yes,Yes,Yes,Met,2/3,Not Met
"Universidad Privada del Este,RA24",SBC60216322A,Student Branch Chapter,Universidad Privada del Este,RA24,9,6,Yes,0,0,0,2,No,Yes,,Yes,Yes,Yes,Yes,Yes,Met,2/3,Not Met
"Universidad Privada del Norte-Lima Norte,C16",SBC11419C,Student Branch Chapter,Universidad Privada del Norte-Lima Norte,C16,4,6,No,2,2,0,2,Yes,Yes,,Yes,Yes,Yes,Yes,No,Met,2/3,Not Met
"Universidad Privada del Norte-Lima Norte,CAS04",SBC11419A,Student Branch Chapter,Universidad Privada del Norte-Lima Norte,CAS04,2,6,No,0,0,0,2,No,No,,No,No,No,No,No,Not Met,0/3,Not Met
"Universidad Privada del Norte-Lima Norte,COM19",SBC11419B,Student Branch Chapter,Universidad Privada del Norte-Lima Norte,COM19,1,6,No,0,0,0,2,No,No,,No,No,No,No,No,Not Met,0/3,Not Met
"Universidad Privada del Norte-Lima Norte,RA24",SBC11419,Student Branch Chapter,Universidad Privada del Norte-Lima Norte,RA24,4,6,No,0,0,0,2,No,No,,No,No,No,No,No,Not Met,0/3,Not Met
"Universidad Privada del Valle La Paz,COM19",SBC02511A,Student Branch Chapter,Universidad Privada del Valle La Paz,COM19,8,6,Yes,0,0,0,2,No,No,,No,No,No,No,No,Not Met,1/3,Not Met
"Universidad Privada del Valle La Paz,EMB18",SBC02511,Student Branch Chapter,Universidad Privada del Valle La Paz,EMB18,7,6,Yes,0,0,0,2,No,No,,No,No,No,No,No,Not Met,1/3,Not Met
"Universidad Publica de El Alto,CAS04",SBC17991A,Student Branch Chapter,Universidad Publica de El Alto,CAS04,17,6,Yes,0,0,0,2,No,Yes,,No,No,No,No,No,Partial,1/3,Not Met
"Universidad Publica de El Alto,COM19",SBC17991,Student Branch Chapter,Universidad Publica de El Alto,COM19,27,6,Yes,0,0,0,2,No,Yes,,Yes,No,No,No,No,Met,2/3,Not Met
"Universidad Publica de El Alto,PE31",SBC17991B,Student Branch Chapter,Universidad Publica de El Alto,PE31,18,6,Yes,0,0,0,2,No,Yes,,Yes,No,No,No,No,Met,2/3,Not Met
"Universidad San Francisco de Quito,AES10",SBC14971E,Student Branch Chapter,Universidad San Francisco de Quito,AES10,5,6,No,1,0,0,2,No,Yes,,Yes,Yes,Yes,Yes,Yes,Met,1/3,Not Met
"Universidad San Francisco de Quito,C16",SBC14971D,Student Branch Chapter,Universidad San Francisco de Quito,C16,51,6,Yes,4,3,3,2,Yes,Yes,,Yes,Yes,Yes,Yes,Yes,Met,3/3,Met
"Universidad San Francisco de Quito,CAS04",SBC14971C,Student Branch Chapter,Universidad San Francisco de Quito,CAS04,9,6,Yes,0,0,5,2,No,Yes,,Yes,Yes,Yes,Yes,Yes,Met,2/3,Not Met
"Universidad San Francisco de Quito,CIS11",SBC14971G,Student Branch Chapter,Universidad San Francisco de Quito,CIS11,32,6,Yes,3,2,1,2,Yes,Yes,,Yes,Yes,Yes,Yes,Yes,Met,3/3,Met
"Universidad San Francisco de Quito,ED15",SBC14971,Student Branch Chapter,Universidad San Francisco de Quito,ED15,7,6,Yes,0,0,4,2,No,Yes,,No,Yes,Yes,Yes,Yes,Partial,1/3,Not Met
"Universidad San Francisco de Quito,EMB18",SBC14971A,Student Branch Chapter,Universidad San Francisco de Quito,EMB18,4,6,No,2,0,1,2,No,Yes,,Yes,Yes,Yes,Yes,No,Met,1/3,Not Met
"Universidad San Francisco de Quito,NPS05",SBC14971F,Student Branch Chapter,Universidad San Francisco de Quito,NPS05,7,6,Yes,4,2,0,2,Yes,Yes,,No,Yes,Yes,Yes,Yes,Partial,2/3,Not Met
"Universidad San Francisco de Quito,RA24",SBC14971B,Student Branch Chapter,Universidad San Francisco de Quito,RA24,13,6,Yes,1,1,2,2,No,Yes,,Yes,Yes,Yes,Yes,Yes,Met,2/3,Not Met
"Universidad San Ignacio De Loyola,AES10",SBC17421E,Student Branch Chapter,Universidad San Ignacio De Loyola,AES10,0,6,No,0,0,0,2,No,No,,No,No,No,No,No,Not Met,0/3,Not Met
"Universidad San Ignacio De Loyola,C16",SBC17421A,Student Branch Chapter,Universidad San Ignacio De Loyola,C16,4,6,No,0,0,0,2,No,No,,No,No,No,No,No,Not Met,0/3,Not Met
"Universidad San Ignacio De Loyola,COM19",SBC17421C,Student Branch Chapter,Universidad San Ignacio De Loyola,COM19,1,6,No,0,0,0,2,No,No,,No,No,No,No,No,Not Met,0/3,Not Met
"Universidad San Ignacio De Loyola,EMB18",SBC17421B,Student Branch Chapter,Universidad San Ignacio De Loyola,EMB18,0,6,No,0,0,0,2,No,No,,No,No,No,No,No,Not Met,0/3,Not Met
"Universidad San Ignacio De Loyola,RA24",SBC17421,Student Branch Chapter,Universidad San Ignacio De Loyola,RA24,1,6,No,0,0,0,2,No,No,,No,No,No,No,No,Not Met,0/3,Not Met
"Universidad San Ignacio De Loyola,TEM14",SBC17421F,Student Branch Chapter,Universidad San Ignacio De Loyola,TEM14,4,6,No,0,0,0,2,No,Yes,,Yes,No,No,No,No,Met,1/3,Not Met
"Universidad San Sebastian,COM19,C16",SBC60209602,Student Branch Chapter,Universidad San Sebastian,"COM19,C16",0,6,No,0,0,0,2,No,No,,No,No,No,No,No,Not Met,0/3,Not Met
"Universidad Santiago de Cali,C16",SBC64461,Student Branch Chapter,Universidad Santiago de Cali,C16,7,6,Yes,3,2,0,2,Yes,Yes,,No,No,Yes,No,No,Partial,2/3,Not Met
"Universidad Santiago de Cali,EMB18",SBC64461B,Student Branch Chapter,Universidad Santiago de Cali,EMB18,8,6,Yes,4,2,0,2,Yes,Yes,,Yes,Yes,Yes,Yes,Yes,Met,3/3,Met
"Universidad Santiago de Cali,RA24",SBC64461A,Student Branch Chapter,Universidad Santiago de Cali,RA24,7,6,Yes,5,2,0,2,Yes,Yes,,Yes,Yes,No,Yes,Yes,Met,3/3,Met
"Universidad Santiago de Cali,SP01",SBC64461C,Student Branch Chapter,Universidad Santiago de Cali,SP01,6,6,Yes,2,1,0,2,No,No,,No,No,No,No,No,Not Met,1/3,Not Met
"Universidad Santo Tomas - Tunja, AES10",SBC04081C,Student Branch Chapter,Universidad Santo Tomas - Tunja,AES10,6,6,Yes,1,1,2,2,No,Yes,,No,No,No,No,No,Partial,1/3,Not Met
"Universidad Santo Tomas - Tunja, ED15",SBC04081A,Student Branch Chapter,Universidad Santo Tomas - Tunja,ED15,8,6,Yes,0,0,0,2,No,No,,No,No,No,No,No,Not Met,1/3,Not Met
"Universidad Santo Tomas - Tunja, RA24",SBC04081B,Student Branch Chapter,Universidad Santo Tomas - Tunja,RA24,9,6,Yes,0,0,0,2,No,Yes,,Yes,No,No,No,No,Met,2/3,Not Met
"Universidad Santo Tomas-Bucaramanga,COM19",SBC60232106A,Student Branch Chapter,Universidad Santo Tomas-Bucaramanga,COM19,14,6,Yes,5,2,0,2,Yes,Yes,,Yes,Yes,Yes,No,No,Met,3/3,Met
"Universidad Santo Tomas-Bucaramanga,RA24",SBC60232106,Student Branch Chapter,Universidad Santo Tomas-Bucaramanga,RA24,16,6,Yes,5,2,0,2,Yes,Yes,,Yes,Yes,Yes,Yes,No,Met,3/3,Met
"Universidad Senor de Sipan,COM19",SBC662611,Student Branch Chapter,Universidad Senor de Sipan,COM19,0,6,No,0,0,0,2,No,No,,No,No,No,No,No,Not Met,0/3,Not Met
"Universidad Sergio Arboleda,EMB18/RA24",SBC01201,Student Branch Chapter,Universidad Sergio Arboleda,EMB18/RA24,0,6,No,0,0,0,2,No,No,,No,No,No,No,No,Not Met,0/3,Not Met
"Universidad Simon Bolivar,C16",SBC60043388,Student Branch Chapter,Universidad Simon Bolivar,C16,20,6,Yes,10,3,2,2,Yes,Yes,,No,Yes,No,Yes,Yes,Partial,2/3,Not Met
"Universidad Simon Bolivar,CIS11",SBC60043388B,Student Branch Chapter,Universidad Simon Bolivar,CIS11,14,6,Yes,11,6,1,2,Yes,Yes,,No,Yes,Yes,Yes,Yes,Partial,2/3,Not Met
"Universidad Simon Bolivar,ED15",SBC60043388F,Student Branch Chapter,Universidad Simon Bolivar,ED15,9,6,Yes,2,2,2,2,Yes,Yes,,Yes,Yes,No,Yes,Yes,Met,3/3,Met
"Universidad Simon Bolivar,EMB18",SBC60043388E,Student Branch Chapter,Universidad Simon Bolivar,EMB18,9,6,Yes,2,1,0,2,No,No,,No,No,No,No,No,Not Met,1/3,Not Met
"Universidad Simon Bolivar,NPS05",SBC60043388D,Student Branch Chapter,Universidad Simon Bolivar,NPS05,3,6,No,1,1,0,2,No,Yes,,No,No,No,Yes,No,Partial,0/3,Not Met
"Universidad Simon Bolivar,RA24",SBC60043388A,Student Branch Chapter,Universidad Simon Bolivar,RA24,5,6,No,3,2,1,2,Yes,No,,No,No,No,No,No,Not Met,1/3,Not Met
"Universidad Simon Bolivar,SIT30",SBC60043388C,Student Branch Chapter,Universidad Simon Bolivar,SIT30,4,6,No,1,1,0,2,No,Yes,,No,No,No,Yes,Yes,Partial,0/3,Not Met
"Universidad Surcolombiana, CS23",SBC16735A,Student Branch Chapter,Universidad Surcolombiana,CS23,0,6,No,0,0,0,2,No,No,,No,No,No,No,No,Not Met,0/3,Not Met
"Universidad Surcolombiana, RA24",SBC16735,Student Branch Chapter,Universidad Surcolombiana,RA24,8,6,Yes,12,12,0,2,Yes,Yes,,No,Yes,Yes,Yes,Yes,Partial,2/3,Not Met
"Universidad Surcolombiana,PE31",SBC16735B,Student Branch Chapter,Universidad Surcolombiana,PE31,16,6,Yes,1,0,11,2,No,Yes,,Yes,Yes,Yes,Yes,Yes,Met,2/3,Not Met
"Universidad Tec Milenio Campus Las Torres, RA24",SBC10021,Student Branch Chapter,Universidad Tec Milenio Campus Las Torres,RA24,1,6,No,0,0,0,2,No,No,,No,No,No,No,No,Not Met,0/3,Not Met
"Universidad Tecnica Del Norte, COM19",SBC65891A,Student Branch Chapter,Universidad Tecnica del Norte,COM19,67,6,Yes,1,0,2,2,No,Yes,,Yes,Yes,Yes,Yes,No,Met,2/3,Not Met
"Universidad Tecnica Estatal de Quevedo,PE31",SBC60216631,Student Branch Chapter,Universidad Tecnica Estatal de Quevedo,PE31,19,6,Yes,1,1,0,2,No,Yes,,Yes,Yes,Yes,Yes,No,Met,2/3,Not Met
"Universidad Tecnica Estatal de Quevedo,RA24",SBC60216631A,Student Branch Chapter,Universidad Tecnica Estatal de Quevedo,RA24,15,6,Yes,1,1,0,2,No,Yes,,Yes,Yes,Yes,Yes,No,Met,2/3,Not Met
"Universidad Tecnica Estatal de Quevedo,TEM14",SBC60216631B,Student Branch Chapter,Universidad Tecnica Estatal de Quevedo,TEM14,11,6,Yes,0,0,0,2,No,Yes,,Yes,Yes,Yes,Yes,Yes,Met,2/3,Not Met
"Universidad Tecnica Particular de Loja, PE31",SBC6371C,Student Branch Chapter,Universidad Tecnica Particular de Loja,PE31,0,6,No,0,0,0,2,No,No,,No,No,No,No,No,Not Met,0/3,Not Met
"Universidad Tecnica Particular de Loja,C16",SBC63711,Student Branch Chapter,Universidad Tecnica Particular de Loja,C16,0,6,No,0,0,0,2,No,No,,No,No,No,No,No,Not Met,0/3,Not Met
"Universidad Tecnica Particular de Loja,COM19",SBC6371A,Student Branch Chapter,Universidad Tecnica Particular de Loja,COM19,0,6,No,0,0,0,2,No,No,,No,No,No,No,No,Not Met,0/3,Not Met
"Universidad Tecnica Particular de Loja,RA24",SBC6371B,Student Branch Chapter,Universidad Tecnica Particular de Loja,RA24,0,6,No,0,0,0,2,No,No,,No,No,No,No,No,Not Met,0/3,Not Met
"Universidad Tecnica de Ambato,C16",SBC65711,Student Branch Chapter,Universidad Tecnica de Ambato,C16,0,6,No,0,0,0,2,No,No,,No,No,No,No,No,Not Met,0/3,Not Met
"Universidad Tecnica de Cotopaxi,PE31",SBC14005,Student Branch Chapter,Universidad Tecnica de Cotopaxi,PE31,0,6,No,0,0,0,2,No,No,,No,No,No,No,No,Not Met,0/3,Not Met
"Universidad Tecnica de Cotopaxi,RA24",SBC14005A,Student Branch Chapter,Universidad Tecnica de Cotopaxi,RA24,0,6,No,0,0,0,2,No,No,,No,No,No,No,No,Not Met,0/3,Not Met
"Universidad Tecnica del Norte, C16",SBC65891C,Student Branch Chapter,Universidad Tecnica del Norte,C16,70,6,Yes,10,2,4,2,Yes,Yes,,Yes,Yes,Yes,Yes,Yes,Met,3/3,Met
"Universidad Tecnica del Norte, EMB18",SBC65891B,Student Branch Chapter,Universidad Tecnica del Norte,EMB18,42,6,Yes,4,1,7,2,No,Yes,,Yes,Yes,Yes,No,Yes,Met,2/3,Not Met
"Universidad Tecnica del Norte, RA24",SBC65891,Student Branch Chapter,Universidad Tecnica del Norte,RA24,6,6,Yes,1,1,0,2,No,Yes,,Yes,No,No,No,No,Met,2/3,Not Met
"Universidad Tecnica del Norte,GRS29",SBC65891E,Student Branch Chapter,Universidad Tecnica del Norte,GRS29,25,6,Yes,2,1,2,2,No,Yes,,Yes,Yes,Yes,Yes,Yes,Met,2/3,Not Met
"Universidad Tecnica del Norte,PE31",SBC65891D,Student Branch Chapter,Universidad Tecnica del Norte,PE31,10,6,Yes,2,0,3,2,No,Yes,,Yes,Yes,Yes,No,Yes,Met,2/3,Not Met
"Universidad Tecnica del Norte,VT06",SBC65891F,Student Branch Chapter,Universidad Tecnica del Norte,VT06,10,6,Yes,0,0,0,2,No,Yes,,Yes,No,No,No,No,Met,2/3,Not Met
"Universidad Tecnologica De Bolivar,AES10",SBC13761G,Student Branch Chapter,Universidad Tecnologica De Bolivar,AES10,22,6,Yes,6,1,4,2,No,Yes,,Yes,Yes,Yes,Yes,Yes,Met,2/3,Not Met
"Universidad Tecnologica De Bolivar,C16/CIS11",SBC13761D,Student Branch Chapter,Universidad Tecnologica De Bolivar,C16/CIS11,32,6,Yes,5,3,4,2,Yes,Yes,,Yes,Yes,Yes,Yes,Yes,Met,3/3,Met
"Universidad Tecnologica De Bolivar,CAS04",SBC13761H,Student Branch Chapter,Universidad Tecnologica De Bolivar,CAS04,30,6,Yes,7,4,3,2,Yes,Yes,,Yes,Yes,Yes,Yes,Yes,Met,3/3,Met
"Universidad Tecnologica De Bolivar,ED15",SBC13761A,Student Branch Chapter,Universidad Tecnologica De Bolivar,ED15,1,6,No,0,0,0,2,No,No,,No,No,No,No,No,Not Met,0/3,Not Met
"Universidad Tecnologica De Bolivar,EMB18",SBC13761F,Student Branch Chapter,Universidad Tecnologica De Bolivar,EMB18,36,6,Yes,10,3,2,2,Yes,Yes,,Yes,Yes,Yes,Yes,Yes,Met,3/3,Met
"Universidad Tecnologica De Bolivar,PE31",SBC13761C,Student Branch Chapter,Universidad Tecnologica De Bolivar,PE31,12,6,Yes,4,2,2,2,Yes,Yes,,No,Yes,Yes,No,Yes,Partial,2/3,Not Met
"Universidad Tecnologica De Bolivar,RA24",SBC13761B,Student Branch Chapter,Universidad Tecnologica De Bolivar,RA24,21,6,Yes,15,4,3,2,Yes,Yes,,No,Yes,Yes,Yes,Yes,Partial,2/3,Not Met
"Universidad Tecnologica De Bolivar,TEM14",SBC13761E,Student Branch Chapter,Universidad Tecnologica De Bolivar,TEM14,22,6,Yes,1,0,2,2,No,Yes,,Yes,No,Yes,No,No,Met,2/3,Not Met
"Universidad Tecnologica La Salle,ED15",SBC16151,Student Branch Chapter,Universidad Tecnologica La Salle,ED15,0,6,No,0,0,0,2,No,No,,No,No,No,No,No,Not Met,0/3,Not Met
"Universidad Tecnologica Nacional-Buenos Aires,C16",SBC059111,Student Branch Chapter,Universidad Tecnologica Nacional-Buenos Aires,C16,0,6,No,0,0,0,2,No,No,,No,No,No,No,No,Not Met,0/3,Not Met
"Universidad Tecnologica Nacional-Buenos Aires,IA34",SBC05911A,Student Branch Chapter,Universidad Tecnologica Nacional-Buenos Aires,IA34,2,6,No,0,0,0,2,No,No,,No,No,No,No,No,Not Met,0/3,Not Met
"Universidad Tecnologica Nacional-Tucuman,RA24",SBC64626,Student Branch Chapter,Universidad Tecnologica Nacional-Tucuman,RA24,0,6,No,0,0,0,2,No,No,,No,No,No,No,No,Not Met,0/3,Not Met
"Universidad Tecnologica de Campeche,PE31",SBC18881,Student Branch Chapter,Universidad Tecnologica de Campeche,PE31,10,6,Yes,0,0,0,2,No,Yes,,No,Yes,No,No,No,Partial,1/3,Not Met
"Universidad Tecnologica de Campeche,RA24",SBC18881A,Student Branch Chapter,Universidad Tecnologica de Campeche,RA24,16,6,Yes,0,0,0,2,No,Yes,,Yes,Yes,Yes,Yes,Yes,Met,2/3,Not Met
"Universidad Tecnologica de Panama,CAS04",SBC91021H,Student Branch Chapter,Universidad Tecnologica de Panama,CAS04,22,6,Yes,4,1,3,2,No,Yes,,Yes,Yes,Yes,Yes,Yes,Met,2/3,Not Met
"Universidad Tecnologica de Panama,CIS11",SBC91021E,Student Branch Chapter,Universidad Tecnologica de Panama,CIS11,9,6,Yes,2,0,0,2,No,Yes,,Yes,No,No,Yes,No,Met,2/3,Not Met
"Universidad Tecnologica de Panama,COM19",SBC91021A,Student Branch Chapter,Universidad Tecnologica de Panama,COM19,34,6,Yes,13,3,0,2,Yes,Yes,,Yes,Yes,Yes,Yes,Yes,Met,3/3,Met
"Universidad Tecnologica de Panama,EMB18",SBC91021G,Student Branch Chapter,Universidad Tecnologica de Panama,EMB18,8,6,Yes,2,0,1,2,No,No,,No,No,No,No,No,Not Met,1/3,Not Met
"Universidad Tecnologica de Panama,IA34",SBC91021B,Student Branch Chapter,Universidad Tecnologica de Panama,IA34,39,6,Yes,6,2,0,2,Yes,Yes,,Yes,Yes,Yes,Yes,Yes,Met,3/3,Met
"Universidad Tecnologica de Panama,PE31",SBC91021,Student Branch Chapter,Universidad Tecnologica de Panama,PE31,59,6,Yes,2,0,0,2,No,Yes,,Yes,Yes,Yes,Yes,Yes,Met,2/3,Not Met
"Universidad Tecnologica de Panama,TEM014",SBC91021F,Student Branch Chapter,Universidad Tecnologica de Panama,TEM014,12,6,Yes,3,0,0,2,No,Yes,,Yes,Yes,Yes,Yes,Yes,Met,2/3,Not Met
"Universidad Tecnologica de Pereira, PE31",SBC17431,Student Branch Chapter,Universidad Tecnologica de Pereira,PE31,2,6,No,0,0,0,2,No,No,,No,No,No,No,No,Not Met,0/3,Not Met
"Universidad Tecnologica de Pereira, PEL35",SBC17431A,Student Branch Chapter,Universidad Tecnologica de Pereira,PEL35,5,6,No,0,0,0,2,No,No,,No,No,No,No,No,Not Met,0/3,Not Met
"Universidad Tecnologica de Pereira,AES10",SBC17431E,Student Branch Chapter,Universidad Tecnologica de Pereira,AES10,0,6,No,0,0,0,2,No,No,,No,No,No,No,No,Not Met,0/3,Not Met
"Universidad Tecnologica de Pereira,CAS04",SBC17431F,Student Branch Chapter,Universidad Tecnologica de Pereira,CAS04,11,6,Yes,2,2,0,2,Yes,Yes,,Yes,Yes,Yes,Yes,No,Met,3/3,Met
"Universidad Tecnologica de Pereira,IA34",SBC17431C,Student Branch Chapter,Universidad Tecnologica de Pereira,IA34,0,6,No,0,0,0,2,No,No,,No,No,No,No,No,Not Met,0/3,Not Met
"Universidad Tecnologica de Pereira,RA24",SBC17431D,Student Branch Chapter,Universidad Tecnologica de Pereira,RA24,1,6,No,0,0,0,2,No,No,,No,No,No,No,No,Not Met,0/3,Not Met
"Universidad Tecnologica del Peru, C16",SBC63761C,Student Branch Chapter,Universidad Tecnologica del Peru,C16,13,6,Yes,2,2,0,2,Yes,Yes,,Yes,Yes,Yes,Yes,Yes,Met,3/3,Met
"Universidad Tecnologica del Peru, COM19",SBC63761,Student Branch Chapter,Universidad Tecnologica del Peru,COM19,4,6,No,0,0,0,2,No,No,,No,No,No,No,No,Not Met,0/3,Not Met
"Universidad Tecnologica del Peru, EMB18",SBC63761E,Student Branch Chapter,Universidad Tecnologica del Peru,EMB18,20,6,Yes,23,10,1,2,Yes,Yes,,Yes,Yes,Yes,Yes,No,Met,3/3,Met
"Universidad Tecnologica del Peru, IA34",SBC63761B,Student Branch Chapter,Universidad Tecnologica del Peru,IA34,4,6,No,0,0,0,2,No,No,,No,No,No,No,No,Not Met,0/3,Not Met
"Universidad Tecnologica del Peru, PE31",SBC63761D,Student Branch Chapter,Universidad Tecnologica del Peru,PE31,6,6,Yes,19,18,0,2,Yes,Yes,,Yes,Yes,Yes,Yes,No,Met,3/3,Met
"Universidad Tecnologica del Peru, RA24",SBC63761A,Student Branch Chapter,Universidad Tecnologica del Peru,RA24,16,6,Yes,5,3,10,2,Yes,Yes,,No,Yes,Yes,Yes,No,Partial,2/3,Not Met
"Universidad Tecnológica del Uruguay,COM19",SBC60216685A,Student Branch Chapter,Universidad Tecnológica del Uruguay,COM19,13,6,Yes,0,0,1,2,No,Yes,,Yes,No,No,No,No,Met,2/3,Not Met
"Universidad Tecnológica del Uruguay,EMB18",SBC60216685,Student Branch Chapter,Universidad Tecnológica del Uruguay,EMB18,11,6,Yes,1,1,0,2,No,Yes,,Yes,No,No,No,No,Met,2/3,Not Met
"Universidad Veracruzana - FIME,ED15",SBC01022A,Student Branch Chapter,Universidad Veracruzana - FIME,ED15,35,6,Yes,0,0,0,2,No,Yes,,Yes,Yes,Yes,Yes,No,Met,2/3,Not Met
"Universidad Veracruzana - FIME,PE31",SBC01022,Student Branch Chapter,Universidad Veracruzana - FIME,PE31,38,6,Yes,0,0,0,2,No,Yes,,Yes,Yes,Yes,Yes,No,Met,2/3,Not Met
"Universidad Veracruzana FIE,AES10",SBC60191B,Student Branch Chapter,Universidad Veracruzana FIE,AES10,10,6,Yes,0,0,0,2,No,Yes,,Yes,No,No,No,No,Met,2/3,Not Met
"Universidad Veracruzana FIE,EMB18",SBC60191A,Student Branch Chapter,Universidad Veracruzana FIE,EMB18,24,6,Yes,0,0,0,2,No,No,,Yes,No,No,No,No,Partial,1/3,Not Met
"Universidad Veracruzana FIE,RA24",SBC60191,Student Branch Chapter,Universidad Veracruzana FIE,RA24,33,6,Yes,0,0,0,2,No,Yes,,No,No,No,No,No,Partial,1/3,Not Met
"Universidad Veracruzana Ing Boca del Rio, CS23",SBC65671,Student Branch Chapter,Universidad Veracruzana Ing Boca del Rio,CS23,0,6,No,1,1,0,2,No,No,,No,No,No,No,No,Not Met,0/3,Not Met
"Universidad Veracruzana Ing Boca del Rio, ED15",SBC65671B,Student Branch Chapter,Universidad Veracruzana Ing Boca del Rio,ED15,8,6,Yes,0,0,1,2,No,Yes,,Yes,Yes,Yes,Yes,No,Met,2/3,Not Met
"Universidad Veracruzana Ing Boca del Rio, RA24",SBC65671A,Student Branch Chapter,Universidad Veracruzana Ing Boca del Rio,RA24,34,6,Yes,10,9,3,2,Yes,Yes,,Yes,Yes,Yes,Yes,Yes,Met,3/3,Met
"Universidad Veracruzana Ing Boca del Rio, SMC28",SBC65671C,Student Branch Chapter,Universidad Veracruzana Ing Boca del Rio,SMC28,0,6,No,0,0,0,2,No,No,,No,No,No,No,No,Not Met,0/3,Not Met
"Universidad Veracruzana Ing Boca del Rio,C16",SBC65671E,Student Branch Chapter,Universidad Veracruzana Ing Boca del Rio,C16,32,6,Yes,6,5,2,2,Yes,Yes,,Yes,Yes,Yes,Yes,Yes,Met,3/3,Met
"Universidad Veracruzana Ing Boca del Rio,PE31",SBC65671D,Student Branch Chapter,Universidad Veracruzana Ing Boca del Rio,PE31,2,6,No,0,0,0,2,No,No,,No,No,No,No,No,Not Met,0/3,Not Met
"Universidad Veracruzana Ing Boca del Rio,TEM14",SBC65671F,Student Branch Chapter,Universidad Veracruzana Ing Boca del Rio,TEM14,21,6,Yes,1,1,2,2,No,Yes,,Yes,Yes,Yes,Yes,Yes,Met,2/3,Not Met
"Universidad Veracruzana Ing Boca del Rio,VT06",SBC65671G,Student Branch Chapter,Universidad Veracruzana Ing Boca del Rio,VT06,22,6,Yes,0,0,0,2,No,Yes,,Yes,Yes,Yes,Yes,Yes,Met,2/3,Not Met
"Universidad Veracruzana Microna,ED15",SBC29161,Student Branch Chapter,Universidad Veracruzana Microna,ED15,1,6,No,0,0,1,2,No,No,,Yes,No,No,No,No,Partial,0/3,Not Met
"Universidad Veracruzana Sede Coatzacoalcos,ED15",SBC11411A,Student Branch Chapter,Universidad Veracruzana Sede Coatzacoalcos,ED15,0,6,No,0,0,0,2,No,No,,No,No,No,No,No,Not Met,0/3,Not Met
"Universidad Veracruzana Sede Coatzacoalcos,PE31",SBC11411,Student Branch Chapter,Universidad Veracruzana Sede Coatzacoalcos,PE31,0,6,No,0,0,0,2,No,No,,No,No,No,No,No,Not Met,0/3,Not Met
"Universidad Veracruzana-LSCA,C16",SBC60221827,Student Branch Chapter,Universidad Veracruzana-LSCA,C16,6,6,Yes,0,0,0,2,No,Yes,,Yes,Yes,No,No,Yes,Met,2/3,Not Met
"Universidad de Antioquia, PE31",SBC14361A,Student Branch Chapter,Universidad de Antioquia,PE31,0,6,No,0,0,0,2,No,No,,No,No,No,No,No,Not Met,0/3,Not Met
"Universidad de Antofagasta,PE31",SBC28261,Student Branch Chapter,Universidad de Antofagasta,PE31,7,6,Yes,1,1,0,2,No,Yes,,No,No,No,No,No,Partial,1/3,Not Met
"Universidad de Antofagasta,RA24",SBC28261A,Student Branch Chapter,Universidad de Antofagasta,RA24,7,6,Yes,0,0,0,2,No,Yes,,No,No,No,No,No,Partial,1/3,Not Met
"Universidad de Buenos Aires,C16",SBC00231A,Student Branch Chapter,Universidad de Buenos Aires,C16,3,6,No,0,0,0,2,No,No,,No,No,No,No,No,Not Met,0/3,Not Met
"Universidad de Buenos Aires,CAS04",SBC00321B,Student Branch Chapter,Universidad de Buenos Aires,CAS04,1,6,No,0,0,0,2,No,No,,No,No,No,No,No,Not Met,0/3,Not Met
"Universidad de Buenos Aires,COM19",SBC00321D,Student Branch Chapter,Universidad de Buenos Aires,COM19,7,6,Yes,1,1,2,2,No,Yes,,Yes,Yes,No,No,Yes,Met,2/3,Not Met
"Universidad de Buenos Aires,CS23",SBC00231,Student Branch Chapter,Universidad de Buenos Aires,CS23,0,6,No,0,0,0,2,No,No,,No,No,No,No,No,Not Met,0/3,Not Met
"Universidad de Buenos Aires,PHO36",SBC00321C,Student Branch Chapter,Universidad de Buenos Aires,PHO36,8,6,Yes,3,3,2,2,Yes,Yes,,Yes,Yes,Yes,Yes,No,Met,3/3,Met
"Universidad de Buenos Aires,RA24",SBC00321E,Student Branch Chapter,Universidad de Buenos Aires,RA24,8,6,Yes,0,0,0,2,No,Yes,,Yes,Yes,Yes,Yes,Yes,Met,2/3,Not Met
"Universidad de Ciencias y Humanidades, RA24",SBC18351,Student Branch Chapter,Universidad de Ciencias y Humanidades,RA24,0,6,No,0,0,0,2,No,No,,No,No,No,No,No,Not Met,0/3,Not Met
"Universidad de Colima - Sede Manzanillo,COM19",SBC66251C,Student Branch Chapter,Universidad de Colima - Sede Manzanillo,COM19,0,6,No,0,0,0,2,No,No,,No,No,No,No,No,Not Met,0/3,Not Met
"Universidad de Costa Rica, EMB18",SBC11121B,Student Branch Chapter,Universidad de Costa Rica,EMB18,5,6,No,0,0,0,2,No,No,,No,No,No,No,No,Not Met,0/3,Not Met
"Universidad de Costa Rica, PE31",SBC11121A,Student Branch Chapter,Universidad de Costa Rica,PE31,10,6,Yes,0,0,0,2,No,Yes,,Yes,Yes,Yes,Yes,Yes,Met,2/3,Not Met
"Universidad de Costa Rica,AES10",SBC11121E,Student Branch Chapter,Universidad de Costa Rica,AES10,4,6,No,2,2,0,2,Yes,Yes,,Yes,No,Yes,No,No,Met,2/3,Not Met
"Universidad de Costa Rica,C16",SBC11121C,Student Branch Chapter,Universidad de Costa Rica,C16,4,6,No,0,0,0,2,No,No,,No,No,No,No,No,Not Met,0/3,Not Met
"Universidad de Costa Rica,NPS05",SBC11121D,Student Branch Chapter,Universidad de Costa Rica,NPS05,3,6,No,1,1,0,2,No,Yes,,No,Yes,Yes,No,No,Partial,0/3,Not Met
"Universidad de Cuenca,C16",SBC86091A,Student Branch Chapter,Universidad de Cuenca,C16,1,6,No,0,0,0,2,No,No,,No,No,No,No,No,Not Met,0/3,Not Met
"Universidad de Cuenca,PE31",SBC86091,Student Branch Chapter,Universidad de Cuenca,PE31,0,6,No,0,0,0,2,No,No,,No,No,No,No,No,Not Met,0/3,Not Met
"Universidad de Guadalajara,C16",SBC05521F,Student Branch Chapter,Universidad de Guadalajara,C16,12,6,Yes,0,0,0,2,No,Yes,,Yes,No,No,No,No,Met,2/3,Not Met
"Universidad de Guadalajara,CAS04",SBC05521A,Student Branch Chapter,Universidad de Guadalajara,CAS04,19,6,Yes,3,2,0,2,Yes,Yes,,Yes,Yes,Yes,Yes,Yes,Met,3/3,Met
"Universidad de Guadalajara,EMB18",SBC05521,Student Branch Chapter,Universidad de Guadalajara,EMB18,10,6,Yes,4,2,0,2,Yes,Yes,,Yes,Yes,Yes,Yes,Yes,Met,3/3,Met
"Universidad de Guadalajara,GRS29",SBC05521B,Student Branch Chapter,Universidad de Guadalajara,GRS29,3,6,No,2,0,2,2,No,Yes,,Yes,Yes,Yes,Yes,Yes,Met,1/3,Not Met
"Universidad de Guadalajara,IE13",SBC05521E,Student Branch Chapter,Universidad de Guadalajara,IE13,16,6,Yes,2,2,0,2,Yes,Yes,,Yes,Yes,Yes,Yes,No,Met,3/3,Met
"Universidad de Guadalajara,PHO36",SBC05521C,Student Branch Chapter,Universidad de Guadalajara,PHO36,14,6,Yes,5,2,0,2,Yes,Yes,,Yes,Yes,Yes,Yes,No,Met,3/3,Met
"Universidad de Guadalajara,RA24",SBC05521D,Student Branch Chapter,Universidad de Guadalajara,RA24,9,6,Yes,4,1,1,2,No,Yes,,Yes,Yes,Yes,Yes,Yes,Met,2/3,Not Met
"Universidad de Guadalajara-Valles,AES10",SBC11553C,Student Branch Chapter,Universidad de Guadalajara-Valles,AES10,0,6,No,0,0,0,2,No,No,,No,No,No,No,No,Not Met,0/3,Not Met
"Universidad de Guadalajara-Valles,EMB18",SBC11553B,Student Branch Chapter,Universidad de Guadalajara-Valles,EMB18,2,6,No,2,0,0,2,No,No,,Yes,No,No,No,No,Partial,0/3,Not Met
"Universidad de Guadalajara-Valles,IE13",SBC11553,Student Branch Chapter,Universidad de Guadalajara-Valles,IE13,0,6,No,0,0,0,2,No,No,,No,No,No,No,No,Not Met,0/3,Not Met
"Universidad de Guadalajara-Valles,RA24",SBC11553A,Student Branch Chapter,Universidad de Guadalajara-Valles,RA24,0,6,No,0,0,0,2,No,No,,No,No,No,No,No,Not Met,0/3,Not Met
"Universidad de Guanajuato,C16",SBC1513C,Student Branch Chapter,Universidad de Guanajuato,C16,1,6,No,0,0,0,2,No,No,,No,No,No,No,No,Not Met,0/3,Not Met
"Universidad de Guanajuato,COM19",SBC1513B,Student Branch Chapter,Universidad de Guanajuato,COM19,0,6,No,0,0,0,2,No,No,,No,No,No,No,No,Not Met,0/3,Not Met
"Universidad de Guanajuato,IM09",SBC1513G,Student Branch Chapter,Universidad de Guanajuato,IM09,11,6,Yes,1,1,0,2,No,Yes,,Yes,Yes,Yes,Yes,No,Met,2/3,Not Met
"Universidad de Guanajuato,PE31",SBC15131,Student Branch Chapter,Universidad de Guanajuato,PE31,0,6,No,0,0,0,2,No,No,,No,No,No,No,No,Not Met,0/3,Not Met
"Universidad de Guanajuato,PEL35",SBC1513A,Student Branch Chapter,Universidad de Guanajuato,PEL35,0,6,No,0,0,0,2,No,No,,No,No,No,No,No,Not Met,0/3,Not Met
"Universidad de Guanajuato,PHO36",SBC1513E,Student Branch Chapter,Universidad de Guanajuato,PHO36,7,6,Yes,0,0,0,2,No,Yes,,Yes,No,Yes,No,No,Met,2/3,Not Met
"Universidad de Guanajuato,RA24",SBC1513F,Student Branch Chapter,Universidad de Guanajuato,RA24,6,6,Yes,0,0,0,2,No,No,,No,No,No,No,No,Not Met,1/3,Not Met
"Universidad de Ingenieria y Tecn - UTEC, IA34",SBC14431A,Student Branch Chapter,Universidad de Ingenieria y Tecnologia - UTEC,IA34,0,6,No,0,0,0,2,No,No,,No,No,No,No,No,Not Met,0/3,Not Met
"Universidad de Ingenieria y Tecn - UTEC, PE31",SBC14431B,Student Branch Chapter,Universidad de Ingenieria y Tecnologia - UTEC,PE31,5,6,No,0,0,0,2,No,No,,No,No,No,No,No,Not Met,0/3,Not Met
"Universidad de Ingenieria y Tecnologia - UTEC,CS23",SBC14431H,Student Branch Chapter,Universidad de Ingenieria y Tecnologia - UTEC,CS23,0,6,No,0,0,0,2,No,No,,No,No,No,No,No,Not Met,0/3,Not Met
"Universidad de Ingenieria y Tecnologia - UTEC,SP01",SBC14431I,Student Branch Chapter,Universidad de Ingenieria y Tecnologia - UTEC,SP01,7,6,Yes,1,1,0,2,No,Yes,,Yes,No,No,No,No,Met,2/3,Not Met
"Universidad de Ingenieria y Tecnologia UTEC,C16",SBC14431F,Student Branch Chapter,Universidad de Ingenieria y Tecnologia - UTEC,C16,3,6,No,2,2,0,2,Yes,No,,No,No,No,No,No,Not Met,1/3,Not Met
"Universidad de Ingenieria y Tecnologia-UTEC, RA24",SBC14431C,Student Branch Chapter,Universidad de Ingenieria y Tecnologia - UTEC,RA24,9,6,Yes,0,0,0,2,No,Yes,,No,Yes,Yes,Yes,No,Partial,1/3,Not Met
"Universidad de Ingenieria y Tecnologia-UTEC,AES10",SBC14431G,Student Branch Chapter,Universidad de Ingenieria y Tecnologia - UTEC,AES10,4,6,No,0,0,0,2,No,No,,No,No,No,No,No,Not Met,0/3,Not Met
"Universidad de Ingenieria y Tecnologia-UTEC,CAS04",SBC14431E,Student Branch Chapter,Universidad de Ingenieria y Tecnologia - UTEC,CAS04,10,6,Yes,0,0,0,2,No,Yes,,Yes,Yes,Yes,Yes,No,Met,2/3,Not Met
"Universidad de Ingenieria y Tecnologia-UTEC,EMB018",SBC14431D,Student Branch Chapter,Universidad de Ingenieria y Tecnologia - UTEC,EMB018,6,6,Yes,0,0,1,2,No,Yes,,No,Yes,Yes,Yes,Yes,Partial,1/3,Not Met
"Universidad de Las Americas-Puebla,RA24",SBC167111,Student Branch Chapter,Univ de Las Americas-Puebla,RA24,5,6,No,0,0,0,2,No,No,,No,No,No,No,No,Not Met,0/3,Not Met
"Universidad de Los Andes-Merida,C16",SBC17851,Student Branch Chapter,Universidad de Los Andes-Merida,C16,0,6,No,0,0,0,2,No,No,,No,No,No,No,No,Not Met,0/3,Not Met
"Universidad de Monterrey, EMB18",SBC14941B,Student Branch Chapter,Universidad de Monterrey,EMB18,11,6,Yes,0,0,0,2,No,No,,No,No,No,No,No,Not Met,1/3,Not Met
"Universidad de Monterrey, RA24",SBC14941A,Student Branch Chapter,Universidad de Monterrey,RA24,1,6,No,0,0,0,2,No,No,,No,No,No,No,No,Not Met,0/3,Not Met
"Universidad de Monterrey,CAS04",SBC14941D,Student Branch Chapter,Universidad de Monterrey,CAS04,13,6,Yes,0,0,0,2,No,Yes,,Yes,Yes,Yes,Yes,Yes,Met,2/3,Not Met
"Universidad de Narino, CIS11",SBC64151,Student Branch Chapter,Universidad de Narino,CIS11,0,6,No,0,0,0,2,No,No,,No,No,No,No,No,Not Met,0/3,Not Met
"Universidad de Narino, RA24",SBC64151B,Student Branch Chapter,Universidad de Narino,RA24,1,6,No,0,0,0,2,No,No,,No,No,No,No,No,Not Met,0/3,Not Met
"Universidad de Narino,PE31",SBC64151A,Student Branch Chapter,Universidad de Narino,PE31,0,6,No,0,0,0,2,No,No,,No,No,No,No,No,Not Met,0/3,Not Met
"Universidad de Panama,C16",SBC60171,Student Branch Chapter,Universidad de Panama,C16,16,6,Yes,4,4,1,2,Yes,Yes,,Yes,Yes,No,No,Yes,Met,3/3,Met
"Universidad de Panama,CAS04",SBC60171C,Student Branch Chapter,Universidad de Panama,CAS04,10,6,Yes,0,0,0,2,No,Yes,,Yes,No,No,No,No,Met,2/3,Not Met
"Universidad de Panama,COM19",SBC60171B,Student Branch Chapter,Universidad de Panama,COM19,7,6,Yes,0,0,0,2,No,Yes,,Yes,Yes,No,No,No,Met,2/3,Not Met
"Universidad de Panama,RA24",SBC60171A,Student Branch Chapter,Universidad de Panama,RA24,18,6,Yes,0,0,1,2,No,Yes,,Yes,No,No,No,No,Met,2/3,Not Met
"Universidad de Piura - Sede Lima, IA34",SBC10065,Student Branch Chapter,Universidad de Piura - Sede Lima,IA34,1,6,No,0,0,0,2,No,No,,No,No,No,No,No,Not Met,0/3,Not Met
"Universidad de Piura - Sede Lima, TEM14",SBC10065A,Student Branch Chapter,Universidad de Piura - Sede Lima,TEM14,0,6,No,0,0,0,2,No,No,,No,No,No,No,No,Not Met,0/3,Not Met
"Universidad de Piura - Sede Lima,C16",SBC10065B,Student Branch Chapter,Universidad de Piura - Sede Lima,C16,0,6,No,0,0,0,2,No,No,,No,No,No,No,No,Not Met,0/3,Not Met
"Universidad de Piura, IA34",SBC60621,Student Branch Chapter,Universidad de Piura,IA34,0,6,No,0,0,0,2,No,No,,No,No,No,No,Yes,Not Met,0/3,Not Met
"Universidad de Piura, PE31",SBC60621A,Student Branch Chapter,Universidad de Piura,PE31,0,6,No,2,0,0,2,No,No,,No,No,No,No,No,Not Met,0/3,Not Met
"Universidad de Piura, RA24",SBC60621B,Student Branch Chapter,Universidad de Piura,RA24,4,6,No,1,0,0,2,No,No,,No,No,No,No,No,Not Met,0/3,Not Met
"Universidad de Piura,C16",SBC60621D,Student Branch Chapter,Universidad de Piura,C16,0,6,No,0,0,0,2,No,No,,No,No,No,No,No,Not Met,0/3,Not Met
"Universidad de Piura,EMB18",SBC60621C,Student Branch Chapter,Universidad de Piura,EMB18,3,6,No,3,1,0,2,No,No,,No,No,No,No,No,Not Met,0/3,Not Met
"Universidad de San Buenaventura - Cali,C16",SBC07901A,Student Branch Chapter,Universidad de San Buenaventura - Cali,C16,0,6,No,0,0,0,2,No,No,,No,No,No,No,No,Not Met,0/3,Not Met
"Universidad de San Buenaventura - Cali,ED15",SBC07901B,Student Branch Chapter,Universidad de San Buenaventura - Cali,ED15,0,6,No,0,0,0,2,No,No,,No,No,No,No,No,Not Met,0/3,Not Met
"Universidad de San Buenaventura,COM19",SBC62571,Student Branch Chapter,Universidad de San Buenaventura,COM19,0,6,No,0,0,0,2,No,No,,No,No,No,No,No,Not Met,0/3,Not Met
"Universidad de San Buenaventura,CS23",SBC62571F,Student Branch Chapter,Universidad de San Buenaventura,CS23,0,6,No,0,0,0,2,No,No,,No,No,No,No,No,Not Met,0/3,Not Met
"Universidad de San Buenaventura,CT08",SBC62571A,Student Branch Chapter,Universidad de San Buenaventura,CT08,0,6,No,0,0,0,2,No,No,,No,No,No,No,No,Not Met,0/3,Not Met
"Universidad de San Buenaventura,ED15",SBC62571E,Student Branch Chapter,Universidad de San Buenaventura,ED15,0,6,No,0,0,0,2,No,No,,No,No,No,No,No,Not Met,0/3,Not Met
"Universidad de San Buenaventura,EMB18",SBC6257D,Student Branch Chapter,Universidad de San Buenaventura,EMB18,0,6,No,0,0,0,2,No,No,,No,No,No,No,No,Not Met,0/3,Not Met
"Universidad de San Buenaventura,IA34",SBC6257C,Student Branch Chapter,Universidad de San Buenaventura,IA34,0,6,No,0,0,0,2,No,No,,No,No,No,No,No,Not Met,0/3,Not Met
"Universidad de San Buenaventura,PE31",SBC6257A,Student Branch Chapter,Universidad de San Buenaventura,PE31,0,6,No,0,0,0,2,No,No,,No,No,No,No,No,Not Met,0/3,Not Met
"Universidad de San Buenaventura,RA24",SBC6257B,Student Branch Chapter,Universidad de San Buenaventura,RA24,0,6,No,0,0,0,2,No,No,,No,No,No,No,No,Not Met,0/3,Not Met
"Universidad de San Buenaventura,SMC28",SBC62571D,Student Branch Chapter,Universidad de San Buenaventura,SMC28,0,6,No,0,0,0,2,No,No,,No,No,No,No,No,Not Met,0/3,Not Met
"Universidad de San Carlos de Guatemala,AES10",SBC17091G,Student Branch Chapter,Universidad de San Carlos de Guatemala,AES10,10,6,Yes,0,0,0,2,No,Yes,,Yes,Yes,No,No,No,Met,2/3,Not Met
"Universidad de San Carlos de Guatemala,C16",SBC17091,Student Branch Chapter,Universidad de San Carlos de Guatemala,C16,20,6,Yes,8,0,3,2,No,Yes,,Yes,Yes,Yes,Yes,Yes,Met,2/3,Not Met
"Universidad de San Carlos de Guatemala,COM19",SBC17091D,Student Branch Chapter,Universidad de San Carlos de Guatemala,COM19,8,6,Yes,0,0,0,2,No,Yes,,No,Yes,Yes,Yes,No,Partial,1/3,Not Met
"Universidad de San Carlos de Guatemala,ED15",SBC17091F,Student Branch Chapter,Universidad de San Carlos de Guatemala,ED15,14,6,Yes,0,0,0,2,No,Yes,,No,Yes,Yes,No,No,Partial,1/3,Not Met
"Universidad de San Carlos de Guatemala,IA34",SBC17091E,Student Branch Chapter,Universidad de San Carlos de Guatemala,IA34,9,6,Yes,1,0,5,2,No,Yes,,Yes,Yes,No,No,No,Met,2/3,Not Met
"Universidad de San Carlos de Guatemala,PE31",SBC17091C,Student Branch Chapter,Universidad de San Carlos de Guatemala,PE31,14,6,Yes,2,0,0,2,No,Yes,,Yes,Yes,Yes,Yes,Yes,Met,2/3,Not Met
"Universidad de San Carlos de Guatemala,RA24",SBC17091B,Student Branch Chapter,Universidad de San Carlos de Guatemala,RA24,6,6,Yes,0,0,0,2,No,Yes,,No,Yes,No,Yes,Yes,Partial,1/3,Not Met
"Universidad de San Martin de Porres, C16",SBC62541B,Student Branch Chapter,Universidad de San Martin de Porres,C16,0,6,No,0,0,0,2,No,No,,No,No,No,No,No,Not Met,0/3,Not Met
"Universidad de San Martin de Porres, COM19",SBC625411,Student Branch Chapter,Universidad de San Martin de Porres,COM19,0,6,No,0,0,0,2,No,No,,No,No,No,No,No,Not Met,0/3,Not Met
"Universidad de San Martin de Porres, EMB18",SBC62541C,Student Branch Chapter,Universidad de San Martin de Porres,EMB18,0,6,No,0,0,0,2,No,No,,No,No,No,No,No,Not Met,0/3,Not Met
"Universidad de San Martin de Porres, RA24",SBC62541A,Student Branch Chapter,Universidad de San Martin de Porres,RA24,0,6,No,0,0,0,2,No,No,,No,No,No,No,No,Not Met,0/3,Not Met
"Universidad de Santiago de Chile,C16/COM19",SBC92021,Student Branch Chapter,Universidad de Santiago de Chile,C16/COM19,3,6,No,0,0,0,2,No,No,,Yes,No,No,No,No,Partial,0/3,Not Met
"Universidad de Santiago de Chile,CIS11",SBC92021D,Student Branch Chapter,Universidad de Santiago de Chile,CIS11,1,6,No,0,0,0,2,No,No,,No,No,No,No,No,Not Met,0/3,Not Met
"Universidad de Santiago de Chile,CS23",SBC92021E,Student Branch Chapter,Universidad de Santiago de Chile,CS23,4,6,No,2,0,0,2,No,Yes,,No,Yes,Yes,Yes,Yes,Partial,0/3,Not Met
"Universidad de Santiago de Chile,EMB18",SBC92021C,Student Branch Chapter,Universidad de Santiago de Chile,EMB18,8,6,Yes,2,2,0,2,Yes,Yes,,No,Yes,Yes,Yes,Yes,Partial,2/3,Not Met
"Universidad de Santiago de Chile,PE31",SBC92021B,Student Branch Chapter,Universidad de Santiago de Chile,PE31,6,6,Yes,0,0,0,2,No,Yes,,No,No,No,No,No,Partial,1/3,Not Met
"Universidad de Santiago de Chile,PHO36",SBC92021A,Student Branch Chapter,Universidad de Santiago de Chile,PHO36,0,6,No,0,0,0,2,No,No,,No,No,No,No,No,Not Met,0/3,Not Met
"Universidad de Sonsonate, C16",SBC07081A,Student Branch Chapter,Universidad de Sonsonate,C16,0,6,No,0,0,0,2,No,No,,No,No,No,No,No,Not Met,0/3,Not Met
"Universidad de Sonsonate, PE31",SBC07081B,Student Branch Chapter,Universidad de Sonsonate,PE31,0,6,No,0,0,0,2,No,No,,No,No,No,No,No,Not Met,0/3,Not Met
"Universidad de Sonsonate,IA34",SBC07081C,Student Branch Chapter,Universidad de Sonsonate,IA34,0,6,No,0,0,0,2,No,No,,No,No,No,No,No,Not Met,0/3,Not Met
"Universidad de Sonsonate,RA24",SBC07081D,Student Branch Chapter,Universidad de Sonsonate,RA24,0,6,No,0,0,0,2,No,No,,No,No,No,No,No,Not Met,0/3,Not Met
"Universidad de Valparaiso,CIS11",SBC64627A,Student Branch Chapter,Universidad de Valparaiso,CIS11,1,6,No,0,0,0,2,No,No,,No,No,No,No,No,Not Met,0/3,Not Met
"Universidad de Valparaiso,EMB18",SBC64627,Student Branch Chapter,Universidad de Valparaiso,EMB18,1,6,No,0,0,0,2,No,No,,No,No,No,No,No,Not Met,0/3,Not Met
"Universidad de el Salvador, COM19",SBC99671B,Student Branch Chapter,Universidad de el Salvador,COM19,5,6,No,1,1,3,2,No,Yes,,Yes,No,Yes,Yes,No,Met,1/3,Not Met
"Universidad de el Salvador, IA34",SBC99671A,Student Branch Chapter,Universidad de el Salvador,IA34,30,6,Yes,15,14,0,2,Yes,Yes,,No,Yes,Yes,Yes,Yes,Partial,2/3,Not Met
"Universidad de el Salvador, PE31",SBC99671,Student Branch Chapter,Universidad de el Salvador,PE31,31,6,Yes,2,1,1,2,No,Yes,,No,No,Yes,No,Yes,Partial,1/3,Not Met
"Universidad de el Salvador, PEL35",SBC99671C,Student Branch Chapter,Universidad de el Salvador,PEL35,13,6,Yes,0,0,1,2,No,Yes,,No,Yes,No,Yes,Yes,Partial,1/3,Not Met
"Universidad de el Salvador,C16",SBC99671F,Student Branch Chapter,Universidad de el Salvador,C16,20,6,Yes,6,4,1,2,Yes,Yes,,No,Yes,Yes,Yes,Yes,Partial,2/3,Not Met
"Universidad de el Salvador,ED15",SBC99671G,Student Branch Chapter,Universidad de el Salvador,ED15,15,6,Yes,1,0,5,2,No,Yes,,No,Yes,Yes,Yes,Yes,Partial,1/3,Not Met
"Universidad de el Salvador,GRS29",SBC99671D,Student Branch Chapter,Universidad de el Salvador,GRS29,31,6,Yes,1,1,1,2,No,Yes,,No,No,Yes,Yes,No,Partial,1/3,Not Met
"Universidad de el Salvador,RA24",SBC99671E,Student Branch Chapter,Universidad de el Salvador,RA24,8,6,Yes,0,0,0,2,No,Yes,,No,Yes,Yes,Yes,Yes,Partial,1/3,Not Met
"Universidad de la Costa, C16",SBC65981A,Student Branch Chapter,Universidad de la Costa,C16,26,6,Yes,9,6,1,2,Yes,Yes,,Yes,Yes,Yes,Yes,Yes,Met,3/3,Met
"Universidad de la Costa,CIS11",SBC65981C,Student Branch Chapter,Universidad de la Costa,CIS11,20,6,Yes,2,1,0,2,No,Yes,,Yes,Yes,Yes,Yes,Yes,Met,2/3,Not Met
"Universidad de la Costa,NPS05",SBC65981D,Student Branch Chapter,Universidad de la Costa,NPS05,12,6,Yes,0,0,0,2,No,Yes,,Yes,No,No,No,No,Met,2/3,Not Met
"Universidad de la Costa,PE31",SBC65981B,Student Branch Chapter,Universidad de la Costa,PE31,7,6,Yes,2,0,0,2,No,Yes,,Yes,Yes,Yes,Yes,Yes,Met,2/3,Not Met
"Universidad de la Costa,RA24",SBC65981E,Student Branch Chapter,Universidad de la Costa,RA24,11,6,Yes,1,1,0,2,No,Yes,,Yes,Yes,Yes,Yes,Yes,Met,2/3,Not Met
"Universidad de la Sabana, C16",SBC66041A,Student Branch Chapter,Universidad de la Sabana,C16,7,6,Yes,0,0,0,2,No,Yes,,No,Yes,No,Yes,Yes,Partial,1/3,Not Met
"Universidad de la Sabana, RA24",SBC66041B,Student Branch Chapter,Universidad de la Sabana,RA24,7,6,Yes,0,0,0,2,No,Yes,,No,Yes,Yes,Yes,Yes,Partial,1/3,Not Met
"Universidad de las Americas-Quito,C16",SBC10045B,Student Branch Chapter,Universidad de las Americas-Quito,C16,9,6,Yes,0,0,0,2,No,Yes,,No,No,Yes,Yes,No,Partial,1/3,Not Met
"Universidad de las Americas-Quito,COM19",SBC10045,Student Branch Chapter,Universidad de las Americas-Quito,COM19,29,6,Yes,0,0,0,2,No,No,,No,No,No,No,No,Not Met,1/3,Not Met
"Universidad de las Americas-Quito,EMB18",SBC10045A,Student Branch Chapter,Universidad de las Americas-Quito,EMB18,9,6,Yes,0,0,0,2,No,Yes,,No,No,No,No,No,Partial,1/3,Not Met
"Universidad de las Fuerzas Armadas - ESPE,AES10",SBC63741E,Student Branch Chapter,Universidad de las Fuerzas Armadas - ESPE,AES10,7,6,Yes,6,2,0,2,Yes,Yes,,No,Yes,Yes,Yes,Yes,Partial,2/3,Not Met
"Universidad de las Fuerzas Armadas - ESPE,CIS11",SBC63741C,Student Branch Chapter,Universidad de las Fuerzas Armadas - ESPE,CIS11,3,6,No,4,0,0,2,No,No,,No,No,No,No,No,Not Met,0/3,Not Met
"Universidad de las Fuerzas Armadas - ESPE,COM19",SBC63741B,Student Branch Chapter,Universidad de las Fuerzas Armadas - ESPE,COM19,40,6,Yes,6,3,1,2,Yes,Yes,,Yes,Yes,Yes,Yes,Yes,Met,3/3,Met
"Universidad de las Fuerzas Armadas - ESPE,EMB18",SBC63741D,Student Branch Chapter,Universidad de las Fuerzas Armadas - ESPE,EMB18,13,6,Yes,7,2,1,2,Yes,Yes,,Yes,Yes,Yes,Yes,No,Met,3/3,Met
"Universidad de las Fuerzas Armadas - ESPE,GRS29",SBC63741H,Student Branch Chapter,Universidad de las Fuerzas Armadas - ESPE,GRS29,8,6,Yes,0,0,0,2,No,Yes,,Yes,Yes,Yes,Yes,Yes,Met,2/3,Not Met
"Universidad de las Fuerzas Armadas - ESPE,MTT17",SBC63741G,Student Branch Chapter,Universidad de las Fuerzas Armadas - ESPE,MTT17,15,6,Yes,1,1,0,2,No,Yes,,Yes,Yes,Yes,Yes,Yes,Met,2/3,Not Met
"Universidad de las Fuerzas Armadas - ESPE,RA24",SBC63741A,Student Branch Chapter,Universidad de las Fuerzas Armadas - ESPE,RA24,10,6,Yes,7,3,0,2,Yes,Yes,,No,Yes,No,No,Yes,Partial,2/3,Not Met
"Universidad de las Fuerzas Armadas - ESPE,SP01",SBC63741F,Student Branch Chapter,Universidad de las Fuerzas Armadas - ESPE,SP01,7,6,Yes,3,0,0,2,No,Yes,,Yes,Yes,Yes,Yes,Yes,Met,2/3,Not Met
"Universidad de los Andes,AES10",SBC12991K,Student Branch Chapter,Universidad de los Andes,AES10,3,6,No,4,1,0,2,No,Yes,,Yes,No,No,No,No,Met,1/3,Not Met
"Universidad de los Andes,C16",SBC12991H,Student Branch Chapter,Universidad de los Andes,C16,22,6,Yes,8,4,5,2,Yes,Yes,,Yes,Yes,Yes,Yes,Yes,Met,3/3,Met
"Universidad de los Andes,CAS04",SBC12991C,Student Branch Chapter,Universidad de los Andes,CAS04,14,6,Yes,12,5,1,2,Yes,Yes,,Yes,Yes,Yes,Yes,Yes,Met,3/3,Met
"Universidad de los Andes,CIS11",SBC12991E,Student Branch Chapter,Universidad de los Andes,CIS11,11,6,Yes,4,0,0,2,No,Yes,,Yes,Yes,Yes,Yes,Yes,Met,2/3,Not Met
"Universidad de los Andes,COM19",SBC12991B,Student Branch Chapter,Universidad de los Andes,COM19,12,6,Yes,5,2,1,2,Yes,Yes,,No,No,Yes,No,Yes,Partial,2/3,Not Met
"Universidad de los Andes,CS23",SBC12991A,Student Branch Chapter,Universidad de los Andes,CS23,6,6,Yes,4,2,0,2,Yes,Yes,,Yes,Yes,Yes,No,Yes,Met,3/3,Met
"Universidad de los Andes,E25",SBC12991M,Student Branch Chapter,Universidad de los Andes,E25,16,6,Yes,28,3,0,2,Yes,Yes,,Yes,Yes,No,Yes,No,Met,3/3,Met
"Universidad de los Andes,ED15",SBC12991J,Student Branch Chapter,Universidad de los Andes,ED15,16,6,Yes,2,0,0,2,No,Yes,,Yes,Yes,No,Yes,No,Met,2/3,Not Met
"Universidad de los Andes,EMB18",SBC12991L,Student Branch Chapter,Universidad de los Andes,EMB18,20,6,Yes,16,3,1,2,Yes,Yes,,Yes,Yes,Yes,Yes,Yes,Met,3/3,Met
"Universidad de los Andes,IA34",SBC12991G,Student Branch Chapter,Universidad de los Andes,IA34,20,6,Yes,6,2,0,2,Yes,Yes,,Yes,Yes,Yes,No,No,Met,3/3,Met
"Universidad de los Andes,PE31",SBC12991F,Student Branch Chapter,Universidad de los Andes,PE31,22,6,Yes,7,4,0,2,Yes,Yes,,Yes,Yes,Yes,Yes,Yes,Met,3/3,Met
"Universidad de los Andes,PEL35",SBC12991O,Student Branch Chapter,Universidad de los Andes,PEL35,18,6,Yes,13,3,0,2,Yes,Yes,,Yes,Yes,Yes,Yes,Yes,Met,3/3,Met
"Universidad de los Andes,RA24",SBC12991I,Student Branch Chapter,Universidad de los Andes,RA24,19,6,Yes,11,4,0,2,Yes,Yes,,Yes,Yes,Yes,Yes,Yes,Met,3/3,Met
"Universidad de los Andes,SP01",SBC12991D,Student Branch Chapter,Universidad de los Andes,SP01,0,6,No,0,0,0,2,No,No,,No,No,No,No,No,Not Met,0/3,Not Met
"Universidad de los Andes,SSC37",SBC12991P,Student Branch Chapter,Universidad de los Andes,SSC37,8,6,Yes,4,2,0,2,Yes,Yes,,No,Yes,No,Yes,Yes,Partial,2/3,Not Met
"Universidad de los Andes,VT06",SBC12991N,Student Branch Chapter,Universidad de los Andes,VT06,3,6,No,0,0,0,2,No,No,,No,No,No,No,No,Not Met,0/3,Not Met
"Universidad del Cauca,AES10",SBC09161C,Student Branch Chapter,Universidad del Cauca,AES10,10,6,Yes,8,7,1,2,Yes,Yes,,Yes,No,Yes,Yes,Yes,Met,3/3,Met
"Universidad del Cauca,C16",SBC09161B,Student Branch Chapter,Universidad del Cauca,C16,11,6,Yes,0,0,0,2,No,Yes,,No,No,No,No,No,Partial,1/3,Not Met
"Universidad del Cauca,C16/COM19",SBC09161,Student Branch Chapter,Universidad del Cauca,C16/COM19,21,6,Yes,0,0,0,2,No,No,,No,No,No,No,No,Not Met,1/3,Not Met
"Universidad del Cauca,COM19",SBC09161A,Student Branch Chapter,Universidad del Cauca,COM19,16,6,Yes,0,0,0,2,No,No,,No,No,No,No,No,Not Met,1/3,Not Met
"Universidad del Cauca,ED15",SBC09161D,Student Branch Chapter,Universidad del Cauca,ED15,19,6,Yes,1,0,0,2,No,Yes,,No,No,Yes,No,No,Partial,1/3,Not Met
"Universidad del Cauca,RA24",SBC09161E,Student Branch Chapter,Universidad del Cauca,RA24,17,6,Yes,0,0,0,2,No,Yes,,Yes,Yes,Yes,No,No,Met,2/3,Not Met
"Universidad del Cono Sur de las Americas, C16",SBC04861A,Student Branch Chapter,Universidad del Cono Sur de Las Americas,C16,7,6,Yes,0,0,0,2,No,Yes,,Yes,No,No,No,No,Met,2/3,Not Met
"Universidad del Magdalena, GRS29",SBC08871A,Student Branch Chapter,Universidad del Magdalena,GRS29,0,6,No,0,0,0,2,No,No,,No,No,No,No,No,Not Met,0/3,Not Met
"Universidad del Magdalena,C16",SBC08871D,Student Branch Chapter,Universidad del Magdalena,C16,9,6,Yes,4,2,0,2,Yes,Yes,,No,Yes,Yes,Yes,Yes,Partial,2/3,Not Met
"Universidad del Magdalena,OE22",SBC08871E,Student Branch Chapter,Universidad del Magdalena,OE22,7,6,Yes,0,0,0,2,No,Yes,,Yes,Yes,Yes,Yes,Yes,Met,2/3,Not Met
"Universidad del Magdalena,PE31/SYS45",SBC08871B,Student Branch Chapter,Universidad del Magdalena,PE31/SYS45,3,6,No,1,0,0,2,No,No,,No,No,No,No,No,Not Met,0/3,Not Met
"Universidad del Magdalena,RA24/SEN39/SYS45",SBC08871C,Student Branch Chapter,Universidad del Magdalena,RA24/SEN39/SYS45,1,6,No,0,0,0,2,No,No,,No,No,No,No,No,Not Met,0/3,Not Met
"Universidad del Norte,AES010",SBC63011I,Student Branch Chapter,Universidad del Norte,AES010,7,6,Yes,0,0,2,2,No,Yes,,No,Yes,Yes,Yes,Yes,Partial,1/3,Not Met
"Universidad del Norte,E25",SBC63011K,Student Branch Chapter,Universidad del Norte,E25,26,6,Yes,11,3,1,2,Yes,Yes,,Yes,Yes,Yes,Yes,Yes,Met,3/3,Met
"Universidad del Norte,IA34",SBC63011H,Student Branch Chapter,Universidad del Norte,IA34,43,6,Yes,7,4,2,2,Yes,Yes,,Yes,No,Yes,Yes,Yes,Met,3/3,Met
"Universidad del Norte,TEM14",SBC63011J,Student Branch Chapter,Universidad del Norte,TEM14,9,6,Yes,1,0,1,2,No,Yes,,No,Yes,Yes,Yes,Yes,Partial,1/3,Not Met
"Universidad del Norte,VT06",SBC63011G,Student Branch Chapter,Universidad del Norte,VT06,21,6,Yes,6,5,1,2,Yes,Yes,,No,No,Yes,Yes,Yes,Partial,2/3,Not Met
"Universidad del Pacifico,CIS11",SBC64265A,Student Branch Chapter,Universidad del Pacifico,CIS11,1,6,No,0,0,0,2,No,No,,No,No,No,No,No,Not Met,0/3,Not Met
"Universidad del Pacifico,TEM14",SBC64265,Student Branch Chapter,Universidad del Pacifico,TEM14,0,6,No,0,0,0,2,No,No,,No,No,No,No,No,Not Met,0/3,Not Met
"Universidad del Quindio,ED15",SBC65911,Student Branch Chapter,Universidad del Quindio,ED15,7,6,Yes,7,2,0,2,Yes,Yes,,Yes,No,No,Yes,No,Met,3/3,Met
"Universidad del Rosario,C16",SBC99411C,Student Branch Chapter,Universidad del Rosario,C16,5,6,No,1,1,2,2,No,Yes,,Yes,Yes,Yes,Yes,Yes,Met,1/3,Not Met
"Universidad del Rosario,CIS11",SBC99411B,Student Branch Chapter,Universidad del Rosario,CIS11,1,6,No,0,0,0,2,No,Yes,,No,No,No,No,No,Partial,0/3,Not Met
"Universidad del Rosario,EMB18",SBC99411,Student Branch Chapter,Universidad del Rosario,EMB18,4,6,No,0,0,0,2,No,No,,No,No,No,No,No,Not Met,0/3,Not Met
"Universidad del Rosario,RA24",SBC99411A,Student Branch Chapter,Universidad del Rosario,RA24,2,6,No,0,0,0,2,No,No,,No,No,Yes,No,No,Not Met,0/3,Not Met
"Universidad del Salvador,PE31",SBC63451,Student Branch Chapter,Universidad del Salvador,PE31,0,6,No,0,0,0,2,No,No,,No,No,No,No,No,Not Met,0/3,Not Met
"Universidad del Salvador,RA24",SBC63451A,Student Branch Chapter,Universidad del Salvador,RA24,0,6,No,0,0,0,2,No,No,,No,No,No,No,No,Not Met,0/3,Not Met
"Universidad del Valle, CAS04",SBC95801,Student Branch Chapter,Universidad del Valle,CAS04,39,6,Yes,4,3,0,2,Yes,Yes,,Yes,Yes,Yes,Yes,No,Met,3/3,Met
"Universidad del Valle, RA24",SBC95801A,Student Branch Chapter,Universidad del Valle,RA24,26,6,Yes,5,2,0,2,Yes,Yes,,Yes,Yes,Yes,Yes,Yes,Met,3/3,Met
"Universidad del Valle,AES10",SBC95801C,Student Branch Chapter,Universidad del Valle,AES10,11,6,Yes,4,2,0,2,Yes,Yes,,No,Yes,Yes,Yes,Yes,Partial,2/3,Not Met
"Universidad del Valle,C16",SBC95801G,Student Branch Chapter,Universidad del Valle,C16,27,6,Yes,6,4,0,2,Yes,Yes,,Yes,Yes,Yes,Yes,No,Met,3/3,Met
"Universidad del Valle,COM19",SBC95801H,Student Branch Chapter,Universidad del Valle,COM19,17,6,Yes,5,0,1,2,No,Yes,,Yes,Yes,Yes,Yes,Yes,Met,2/3,Not Met
"Universidad del Valle,CS23",SBC95801D,Student Branch Chapter,Universidad del Valle,CS23,13,6,Yes,2,1,0,2,No,Yes,,Yes,Yes,Yes,Yes,No,Met,2/3,Not Met
"Universidad del Valle,IM09",SBC95801F,Student Branch Chapter,Universidad del Valle,IM09,17,6,Yes,3,2,0,2,Yes,Yes,,Yes,No,No,No,No,Met,3/3,Met
"Universidad del Valle,PE31",SBC95801B,Student Branch Chapter,Universidad del Valle,PE31,18,6,Yes,6,3,0,2,Yes,Yes,,No,Yes,Yes,Yes,No,Partial,2/3,Not Met
"Universidad del Valle,PHO36",SBC95801E,Student Branch Chapter,Universidad del Valle,PHO36,1,6,No,2,1,0,2,No,No,,No,No,No,No,No,Not Met,0/3,Not Met
"Universidad del Zulia,IA34",SBC29631,Student Branch Chapter,Universidad del Zulia,IA34,0,6,No,0,0,0,2,No,No,,No,No,No,No,No,Not Met,0/3,Not Met
"Universidad el Bosque, C16",SBC60951A,Student Branch Chapter,Universidad El Bosque,C16,2,6,No,0,0,0,2,No,No,,No,No,No,No,No,Not Met,0/3,Not Met
"Universidad el Bosque, CS23",SBC60951B,Student Branch Chapter,Universidad El Bosque,CS23,0,6,No,0,0,0,2,No,No,,No,No,No,No,No,Not Met,0/3,Not Met
"Universidad el Bosque, EMB18",SBC60951C,Student Branch Chapter,Universidad El Bosque,EMB18,4,6,No,0,0,0,2,No,Yes,,Yes,Yes,No,No,No,Met,1/3,Not Met
"Universidad el Bosque, RA24",SBC60951E,Student Branch Chapter,Universidad El Bosque,RA24,0,6,No,0,0,0,2,No,No,,No,No,No,No,No,Not Met,0/3,Not Met
"Universidade Estadual De Campinas,C16",SBC91201C,Student Branch Chapter,Universidade Estadual de Campinas,C16,3,6,No,0,0,0,2,No,No,,No,No,No,No,No,Not Met,0/3,Not Met
"Universidade Estadual De Campinas,CIS11",SBC91201B,Student Branch Chapter,Universidade Estadual de Campinas,CIS11,4,6,No,0,0,0,2,No,No,,No,No,No,No,No,Not Met,0/3,Not Met
"Universidade Estadual De Campinas,ED15",SBC91201,Student Branch Chapter,Universidade Estadual de Campinas,ED15,5,6,No,0,0,1,2,No,Yes,,Yes,No,No,No,No,Met,1/3,Not Met
"Universidade Estadual De Campinas,GRS29",SBC91201A,Student Branch Chapter,Universidade Estadual de Campinas,GRS29,8,6,Yes,3,0,0,2,No,Yes,,Yes,Yes,Yes,Yes,No,Met,2/3,Not Met
"Universidade Estadual De Campinas,PHO36",SBC91201D,Student Branch Chapter,Universidade Estadual de Campinas,PHO36,4,6,No,0,0,0,2,No,No,,No,No,No,No,No,Not Met,0/3,Not Met
"Universidade Estadual de Campinas,AES10",SBC91201H,Student Branch Chapter,Universidade Estadual de Campinas,AES10,2,6,No,0,0,0,2,No,No,,No,No,No,No,No,Not Met,0/3,Not Met
"Universidade Estadual de Campinas,AP03",SBC91201I,Student Branch Chapter,Universidade Estadual de Campinas,AP03,5,6,No,0,0,0,2,No,No,,Yes,Yes,No,No,Yes,Partial,0/3,Not Met
"Universidade Estadual de Campinas,MTT17",SBC91201G,Student Branch Chapter,Universidade Estadual de Campinas,MTT17,10,6,Yes,8,5,0,2,Yes,Yes,,Yes,Yes,Yes,Yes,Yes,Met,3/3,Met
"Universidade Estadual de Campinas,PE31",SBC91201E,Student Branch Chapter,Universidade Estadual de Campinas,PE31,5,6,No,0,0,0,2,No,No,,No,No,No,No,No,Not Met,0/3,Not Met
"Universidade Estadual de Campinas,PEL35",SBC91201F,Student Branch Chapter,Universidade Estadual de Campinas,PEL35,3,6,No,0,0,0,2,No,No,,No,No,No,No,No,Not Met,0/3,Not Met
"Universidade Estadual de Feira de Santana,RA24",SBC11151,Student Branch Chapter,Universidade Estadual de Feira de Santana,RA24,2,6,No,0,0,0,2,No,No,,No,No,No,No,No,Not Met,0/3,Not Met
"Universidade Estadual de Maringa,C16",SBC64306C,Student Branch Chapter,Universidade Estadual de Maringa,C16,13,6,Yes,0,0,1,2,No,Yes,,Yes,Yes,Yes,Yes,Yes,Met,2/3,Not Met
"Universidade Estadual de Maringa,PE31",SBC64306,Student Branch Chapter,Universidade Estadual de Maringa,PE31,8,6,Yes,1,0,1,2,No,Yes,,No,No,No,No,No,Partial,1/3,Not Met
"Universidade Estadual de Maringa,RA24",SBC64306B,Student Branch Chapter,Universidade Estadual de Maringa,RA24,7,6,Yes,0,0,3,2,No,Yes,,No,No,Yes,No,No,Partial,1/3,Not Met
"Universidade Federal De Juiz De Fora,AES10",SBC13491I,Student Branch Chapter,Universidade Federal De Juiz De Fora,AES10,13,6,Yes,10,9,1,2,Yes,Yes,,Yes,Yes,No,No,Yes,Met,3/3,Met
"Universidade Federal De Juiz De Fora,AP03",SBC13491H,Student Branch Chapter,Universidade Federal De Juiz De Fora,AP03,36,6,Yes,4,2,0,2,Yes,Yes,,Yes,Yes,No,No,No,Met,3/3,Met
"Universidade Federal De Juiz De Fora,C16",SBC13491G,Student Branch Chapter,Universidade Federal De Juiz De Fora,C16,56,6,Yes,15,13,1,2,Yes,Yes,,Yes,Yes,Yes,Yes,Yes,Met,3/3,Met
"Universidade Federal De Juiz De Fora,CAS04",SBC13491B,Student Branch Chapter,Universidade Federal De Juiz De Fora,CAS04,14,6,Yes,3,3,2,2,Yes,Yes,,Yes,Yes,Yes,No,No,Met,3/3,Met
"Universidade Federal De Juiz De Fora,COM19",SBC13491C,Student Branch Chapter,Universidade Federal De Juiz De Fora,COM19,42,6,Yes,4,3,1,2,Yes,Yes,,Yes,No,No,Yes,No,Met,3/3,Met
"Universidade Federal De Juiz De Fora,E25",SBC13491E,Student Branch Chapter,Universidade Federal De Juiz De Fora,E25,47,6,Yes,30,6,2,2,Yes,Yes,,Yes,Yes,Yes,Yes,Yes,Met,3/3,Met
"Universidade Federal De Juiz De Fora,PE31",SBC13491,Student Branch Chapter,Universidade Federal De Juiz De Fora,PE31,56,6,Yes,25,24,2,2,Yes,Yes,,Yes,Yes,Yes,Yes,Yes,Met,3/3,Met
"Universidade Federal De Juiz De Fora,VT06",SBC13491F,Student Branch Chapter,Universidade Federal De Juiz De Fora,VT06,19,6,Yes,1,0,1,2,No,Yes,,Yes,No,No,No,No,Met,2/3,Not Met
"Universidade Federal Rural do Semi-Arido,AP03",SBC99373B,Student Branch Chapter,Universidade Federal Rural do Semi-Arido,AP03,12,6,Yes,1,0,1,2,No,Yes,,Yes,Yes,Yes,Yes,No,Met,2/3,Not Met
"Universidade Federal Rural do Semi-Arido,IE13",SBC99373C,Student Branch Chapter,Universidade Federal Rural do Semi-Arido,IE13,13,6,Yes,3,1,0,2,No,Yes,,Yes,Yes,Yes,Yes,Yes,Met,2/3,Not Met
"Universidade Federal Rural do Semi-Arido,MTT17",SBC99373,Student Branch Chapter,Universidade Federal Rural do Semi-Arido,MTT17,18,6,Yes,2,0,2,2,No,Yes,,Yes,Yes,Yes,Yes,No,Met,2/3,Not Met
"Universidade Federal Rural do Semi-Arido,PE31",SBC99373A,Student Branch Chapter,Universidade Federal Rural do Semi-Arido,PE31,11,6,Yes,0,0,0,2,No,Yes,,Yes,Yes,Yes,Yes,Yes,Met,2/3,Not Met
"Universidade Federal da Paraiba,C16/CIS11",SBC14711A,Student Branch Chapter,Universidade Federal da Paraiba,C16/CIS11,8,6,Yes,1,0,0,2,No,Yes,,No,No,Yes,No,Yes,Partial,1/3,Not Met
"Universidade Federal da Paraiba,PE31",SBC14711,Student Branch Chapter,Universidade Federal da Paraiba,PE31,12,6,Yes,3,2,1,2,Yes,Yes,,No,Yes,No,Yes,Yes,Partial,2/3,Not Met
"Universidade Federal da Paraiba,PEL35/IA34",SBC14711C,Student Branch Chapter,Universidade Federal da Paraiba,PEL35/IA34,7,6,Yes,5,1,4,2,No,No,,No,Yes,Yes,Yes,Yes,Not Met,1/3,Not Met
"Universidade Federal da Paraiba,RA24",SBC14711B,Student Branch Chapter,Universidade Federal da Paraiba,RA24,4,6,No,2,1,2,2,No,Yes,,Yes,Yes,Yes,Yes,No,Met,1/3,Not Met
"Universidade Federal da Paraiba,SMC27",SBC14711D,Student Branch Chapter,Universidade Federal da Paraiba,SMC27,8,6,Yes,5,2,0,2,Yes,Yes,,Yes,Yes,Yes,Yes,Yes,Met,3/3,Met
"Universidade Federal de Alagoas, RA24",SBC10043A,Student Branch Chapter,Universidade Federal de Alagoas,RA24,8,6,Yes,0,0,0,2,No,Yes,,Yes,Yes,Yes,Yes,No,Met,2/3,Not Met
"Universidade Federal de Alagoas,C16",SBC10043B,Student Branch Chapter,Universidade Federal de Alagoas,C16,14,6,Yes,1,0,0,2,No,Yes,,Yes,Yes,Yes,Yes,No,Met,2/3,Not Met
"Universidade Federal de Campina Grande,CAS04",SBC05141E,Student Branch Chapter,Universidade Federal de Campina Grande,CAS04,10,6,Yes,8,2,0,2,Yes,Yes,,Yes,Yes,Yes,Yes,Yes,Met,3/3,Met
"Universidade Federal de Campina Grande,IM09",SBC05141G,Student Branch Chapter,Universidade Federal de Campina Grande,IM09,12,6,Yes,0,0,0,2,No,Yes,,Yes,No,No,No,No,Met,2/3,Not Met
"Universidade Federal de Campina Grande,PHO36",SBC05141F,Student Branch Chapter,Universidade Federal de Campina Grande,PHO36,8,6,Yes,8,1,1,2,No,Yes,,Yes,Yes,Yes,Yes,No,Met,2/3,Not Met
"Universidade Federal de Mato Grosso do Sul,GRS29",SBC11589,Student Branch Chapter,Universidade Federal de Mato Grosso do Sul,GRS29,6,6,Yes,13,1,0,2,No,Yes,,No,Yes,Yes,Yes,Yes,Partial,1/3,Not Met
"Universidade Federal de Mato Grosso do Sul,IA34",SBC11589B,Student Branch Chapter,Universidade Federal de Mato Grosso do Sul,IA34,21,6,Yes,15,2,0,2,Yes,Yes,,Yes,No,No,No,No,Met,3/3,Met
"Universidade Federal de Mato Grosso do Sul,PEL35",SBC11589A,Student Branch Chapter,Universidade Federal de Mato Grosso do Sul,PEL35,14,6,Yes,20,5,0,2,Yes,Yes,,Yes,Yes,Yes,No,Yes,Met,3/3,Met
"Universidade Federal de Pernambuco,MAG33",SBC99374,Student Branch Chapter,Universidade Federal de Pernambuco,MAG33,2,6,No,0,0,0,2,No,Yes,,Yes,Yes,No,Yes,Yes,Met,1/3,Not Met
"Universidade Federal de Pernambuco,MTT17",SBC99374A,Student Branch Chapter,Universidade Federal de Pernambuco,MTT17,5,6,No,1,0,0,2,No,Yes,,Yes,Yes,Yes,Yes,Yes,Met,1/3,Not Met
"Universidade Federal de Santa Catarina,IE13",SBC08701A,Student Branch Chapter,Universidade Federal de Santa Catarina,IE13,10,6,Yes,0,0,0,2,No,Yes,,Yes,Yes,Yes,Yes,No,Met,2/3,Not Met
"Universidade Federal de Santa Catarina,PEL35",SBC08701,Student Branch Chapter,Universidade Federal de Santa Catarina,PEL35,6,6,Yes,0,0,0,2,No,No,,No,No,No,No,No,Not Met,1/3,Not Met
"Universidade Federal de Santa Maria, IA34",SBC15155A,Student Branch Chapter,Universidade Federal de Santa Maria,IA34,22,6,Yes,0,0,1,2,No,Yes,,Yes,Yes,Yes,Yes,No,Met,2/3,Not Met
"Universidade Federal de Santa Maria, PE31",SBC15155B,Student Branch Chapter,Universidade Federal de Santa Maria,PE31,7,6,Yes,0,0,2,2,No,No,,No,No,No,No,No,Not Met,1/3,Not Met
"Universidade Federal de Santa Maria, RA24",SBC15155C,Student Branch Chapter,Universidade Federal de Santa Maria,RA24,4,6,No,0,0,1,2,No,Yes,,No,Yes,Yes,Yes,No,Partial,0/3,Not Met
"Universidade Federal de Santa Maria,CAS04",SBC15155D,Student Branch Chapter,Universidade Federal de Santa Maria,CAS04,34,6,Yes,2,1,1,2,No,Yes,,Yes,Yes,Yes,Yes,Yes,Met,2/3,Not Met
"Universidade Federal de Santa Maria,IE13",SBC15155E,Student Branch Chapter,Universidade Federal de Santa Maria,IE13,17,6,Yes,0,0,0,2,No,Yes,,Yes,Yes,Yes,Yes,No,Met,2/3,Not Met
"Universidade Federal do ABC, AES10",SBC03741B,Student Branch Chapter,Universidade Federal do ABC,AES10,4,6,No,0,0,0,2,No,No,,No,No,No,No,No,Not Met,0/3,Not Met
"Universidade Federal do ABC, C16",SBC03741F,Student Branch Chapter,Universidade Federal do ABC,C16,2,6,No,0,0,0,2,No,Yes,,No,No,No,No,No,Partial,0/3,Not Met
"Universidade Federal do ABC, EMB18",SBC03741D,Student Branch Chapter,Universidade Federal do ABC,EMB18,4,6,No,0,0,0,2,No,No,,No,No,No,No,No,Not Met,0/3,Not Met
"Universidade Federal do ABC, PE31",SBC03741A,Student Branch Chapter,Universidade Federal do ABC,PE31,5,6,No,0,0,0,2,No,No,,No,No,No,No,No,Not Met,0/3,Not Met
"Universidade Federal do ABC, RA24",SBC03741E,Student Branch Chapter,Universidade Federal do ABC,RA24,0,6,No,0,0,0,2,No,No,,No,No,No,No,No,Not Met,0/3,Not Met
"Universidade Federal do ABC, TEM14",SBC03741,Student Branch Chapter,Universidade Federal do ABC,TEM14,0,6,No,0,0,0,2,No,No,,No,No,No,No,No,Not Met,0/3,Not Met
"Universidade Federal do ABC,EP21",SBC03741C,Student Branch Chapter,Universidade Federal do ABC,EP21,6,6,Yes,0,0,0,2,No,No,,Yes,No,Yes,No,No,Partial,1/3,Not Met
"Universidade Federal do Pampa,CAS04",SBC60095867,Student Branch Chapter,Universidade Federal do Pampa,CAS04,9,6,Yes,6,5,0,2,Yes,Yes,,Yes,Yes,Yes,Yes,No,Met,3/3,Met
"Universidade Federal do Para, COM19",SBC02271,Student Branch Chapter,Universidade Federal do Para,COM19,8,6,Yes,0,0,0,2,No,Yes,,No,No,Yes,Yes,No,Partial,1/3,Not Met
"Universidade Federal do Reconcavo da Bahia,IA34",SBC20150B,Student Branch Chapter,Universidade Federal do Reconcavo da Bahia,IA34,1,6,No,1,0,0,2,No,No,,No,No,No,No,No,Not Met,0/3,Not Met
"Universidade Federal do Reconcavo da Bahia,PE31",SBC20150,Student Branch Chapter,Universidade Federal do Reconcavo da Bahia,PE31,18,6,Yes,20,6,1,2,Yes,Yes,,Yes,Yes,Yes,Yes,Yes,Met,3/3,Met
"Universidade Federal do Reconcavo da Bahia,RA24",SBC20150A,Student Branch Chapter,Universidade Federal do Reconcavo da Bahia,RA24,8,6,Yes,6,1,0,2,No,Yes,,Yes,Yes,Yes,Yes,Yes,Met,2/3,Not Met
"Universidade Federal do Rio Grande do Norte,C16",SBC66301A,Student Branch Chapter,Universidade Federal do Rio Grande do Norte,C16,73,6,Yes,27,2,0,2,Yes,Yes,,Yes,Yes,Yes,Yes,Yes,Met,3/3,Met
"Universidade Federal do Rio Grande do Norte,EMB18",SBC66301D,Student Branch Chapter,Universidade Federal do Rio Grande do Norte,EMB18,31,6,Yes,1,0,7,2,No,Yes,,Yes,Yes,Yes,Yes,No,Met,2/3,Not Met
"Universidade Federal do Rio Grande do Norte,IE13",SBC66301E,Student Branch Chapter,Universidade Federal do Rio Grande do Norte,IE13,62,6,Yes,9,3,0,2,Yes,Yes,,Yes,Yes,Yes,Yes,Yes,Met,3/3,Met
"Universidade Federal do Rio Grande do Norte,PE31",SBC66301,Student Branch Chapter,Universidade Federal do Rio Grande do Norte,PE31,77,6,Yes,4,0,7,2,No,Yes,,Yes,Yes,Yes,Yes,Yes,Met,2/3,Not Met
"Universidade Federal do Rio Grande do Norte,RA24",SBC66301C,Student Branch Chapter,Universidade Federal do Rio Grande do Norte,RA24,15,6,Yes,16,4,8,2,Yes,Yes,,No,Yes,Yes,Yes,Yes,Partial,2/3,Not Met
"Universidade Federal do Rio de Janeiro,RA24",SBC03101A,Student Branch Chapter,Universidade Federal do Rio de Janeiro,RA24,0,6,No,0,0,0,2,No,No,,No,No,No,No,No,Not Met,0/3,Not Met
"Universidade Federal do Vale do Sao Francisco,ED15",SBC13801A,Student Branch Chapter,Universidade Federal do Vale do Sao Francisco,ED15,0,6,No,0,0,0,2,No,No,,No,No,No,No,No,Not Met,0/3,Not Met
"Universidade Federal do Vale do Sao Francisco,PE31",SBC13801B,Student Branch Chapter,Universidade Federal do Vale do Sao Francisco,PE31,0,6,No,0,0,0,2,No,No,,No,No,No,No,No,Not Met,0/3,Not Met
"Universidade Federal do Vale do Sao Francisco,RA24",SBC13801,Student Branch Chapter,Universidade Federal do Vale do Sao Francisco,RA24,0,6,No,0,0,0,2,No,No,,No,No,No,No,No,Not Met,0/3,Not Met
"Universidade Tecnologica Federal do Parana,IE13",SBC10175,Student Branch Chapter,Universidade Tecnologica Federal do Parana,IE13,24,6,Yes,1,0,0,2,No,Yes,,Yes,Yes,Yes,Yes,Yes,Met,2/3,Not Met
"Universidade Veiga de Almeida UVA,C16",SBC11750A,Student Branch Chapter,Universidade Veiga de Almeida UVA,C16,7,6,Yes,2,2,0,2,Yes,Yes,,Yes,Yes,Yes,Yes,Yes,Met,3/3,Met
"Universidade Veiga de Almeida UVA,PE31",SBC11750,Student Branch Chapter,Universidade Veiga de Almeida UVA,PE31,1,6,No,0,0,0,2,No,No,,No,No,No,No,No,Not Met,0/3,Not Met
"Universidade de Brasilia,AES10",SBC12381C,Student Branch Chapter,Universidade de Brasilia,AES10,5,6,No,0,0,0,2,No,Yes,,No,No,No,No,No,Partial,0/3,Not Met
"Universidade de Brasilia,C16",SBC12381E,Student Branch Chapter,Universidade de Brasilia,C16,35,6,Yes,2,2,5,2,Yes,Yes,,Yes,Yes,Yes,Yes,Yes,Met,3/3,Met
"Universidade de Brasilia,CAS04",SBC12381H,Student Branch Chapter,Universidade de Brasilia,CAS04,1,6,No,0,0,0,2,No,No,,No,No,No,No,No,Not Met,0/3,Not Met
"Universidade de Brasilia,CIS11",SBC12381K,Student Branch Chapter,Universidade de Brasilia,CIS11,15,6,Yes,0,0,3,2,No,Yes,,Yes,No,Yes,Yes,No,Met,2/3,Not Met
"Universidade de Brasilia,COM19",SBC12381,Student Branch Chapter,Universidade de Brasilia,COM19,15,6,Yes,5,3,0,2,Yes,Yes,,No,No,No,No,No,Partial,2/3,Not Met
"Universidade de Brasilia,CS23/IE13",SBC12381G,Student Branch Chapter,Universidade de Brasilia,CS23/IE13,10,6,Yes,4,0,0,2,No,Yes,,Yes,Yes,Yes,No,No,Met,2/3,Not Met
"Universidade de Brasilia,E25",SBC12381D,Student Branch Chapter,Universidade de Brasilia,E25,11,6,Yes,0,0,0,2,No,Yes,,No,No,No,No,No,Partial,1/3,Not Met
"Universidade de Brasilia,EMB18",SBC12381B,Student Branch Chapter,Universidade de Brasilia,EMB18,29,6,Yes,2,0,3,2,No,Yes,,Yes,Yes,Yes,No,No,Met,2/3,Not Met
"Universidade de Brasilia,MTT17",SBC12381L,Student Branch Chapter,Universidade de Brasilia,MTT17,14,6,Yes,4,3,0,2,Yes,Yes,,Yes,Yes,Yes,No,No,Met,3/3,Met
"Universidade de Brasilia,PE31",SBC12381F,Student Branch Chapter,Universidade de Brasilia,PE31,38,6,Yes,3,2,0,2,Yes,Yes,,Yes,Yes,Yes,Yes,Yes,Met,3/3,Met
"Universidade de Brasilia,RA24",SBC12381A,Student Branch Chapter,Universidade de Brasilia,RA24,9,6,Yes,0,0,4,2,No,Yes,,Yes,Yes,Yes,Yes,Yes,Met,2/3,Not Met
"Universidade de Brasilia,SIT30",SBC12381I,Student Branch Chapter,Universidade de Brasilia,SIT30,3,6,No,0,0,0,2,No,Yes,,No,No,No,No,No,Partial,0/3,Not Met
"Universidade de Brasilia,SP01",SBC12381M,Student Branch Chapter,Universidade de Brasilia,SP01,5,6,No,3,3,0,2,Yes,Yes,,No,No,Yes,No,Yes,Partial,1/3,Not Met
"Universidade de Brasilia,VT06",SBC12381J,Student Branch Chapter,Universidade de Brasilia,VT06,9,6,Yes,0,0,1,2,No,Yes,,No,Yes,No,No,No,Partial,1/3,Not Met
"Universidade de Sao Paulo,PHO36",SBC10521,Student Branch Chapter,Universidade de Sao Paulo,PHO36,4,6,No,0,0,0,2,No,Yes,,Yes,No,No,No,No,Met,1/3,Not Met
"Universidade do Estado do Rio de Janeiro,C16",SBC63211C,Student Branch Chapter,Universidade do Estado do Rio de Janeiro,C16,4,6,No,4,1,0,2,No,Yes,,No,No,No,No,No,Partial,0/3,Not Met
"Universidade do Estado do Rio de Janeiro,PE31/IA34",SBC63211A,Student Branch Chapter,Universidade do Estado do Rio de Janeiro,PE31/IA34,3,6,No,15,5,0,2,Yes,Yes,,No,No,Yes,Yes,No,Partial,1/3,Not Met
"Universidade do Estado do Rio de Janeiro,RA24",SBC63211,Student Branch Chapter,Universidade do Estado do Rio de Janeiro,RA24,1,6,No,1,1,0,2,No,No,,No,No,No,No,No,Not Met,0/3,Not Met
"University of Concepcion,C16",SBC04831,Student Branch Chapter,University of Concepcion,C16,11,6,Yes,0,0,0,2,No,No,,No,No,No,No,No,Not Met,1/3,Not Met
"University of Concepcion,COM19",SBC04831D,Student Branch Chapter,University of Concepcion,COM19,17,6,Yes,0,0,0,2,No,Yes,,Yes,Yes,Yes,Yes,Yes,Met,2/3,Not Met
"University of Concepcion,CS23",SBC04831E,Student Branch Chapter,University of Concepcion,CS23,13,6,Yes,1,1,0,2,No,Yes,,Yes,No,No,No,No,Met,2/3,Not Met
"University of Concepcion,EMB18",SBC04831A,Student Branch Chapter,University of Concepcion,EMB18,28,6,Yes,2,2,0,2,Yes,Yes,,Yes,Yes,Yes,Yes,Yes,Met,3/3,Met
"University of Concepcion,PE31",SBC04831C,Student Branch Chapter,University of Concepcion,PE31,30,6,Yes,2,2,0,2,Yes,Yes,,Yes,Yes,Yes,Yes,Yes,Met,3/3,Met
"University of Concepcion,RA24",SBC04831B,Student Branch Chapter,University of Concepcion,RA24,12,6,Yes,27,21,1,2,Yes,Yes,,Yes,Yes,Yes,Yes,Yes,Met,3/3,Met
"University of Magallanes,C16",SBC20621,Student Branch Chapter,University of Magallanes,C16,0,6,No,0,0,0,2,No,No,,No,No,No,No,No,Not Met,0/3,Not Met
"University of Magallanes,CAS04",SBC2062B,Student Branch Chapter,University of Magallanes,CAS04,0,6,No,0,0,0,2,No,No,,No,No,No,No,No,Not Met,0/3,Not Met
"University of Magallanes,PE31",SBC2062A,Student Branch Chapter,University of Magallanes,PE31,0,6,No,0,0,0,2,No,No,,No,No,No,No,No,Not Met,0/3,Not Met
"University of Palermo,CIS11",SBC08261A,Student Branch Chapter,University of Palermo,CIS11,0,6,No,0,0,0,2,No,No,,No,No,No,No,No,Not Met,0/3,Not Met
"University of Pamplona,CIS11",SBC41556639,Student Branch Chapter,University of Pamplona,CIS11,12,6,Yes,0,0,0,2,No,Yes,,Yes,Yes,No,No,Yes,Met,2/3,Not Met
"University of Pamplona,PE31",SBC41556639A,Student Branch Chapter,University of Pamplona,PE31,6,6,Yes,0,0,0,2,No,Yes,,Yes,Yes,Yes,Yes,Yes,Met,2/3,Not Met
"University of Saint Francis Xavier,AP03",SBC03108,Student Branch Chapter,University of Saint Francis Xavier,AP03,12,6,Yes,0,0,0,2,No,Yes,,Yes,No,No,No,No,Met,2/3,Not Met
"West Indies Univ Of The-St Augustine,ED15",SBC28151,Student Branch Chapter,West Indies Univ Of The-St Augustine,ED15,18,6,Yes,8,1,2,2,No,Yes,,Yes,Yes,Yes,Yes,No,Met,2/3,Not Met
"Yachay Tech University,C16",SBC11735A,Student Branch Chapter,Yachay Tech University,C16,16,6,Yes,15,14,1,2,Yes,Yes,,Yes,Yes,Yes,Yes,Yes,Met,3/3,Met
"Yachay Tech University,CAS04",SBC11735B,Student Branch Chapter,Yachay Tech University,CAS04,28,6,Yes,0,0,0,2,No,Yes,,Yes,Yes,Yes,Yes,Yes,Met,2/3,Not Met
"Yachay Tech University,CIS11",SBC11735G,Student Branch Chapter,Yachay Tech University,CIS11,10,6,Yes,6,3,1,2,Yes,Yes,,Yes,Yes,Yes,Yes,Yes,Met,3/3,Met
"Yachay Tech University,EMB18",SBC11735,Student Branch Chapter,Yachay Tech University,EMB18,33,6,Yes,12,3,1,2,Yes,Yes,,Yes,Yes,Yes,Yes,Yes,Met,3/3,Met
"Yachay Tech University,EP21",SBC11735C,Student Branch Chapter,Yachay Tech University,EP21,21,6,Yes,4,3,0,2,Yes,Yes,,Yes,Yes,Yes,Yes,Yes,Met,3/3,Met
"Yachay Tech University,GRS29",SBC11735D,Student Branch Chapter,Yachay Tech University,GRS29,14,6,Yes,2,1,0,2,No,Yes,,Yes,Yes,Yes,Yes,Yes,Met,2/3,Not Met
"Yachay Tech University,NANO42",SBC11735F,Student Branch Chapter,Yachay Tech University,NANO42,37,6,Yes,5,1,0,2,No,Yes,,Yes,Yes,Yes,Yes,Yes,Met,2/3,Not Met
"Yachay Tech University,RA24",SBC11735E,Student Branch Chapter,Yachay Tech University,RA24,6,6,Yes,4,2,1,2,Yes,Yes,,Yes,Yes,Yes,Yes,Yes,Met,3/3,Met
